name,bestNVehicles,bestCost,algBestCost,algNVehicles,gap,time,iter,history
instance_10,10,14.02086,14.02086,10,0.0,31.648513555526733,602,"[14.069957703639947, 14.069957703639947, 14.069957703639947, 14.069957703639947, 14.069957703639947, 14.069957703639947]"
instance_47,9,13.49384,13.52944,9,0.0026382408565685336,35.467185735702515,1000,"[14.26390084197497, 14.258537170795003, 14.219264264537234, 14.219264264537232, 13.884198450808983, 13.531305746090162, 13.529444872768519, 13.529444872768519, 13.529444872768517, 13.529444872768517]"
instance_25,10,14.64106,14.86634,10,0.015386864065853136,36.590853691101074,1000,"[15.893996872027055, 15.874048351713844, 15.707046819714211, 15.057008064191374, 15.057008064191374, 14.959387656400745, 14.959387656400745, 14.959387656400745, 14.886064852244221, 14.866344514606148]"
instance_13,8,10.83843,10.95354,9,0.010620541905054477,37.33236908912659,1000,"[11.851564390490939, 11.37778558508511, 11.37778558508511, 11.37778558508511, 11.37778558508511, 11.37778558508511, 11.310030914014964, 10.953544945072835, 10.953544945072835, 10.953544945072833]"
instance_24,10,15.78968,16.38019,10,0.03739847799322078,39.18385291099548,1000,"[17.150524452527474, 16.584543433825374, 16.548436043025713, 16.548436043025713, 16.548436043025713, 16.548436043025713, 16.380186130119966, 16.380186130119966, 16.380186130119966, 16.380186130119966]"
instance_41,11,19.1914,20.18733,12,0.05189459862229945,39.5219829082489,1000,"[20.42266061683532, 20.308416408183174, 20.293561128935295, 20.293561128935295, 20.29356112893529, 20.29356112893529, 20.187334778530683, 20.18733477853068, 20.18733477853068, 20.18733477853068]"
instance_1,9,13.87083,14.13763,9,0.019234609608797738,41.77351427078247,1000,"[15.108722433822226, 14.817664254680333, 14.817664254680333, 14.773659725973863, 14.378538655065153, 14.310441165615444, 14.25687406571027, 14.137632994360015, 14.137632994360015, 14.137632994360015]"
instance_2,10,13.85897,14.33542,10,0.03437845669627684,44.92740988731384,1000,"[15.403524142817641, 15.026701952813166, 14.348266343531368, 14.348266343531368, 14.348266343531368, 14.348266343531368, 14.348266343531368, 14.348266343531368, 14.348266343531368, 14.335420736774383]"
instance_4,12,19.83124,20.2444,12,0.020833795566994183,45.930638790130615,1000,"[20.830657988574014, 20.571204016247368, 20.278596867710387, 20.278596867710387, 20.278596867710387, 20.278596867710387, 20.278596867710387, 20.278596867710387, 20.244396978200506, 20.244396978200506]"
instance_42,10,14.52086,15.34609,10,0.05683065603552403,48.055816411972046,1000,"[16.069636979074968, 15.346086622765721, 15.346086622765721, 15.346086622765721, 15.346086622765721, 15.346086622765721, 15.346086622765721, 15.346086622765721, 15.346086622765721, 15.346086622765721]"
instance_7,11,19.98492,20.11553,11,0.006535427712495261,48.572489500045776,1000,"[20.571428246202437, 20.115529939393955, 20.115529939393955, 20.115529939393955, 20.115529939393955, 20.115529939393955, 20.115529939393955, 20.115529939393955, 20.115529939393955, 20.115529939393955]"
instance_23,10,15.41076,16.11111,10,0.04544551988350998,49.166728496551514,1000,"[17.62295013241158, 16.6737009427223, 16.65424832402365, 16.156184025691687, 16.120211684415057, 16.111105718838655, 16.111105718838655, 16.111105718838655, 16.111105718838655, 16.111105718838655]"
instance_15,10,17.39714,18.06846,11,0.03858795181276931,49.52007055282593,1000,"[19.308403838216186, 18.291482385383926, 18.291482385383926, 18.291482385383926, 18.161053014446644, 18.13470114797173, 18.06846428477381, 18.06846428477381, 18.06846428477381, 18.06846428477381]"
instance_26,11,18.96056,19.4268,11,0.02458999101292362,49.654040813446045,1000,"[20.949196310661236, 20.195308887344105, 20.036774877866495, 20.036774877866495, 20.036774877866495, 20.036774877866495, 19.426802606986772, 19.426802606986772, 19.426802606986772, 19.426802606986772]"
instance_11,9,11.69137,11.76349,9,0.006168652604442419,49.7813446521759,1000,"[12.697888752152188, 11.783503434128644, 11.783503434128644, 11.764676845607802, 11.763491845084719, 11.763491845084717, 11.763491845084715, 11.763491845084715, 11.763491845084715, 11.763491845084715]"
instance_6,9,11.81285,12.3721,10,0.04734251260280123,49.96661353111267,1000,"[13.20584986438504, 12.485944922165432, 12.485944922165432, 12.485944922165432, 12.485944922165432, 12.44970254177988, 12.372096637379563, 12.372096637379563, 12.372096637379563, 12.372096637379563]"
instance_9,11,19.28038,19.66606,11,0.020003755112710467,50.16358137130737,1000,"[22.162815766977225, 20.92248928831965, 20.389231424347916, 19.675357903434527, 19.675357903434527, 19.66605811217215, 19.66605811217215, 19.666058112172145, 19.666058112172145, 19.666058112172145]"
instance_40,10,16.20394,16.79068,11,0.03620971195894326,50.162779808044434,1000,"[17.181947242435864, 17.149636200980645, 17.14963620098064, 16.986073298001372, 16.797613427716808, 16.79068082967793, 16.79068082967793, 16.79068082967793, 16.79068082967793, 16.79068082967793]"
instance_35,10,15.21221,15.55443,11,0.022496402560837597,50.191746950149536,1000,"[15.79759922527677, 15.724096507634846, 15.554430901782872, 15.554430901782872, 15.554430901782872, 15.554430901782872, 15.554430901782872, 15.554430901782872, 15.554430901782872, 15.554430901782872]"
instance_3,9,13.17629,13.61613,10,0.033381171786595484,50.271063804626465,1000,"[14.243238128109608, 13.616134057328427, 13.616134057328427, 13.616134057328427, 13.616134057328427, 13.616134057328427, 13.616134057328427, 13.616134057328427, 13.616134057328427, 13.616134057328427]"
instance_8,9,10.60986,10.66003,9,0.004728620358798456,50.568997859954834,1000,"[11.96247898316502, 11.071169832313323, 10.719077355691395, 10.660032385456226, 10.660032385456226, 10.660032385456226, 10.660032385456226, 10.660032385456226, 10.660032385456226, 10.660032385456226]"
instance_16,9,13.54043,13.99442,9,0.03352847730832767,50.72140336036682,1000,"[15.007571155127543, 14.258275039038196, 14.258275039038196, 14.258275039038196, 13.99546145860935, 13.994415084954014, 13.994415084954014, 13.994415084954014, 13.994415084954014, 13.994415084954014]"
instance_29,10,16.11435,16.8921,11,0.04826443511528528,50.71642017364502,1000,"[17.102228264843006, 16.912012500988535, 16.906765003813838, 16.906765003813838, 16.892096966657473, 16.892096966657473, 16.892096966657473, 16.892096966657473, 16.892096966657473, 16.892096966657473]"
instance_21,10,15.14194,15.26668,11,0.008238046115623175,50.79581308364868,1000,"[15.887612895868452, 15.404856915032966, 15.358230498195041, 15.314338351545453, 15.314338351545453, 15.266682297052935, 15.266682297052935, 15.266682297052935, 15.266682297052935, 15.266682297052935]"
instance_32,11,14.90966,15.48812,11,0.03879766540618631,50.888301610946655,1000,"[16.42623475449147, 16.327455699763718, 15.930725337284835, 15.879741389619195, 15.50802582694633, 15.50802582694633, 15.488123712155849, 15.488123712155849, 15.488123712155847, 15.488123712155847]"
instance_44,9,13.97738,14.43369,10,0.032646318551831616,50.947680950164795,1000,"[15.153283658479264, 14.433692825017735, 14.433692825017735, 14.433692825017733, 14.433692825017733, 14.433692825017733, 14.433692825017733, 14.433692825017733, 14.433692825017733, 14.433692825017733]"
instance_18,9,15.78119,16.0735,10,0.01852268428426492,50.98799443244934,1000,"[16.48843343945786, 16.417476421517605, 16.417476421517605, 16.362177731972576, 16.362177731972576, 16.25278664862197, 16.073504148757614, 16.073504148757614, 16.073504148757614, 16.073504148757614]"
instance_30,10,17.41376,17.78687,10,0.02142615954279837,51.01240801811218,1000,"[18.026460604808904, 17.795610314478033, 17.786867652296735, 17.786867652296735, 17.786867652296735, 17.786867652296735, 17.786867652296735, 17.786867652296735, 17.786867652296735, 17.786867652296735]"
instance_19,10,14.67818,14.84456,10,0.01133519278275646,51.36228108406067,1000,"[16.229267655485728, 15.997039568080572, 15.997039568080572, 15.329818014010655, 15.04444045329572, 15.044440453295719, 15.038293316195467, 14.844562780157151, 14.844562780157151, 14.84456278015715]"
instance_0,9,12.97768,13.11524,9,0.01059973739528179,51.4307496547699,1000,"[13.647608814200645, 13.292464413158886, 13.115239327724483, 13.115239327724483, 13.115239327724483, 13.115239327724483, 13.115239327724483, 13.115239327724483, 13.115239327724483, 13.115239327724483]"
instance_14,9,12.79713,13.00446,10,0.01620128888274173,51.60990309715271,1000,"[13.346332684268514, 13.074449736353515, 13.004460355110956, 13.004460355110954, 13.004460355110954, 13.004460355110954, 13.004460355110954, 13.004460355110954, 13.004460355110954, 13.004460355110954]"
instance_46,10,15.98919,16.16757,10,0.011156287466719742,51.86861228942871,1000,"[16.639497677173292, 16.545272793406003, 16.253478685343396, 16.221718447713936, 16.16757163909007, 16.16757163909007, 16.16757163909007, 16.16757163909007, 16.16757163909007, 16.16757163909007]"
instance_12,9,11.35384,11.58454,10,0.020319116704128344,51.90993809700012,1000,"[12.022327271825876, 11.71775069756629, 11.71775069756629, 11.66479493986838, 11.660210244790992, 11.660210244790989, 11.660210244790987, 11.660210244790987, 11.660210244790987, 11.584535470411781]"
instance_39,10,15.59636,16.466,11,0.05575916431782803,51.88916277885437,1000,"[17.0380238579759, 16.46696489010348, 16.465997310007154, 16.46599731000715, 16.46599731000715, 16.46599731000715, 16.46599731000715, 16.46599731000715, 16.46599731000715, 16.46599731000715]"
instance_22,9,13.0112,13.14888,9,0.010581652729955697,52.06187963485718,1000,"[13.533602587509197, 13.148880772752381, 13.148880772752381, 13.148880772752381, 13.14888077275238, 13.14888077275238, 13.14888077275238, 13.14888077275238, 13.14888077275238, 13.14888077275238]"
instance_31,8,10.55501,10.80168,9,0.023369944699247084,52.37450051307678,1000,"[10.909295498211943, 10.909295498211943, 10.909295498211941, 10.90929549821194, 10.90929549821194, 10.90929549821194, 10.801682287483228, 10.801682287483228, 10.801682287483228, 10.801682287483228]"
instance_38,10,12.09475,12.26802,9,0.014326050559126934,52.61860752105713,1000,"[13.205080439737571, 13.064033822522099, 13.040736030787812, 12.26802145458295, 12.26802145458295, 12.26802145458295, 12.26802145458295, 12.26802145458295, 12.268021454582946, 12.268021454582946]"
instance_43,9,12.33874,12.65632,9,0.025738446551268567,52.64831829071045,1000,"[13.769262486711657, 12.695307428955939, 12.664956944600862, 12.664956944600862, 12.664956944600862, 12.664956944600862, 12.656315806398954, 12.656315806398954, 12.656315806398954, 12.656315806398954]"
instance_48,9,10.5795,10.88197,8,0.02859019802448144,52.847166538238525,1000,"[11.076599505717828, 11.076599505717827, 11.025315098930761, 11.02531509893076, 11.02531509893076, 10.977075382999722, 10.977075382999722, 10.977075382999722, 10.881970507317243, 10.881970507317243]"
instance_28,10,13.64997,13.99207,11,0.025062326144306566,52.90019249916077,1000,"[14.195623866766512, 14.19562386676651, 14.19562386676651, 14.19562386676651, 14.19562386676651, 14.195623866766509, 14.004742744425458, 13.993849911572335, 13.992068021268858, 13.992068021268858]"
instance_17,10,15.82008,16.34207,11,0.03299540836708783,53.02044868469238,1000,"[17.387791849172633, 16.69957262887741, 16.69957262887741, 16.69957262887741, 16.4744362481218, 16.342067981000707, 16.342067981000707, 16.342067981000707, 16.342067981000703, 16.342067981000703]"
instance_5,10,13.74613,14.20589,10,0.03344650457983442,53.0244460105896,1000,"[15.088953660246236, 14.9966961775757, 14.749302361992571, 14.749302361992571, 14.205893102212354, 14.205893102212354, 14.205893102212354, 14.205893102212354, 14.205893102212354, 14.205893102212354]"
instance_33,8,11.31095,11.62865,9,0.028087826398313167,53.54163670539856,1000,"[11.64207180245127, 11.639780056003989, 11.639780056003987, 11.639780056003987, 11.639780056003987, 11.639780056003987, 11.639780056003987, 11.628652170898025, 11.628652170898025, 11.628652170898025]"
instance_20,10,16.54424,17.58047,11,0.06263388345430192,53.66188383102417,1000,"[18.530778584448235, 18.267455325106997, 17.669358777055717, 17.59801780925015, 17.580474233404168, 17.580474233404168, 17.580474233404168, 17.580474233404168, 17.580474233404168, 17.580474233404168]"
instance_27,9,11.65378,11.91912,9,0.02276857809225849,53.893975257873535,1000,"[12.132292313693336, 11.988086244429102, 11.919121312423188, 11.919121312423188, 11.919121312423188, 11.919121312423188, 11.919121312423188, 11.919121312423188, 11.919121312423188, 11.919121312423187]"
instance_36,9,12.90923,13.29705,10,0.030042070673463837,54.238261222839355,1000,"[13.89177421977763, 13.29704802043138, 13.29704802043138, 13.29704802043138, 13.29704802043138, 13.29704802043138, 13.29704802043138, 13.29704802043138, 13.29704802043138, 13.29704802043138]"
instance_45,9,11.52795,11.56843,9,0.0035114656118389424,54.65801525115967,1000,"[11.911126848899475, 11.903982554957793, 11.582673804556027, 11.582673804556027, 11.582673804556027, 11.568432868804374, 11.568432868804374, 11.568432868804374, 11.568432868804374, 11.568432868804374]"
instance_37,8,10.41296,11.1294,9,0.06880272276086727,54.78191614151001,1000,"[11.301845596928032, 11.220836583321272, 11.129400036043359, 11.129400036043359, 11.129400036043359, 11.129400036043359, 11.129400036043359, 11.129400036043359, 11.129400036043359, 11.129400036043359]"
instance_34,9,11.65874,11.87901,10,0.018893122241339915,54.79772758483887,1000,"[12.418202953553507, 12.418202953553507, 12.128399297184176, 11.897086586653852, 11.897086586653852, 11.879009275685686, 11.879009275685686, 11.879009275685686, 11.879009275685684, 11.879009275685684]"
instance_49,9,11.63856,11.81825,10,0.01543919522690099,54.84017062187195,1000,"[11.919324173498747, 11.912756689638513, 11.912756689638513, 11.912756689638513, 11.912756689638513, 11.912756689638513, 11.834227607840646, 11.81825056598849, 11.81825056598849, 11.81825056598849]"
instance_51,8,11.3894,11.80462,9,0.036456705357613195,39.78176474571228,1000,"[12.112499660746757, 11.96198741493815, 11.96198741493815, 11.883506506283545, 11.844714266048015, 11.804624008528403, 11.804624008528403, 11.804624008528403, 11.804624008528402, 11.804624008528402]"
instance_52,10,16.79583,17.15412,10,0.021332080641444946,43.29063820838928,1000,"[18.485032498034265, 17.46370323406923, 17.313265980690407, 17.239937004956904, 17.154116526222197, 17.154116526222197, 17.154116526222197, 17.154116526222197, 17.154116526222193, 17.154116526222193]"
instance_53,10,14.77536,15.37023,10,0.04026094795659803,44.89087986946106,1000,"[16.168111606266127, 16.097477430639916, 15.896101679627856, 15.751008469234582, 15.751008469234582, 15.66099487653751, 15.450653687657088, 15.450653687657088, 15.450653687657088, 15.370231537690266]"
instance_54,9,9.91682,10.1395,9,0.022454778850478325,43.9582200050354,1000,"[10.792492629152447, 10.598793723008106, 10.598793723008104, 10.470022546980704, 10.470022546980704, 10.377363438293152, 10.160472499891654, 10.149331394352906, 10.149331394352906, 10.13950413040893]"
instance_50,10,16.9031,17.42354,11,0.030789618472351267,51.56965661048889,1000,"[18.467874416845202, 17.467865158771545, 17.46786515877154, 17.46786515877154, 17.46786515877154, 17.46786515877154, 17.46786515877154, 17.423536538531202, 17.423536538531202, 17.423536538531202]"
instance_55,11,18.73178,19.54429,11,0.043376016587852284,47.55471920967102,1000,"[20.923000133470396, 20.056935022898347, 19.58532146405311, 19.58532146405311, 19.58532146405311, 19.58532146405311, 19.544290281353792, 19.544290281353792, 19.544290281353792, 19.54429028135379]"
instance_58,9,14.81952,14.90162,10,0.005539990499017426,42.43372917175293,1000,"[15.77692560393918, 15.261628690945303, 15.150687510439406, 15.142396457895503, 15.01828897519876, 14.995249329919108, 14.957758194919755, 14.901621347876894, 14.901621347876894, 14.901621347876894]"
instance_87,12,22.94986,23.33209,13,0.016655003559934562,36.46669912338257,1000,"[25.19938261121289, 24.820102446717062, 24.268987167457297, 24.18853618955488, 24.18853618955488, 24.04487364237394, 23.726682095051046, 23.361067294813008, 23.332090121789747, 23.332090121789747]"
instance_99,9,14.23369,14.29622,9,0.004393098346247575,35.74375796318054,1000,"[15.224712231933376, 14.347724641278361, 14.347724641278361, 14.296224156152654, 14.296224156152654, 14.296224156152654, 14.296224156152654, 14.296224156152654, 14.296224156152654, 14.296224156152654]"
instance_56,10,16.5407,16.67173,10,0.007921671996952916,50.95334339141846,1000,"[17.506181504606893, 17.42997918478556, 17.42997918478556, 17.297689422418497, 17.297689422418497, 17.297689422418497, 16.671731686239568, 16.671731686239568, 16.671731686239568, 16.671731686239568]"
instance_89,10,14.96718,15.18752,10,0.014721544071762243,40.73642063140869,1000,"[16.040881612989867, 15.309419212399305, 15.309419212399305, 15.309419212399305, 15.187523861763673, 15.187523861763673, 15.187523861763673, 15.187523861763673, 15.187523861763673, 15.187523861763673]"
instance_57,11,17.65336,17.99718,11,0.019476179039004525,50.191730260849,1000,"[19.31063019083627, 18.472276287141, 18.370977584797632, 18.370977584797632, 18.323293614816777, 18.323293614816777, 18.046990039104642, 18.046990039104642, 17.99717629253674, 17.997176292536732]"
instance_75,10,16.85436,18.29549,11,0.08550487826295398,44.939719915390015,1000,"[18.61316222304123, 18.348033988049572, 18.348033988049572, 18.348033988049572, 18.348033988049572, 18.348033988049572, 18.297011080991282, 18.297011080991282, 18.295491323880817, 18.295491323880817]"
instance_74,9,10.35285,10.60861,9,0.024704308475444,45.575453996658325,1000,"[11.306384835219188, 10.78099291750177, 10.713227765331638, 10.659339959424647, 10.659339959424647, 10.608608556174122, 10.608608556174122, 10.608608556174122, 10.608608556174122, 10.608608556174122]"
instance_65,12,19.23697,19.28578,12,0.0025373018723842465,48.05396294593811,1000,"[20.562240485210307, 20.07245332029338, 19.77559244711067, 19.759956510998784, 19.759956510998784, 19.638422862285175, 19.63842286228517, 19.63842286228517, 19.285781132071858, 19.285781132071858]"
instance_94,10,15.40639,15.69584,10,0.01878765888699432,44.770031690597534,1000,"[16.21504446513758, 15.842415056594218, 15.842415056594218, 15.837881407044298, 15.825235166173334, 15.747710749124655, 15.747710749124655, 15.704919227220998, 15.69583506045536, 15.69583506045536]"
instance_59,10,16.52662,17.00022,10,0.028656797336660343,51.01685857772827,1000,"[17.920081249133286, 17.14512915990139, 17.06863289510422, 17.00021722752725, 17.00021722752725, 17.00021722752725, 17.00021722752725, 17.00021722752725, 17.00021722752725, 17.00021722752725]"
instance_63,10,15.17898,15.26069,10,0.005383102158379618,49.82459998130798,1000,"[15.698257600137278, 15.260686831915693, 15.260686831915692, 15.260686831915692, 15.260686831915692, 15.260686831915692, 15.260686831915692, 15.260686831915692, 15.260686831915692, 15.260686831915692]"
instance_77,10,12.18912,12.35623,10,0.013709767399123086,48.714407205581665,1000,"[12.727613676840583, 12.356229696364, 12.356229696364, 12.356229696363998, 12.356229696363998, 12.356229696363998, 12.356229696363998, 12.356229696363998, 12.356229696363998, 12.356229696363998]"
instance_66,8,11.58903,11.92777,9,0.029229366047029078,49.60080528259277,1000,"[12.216218459070006, 12.168384322301332, 11.927765641933892, 11.92776564193389, 11.92776564193389, 11.92776564193389, 11.92776564193389, 11.92776564193389, 11.92776564193389, 11.92776564193389]"
instance_64,11,17.5237,17.71358,11,0.0108356112008308,50.15440058708191,1000,"[18.208209933284753, 18.143699729945077, 17.849969943409846, 17.75904912185069, 17.759049121850687, 17.759049121850687, 17.713584813760882, 17.713584813760882, 17.713584813760882, 17.713584813760882]"
instance_81,9,12.65953,12.90155,10,0.019117613371112525,48.301103353500366,1000,"[13.278796308134808, 12.952545685253245, 12.952545685253245, 12.92227674911048, 12.92227674911048, 12.92227674911048, 12.92227674911048, 12.92227674911048, 12.901553575099244, 12.901553575099244]"
instance_68,11,20.13917,21.29146,12,0.05721635995922378,50.34964632987976,1000,"[21.797900499292194, 21.29293036826191, 21.2929303682619, 21.2929303682619, 21.2929303682619, 21.291461832111423, 21.291461832111423, 21.291461832111423, 21.291461832111423, 21.291461832111423]"
instance_61,11,15.5093,15.63935,10,0.008385291405801723,51.4135308265686,1000,"[17.082008191809607, 16.679694011571375, 15.73156738423577, 15.73156738423577, 15.65399635754748, 15.63935359839708, 15.63935359839708, 15.63935359839708, 15.63935359839708, 15.63935359839708]"
instance_60,10,13.38037,13.56997,10,0.014170011741080436,52.494531869888306,1000,"[14.472063932447332, 14.272125366340468, 14.272125366340468, 14.035732694013939, 14.035732694013939, 13.884070369857724, 13.834123923202922, 13.56997446440684, 13.56997446440684, 13.56997446440684]"
instance_72,10,13.54972,13.64482,10,0.007018595218203669,50.39865589141846,1000,"[15.180024593657482, 14.577732385467156, 13.72978818266652, 13.644820563616177, 13.644820563616177, 13.644820563616177, 13.644820563616177, 13.644820563616177, 13.644820563616177, 13.644820563616177]"
instance_85,8,10.08938,10.22627,9,0.01356773161482661,49.0880446434021,1000,"[10.62026905914157, 10.332657282707448, 10.328730801834457, 10.249100573519629, 10.249050949445378, 10.239298072430264, 10.226268433034784, 10.226268433034784, 10.226268433034784, 10.226268433034784]"
instance_76,11,19.74764,19.91421,11,0.00843493197161788,51.06430411338806,1000,"[20.10623924045843, 20.1024533828674, 20.1024533828674, 20.1024533828674, 20.00946669323025, 20.00946669323025, 20.00946669323025, 20.00946669323025, 19.91421344493657, 19.914213444936564]"
instance_70,8,11.70101,12.20433,10,0.043015090150337484,51.82839035987854,1000,"[12.40372486531255, 12.207047692015365, 12.207047692015365, 12.207047692015365, 12.207047692015365, 12.204327146498237, 12.204327146498237, 12.204327146498237, 12.204327146498237, 12.204327146498237]"
instance_78,10,14.17134,14.23172,10,0.004260712113321573,51.30292844772339,1000,"[14.802911438061233, 14.802911438061232, 14.80291143806123, 14.80291143806123, 14.802911438061228, 14.729818064874298, 14.363121105219255, 14.264384017349897, 14.23172072454071, 14.231720724540708]"
instance_73,9,12.28518,13.04213,9,0.06161488883353763,51.929909229278564,1000,"[13.160826515388978, 13.130441609832138, 13.042129868585715, 13.042129868585715, 13.042129868585715, 13.042129868585715, 13.042129868585715, 13.042129868585715, 13.042129868585715, 13.042129868585715]"
instance_71,8,11.65388,11.93085,9,0.02376633361592881,52.11300802230835,1000,"[12.463769860155855, 12.03842708624394, 12.00690012137874, 12.00690012137874, 12.006900121378738, 12.006900121378738, 12.006900121378738, 12.006900121378738, 11.962244644354666, 11.930851489942931]"
instance_62,11,18.65394,18.91547,11,0.014020094414370396,53.44016170501709,1000,"[19.1466156733542, 19.10522106306076, 19.044177368810928, 19.044177368810928, 19.0175125957681, 19.0175125957681, 18.915467298970253, 18.915467298970253, 18.915467298970253, 18.915467298970253]"
instance_93,10,15.39845,15.6816,10,0.01838821439820236,49.756932497024536,1000,"[16.26967369517644, 16.269556822070232, 16.26624290467376, 16.26624290467376, 16.251565624772958, 15.758616551222264, 15.758616551222264, 15.68172028353138, 15.681603410425176, 15.681603410425176]"
instance_79,11,19.61187,19.99523,11,0.01954734556164199,52.10540962219238,1000,"[21.250767428211557, 20.574215541584817, 20.574215541584813, 20.574215541584813, 20.574215541584813, 20.574215541584813, 20.574215541584813, 20.574215541584813, 20.574215541584813, 19.995227985634532]"
instance_69,12,21.18672,21.56225,12,0.01772478231646983,53.355289459228516,1000,"[22.527866586285047, 22.21574427355778, 22.197906439393673, 22.119389060034887, 22.114548988220307, 22.114548988220307, 21.562248206406903, 21.562248206406903, 21.562248206406903, 21.562248206406903]"
instance_84,9,12.27808,12.51105,9,0.01897446506294143,51.562538623809814,1000,"[12.854190115567569, 12.55330827564107, 12.55330827564107, 12.534338188675628, 12.534338188675628, 12.534338188675628, 12.534338188675628, 12.534338188675628, 12.511049400961516, 12.511049400961516]"
instance_82,10,16.21008,16.98027,11,0.04751302893014713,51.82578086853027,1000,"[17.781612435594703, 17.18301187897049, 16.980267901432715, 16.980267901432715, 16.980267901432715, 16.980267901432715, 16.980267901432715, 16.980267901432715, 16.980267901432715, 16.980267901432715]"
instance_86,9,13.57309,14.28463,10,0.052422845497966886,51.46944856643677,1000,"[14.43414464097285, 14.43414464097285, 14.43414464097285, 14.43414464097285, 14.42389615986146, 14.423896159861458, 14.423896159861458, 14.423896159861458, 14.423896159861458, 14.28463477935826]"
instance_90,11,18.38011,19.40372,12,0.05569117921492317,51.29487109184265,1000,"[19.49114378775498, 19.403724730956966, 19.403724730956966, 19.403724730956966, 19.403724730956963, 19.403724730956963, 19.40372473095696, 19.40372473095696, 19.40372473095696, 19.40372473095696]"
instance_98,11,16.70805,16.93608,11,0.013647912233923193,49.945454120635986,1000,"[17.893947407832552, 17.686108543198245, 17.686108543198245, 17.660448755359162, 17.56814199700962, 16.968880235174577, 16.968880235174577, 16.968880235174577, 16.93608246404244, 16.93608246404244]"
instance_97,10,12.3109,12.65235,9,0.027735583913442562,50.43749642372131,1000,"[13.378167317367646, 12.871579932216758, 12.656275939491222, 12.656275939491222, 12.656275939491222, 12.656275939491222, 12.652349751198392, 12.652349751198392, 12.652349751198392, 12.652349751198392]"
instance_80,9,11.53434,11.68874,9,0.013386114853558936,53.7270405292511,1000,"[13.043862705829001, 11.758794128987208, 11.758794128987207, 11.755792722300995, 11.755792722300995, 11.692478901861652, 11.692478901861652, 11.692478901861652, 11.688744042508262, 11.688744042508262]"
instance_83,9,12.18328,12.31807,9,0.01106352312349389,53.659881591796875,1000,"[12.869951933454836, 12.31806836249385, 12.31806836249385, 12.31806836249385, 12.31806836249385, 12.31806836249385, 12.31806836249385, 12.31806836249385, 12.31806836249385, 12.31806836249385]"
instance_95,9,13.22542,13.37967,9,0.011663145669475987,51.55697584152222,1000,"[14.974694948713271, 14.571371045449734, 13.677357514667486, 13.583235023463248, 13.583235023463248, 13.583235023463246, 13.482456814549165, 13.482456814549165, 13.482456814549165, 13.379669897647988]"
instance_96,10,13.41449,13.46341,10,0.003646802822917529,51.26538133621216,1000,"[13.889689886328467, 13.889689886328467, 13.46341185851984, 13.46341185851984, 13.46341185851984, 13.46341185851984, 13.46341185851984, 13.46341185851984, 13.46341185851984, 13.46341185851984]"
instance_67,9,11.05465,11.57485,9,0.047057120759137476,56.20924234390259,1000,"[12.042220444551667, 11.929449726803597, 11.684468319018043, 11.684468319018043, 11.684468319018043, 11.684468319018043, 11.684468319018041, 11.684468319018041, 11.684468319018041, 11.574849080562567]"
instance_88,12,21.58906,21.63017,12,0.0019042051854040777,53.979095458984375,1000,"[24.442535046609894, 21.769792494272824, 21.76979249427282, 21.63745474915456, 21.630170396617427, 21.630170396617427, 21.630170396617427, 21.630170396617427, 21.630170396617423, 21.630170396617423]"
instance_92,11,16.21058,17.07125,11,0.053093103392969215,53.40909767150879,1000,"[17.447472807647397, 17.075651695744956, 17.071254484289586, 17.071254484289586, 17.071254484289586, 17.071254484289582, 17.071254484289582, 17.071254484289582, 17.071254484289582, 17.071254484289582]"
instance_91,9,10.86262,11.26164,9,0.036733311116471,54.6080482006073,1000,"[11.779725800874129, 11.655684158877, 11.655684158877, 11.643901153123139, 11.261644680059698, 11.261644680059698, 11.261644680059698, 11.261644680059698, 11.261644680059698, 11.261644680059698]"
instance_113,9,15.32113,15.32113,9,0.0,18.35095453262329,485,"[16.34455909555207, 16.302677579696258, 16.242299181404835, 15.817480425274278]"
instance_105,9,14.47361,14.73522,9,0.01807496540254983,34.830806732177734,1000,"[16.280893360758455, 16.224252541773268, 15.768898022939716, 15.768898022939716, 15.142805802569326, 14.798495653534669, 14.761855329532054, 14.761855329532054, 14.761855329532054, 14.735223459418773]"
instance_100,9,13.80502,14.53701,10,0.05302346537708744,50.76048970222473,1000,"[14.611590788718438, 14.537011686422538, 14.537011686422538, 14.537011686422538, 14.537011686422538, 14.537011686422538, 14.537011686422538, 14.537011686422538, 14.537011686422538, 14.537011686422538]"
instance_107,9,14.62714,15.14244,10,0.03522903315343942,38.807175397872925,1000,"[15.239329771134468, 15.211584336197426, 15.195021485018149, 15.195021485018149, 15.142443508053546, 15.142443508053546, 15.142443508053546, 15.142443508053546, 15.142443508053546, 15.142443508053546]"
instance_108,11,18.20718,18.33544,11,0.007044473663686379,38.479329109191895,1000,"[19.373214701778277, 19.12060784317862, 18.455275385838572, 18.335444636963306, 18.335444636963306, 18.335444636963306, 18.335444636963306, 18.335444636963306, 18.335444636963306, 18.335444636963306]"
instance_101,9,13.10547,13.47293,10,0.02803867392775684,51.81515836715698,1000,"[14.142810037126416, 13.625292336557418, 13.559497185859431, 13.527828533895793, 13.472930834733203, 13.472930834733203, 13.472930834733203, 13.472930834733203, 13.472930834733203, 13.472930834733203]"
instance_143,10,14.14226,14.14226,10,0.0,26.48572063446045,501,"[14.254346311672485, 14.254346311672485, 14.213810454761123, 14.213810454761123, 14.142824193343245]"
instance_104,9,10.86146,10.87921,9,0.0016342186041288433,49.29006624221802,1000,"[11.413578266292594, 11.269623366524108, 10.893925315281976, 10.879212837651371, 10.879212837651371, 10.879212837651371, 10.879212837651371, 10.87921283765137, 10.87921283765137, 10.87921283765137]"
instance_110,10,18.20738,18.64556,11,0.02406606551848751,40.57905864715576,1000,"[19.232655097087598, 19.17059763476061, 19.17059763476061, 19.023280505943344, 18.816678802390673, 18.816678802390673, 18.816678802390673, 18.816678802390673, 18.816678802390673, 18.645561186533556]"
instance_102,9,11.76878,12.07771,10,0.026249959638977034,52.31850981712341,1000,"[12.584673201299566, 12.460381943213779, 12.214704318408245, 12.077712156941342, 12.077712156941342, 12.077712156941342, 12.077712156941342, 12.077712156941342, 12.077712156941342, 12.077712156941342]"
instance_103,8,11.67636,11.80356,8,0.010893805946373562,53.725828886032104,1000,"[12.023492382990781, 11.988052237908322, 11.988052237908322, 11.988052237908322, 11.878126447419167, 11.80355832733222, 11.80355832733222, 11.80355832733222, 11.80355832733222, 11.80355832733222]"
instance_106,10,16.17494,16.95686,11,0.04834144670706658,50.267321825027466,1000,"[17.2719064157065, 17.119234503877582, 16.956863313057745, 16.956863313057745, 16.956863313057745, 16.956863313057745, 16.956863313057745, 16.956863313057745, 16.956863313057745, 16.956863313057745]"
instance_112,11,16.73284,17.49298,11,0.04542803253960474,43.43879270553589,1000,"[17.542802584000903, 17.492975357950073, 17.492975357950073, 17.492975357950073, 17.492975357950073, 17.492975357950073, 17.492975357950073, 17.492975357950073, 17.492975357950073, 17.492975357950073]"
instance_115,9,12.11507,12.59008,9,0.039208192771482214,41.20967626571655,1000,"[12.840951866240015, 12.825397805818564, 12.783078386372365, 12.783078386372365, 12.783078386372365, 12.703771244640183, 12.703771244640183, 12.590082682503892, 12.590082682503892, 12.590082682503892]"
instance_109,11,20.49685,20.58393,12,0.00424845768984016,50.59998869895935,1000,"[22.279102988336284, 20.66065925518814, 20.66065925518814, 20.583931704351354, 20.583931704351354, 20.58393170435135, 20.58393170435135, 20.58393170435135, 20.58393170435135, 20.58393170435135]"
instance_116,10,14.68463,15.11614,10,0.029385146237937174,47.48964166641235,1000,"[15.72492919541122, 15.120943003237098, 15.12039012874566, 15.116137565978017, 15.116137565978017, 15.116137565978017, 15.116137565978017, 15.116137565978017, 15.116137565978017, 15.116137565978017]"
instance_120,8,10.21144,10.21144,8,0.0,47.13087034225464,957,"[10.804570241488411, 10.707523952934965, 10.43656564928828, 10.43656564928828, 10.43656564928828, 10.43656564928828, 10.43656564928828, 10.43656564928828, 10.338702234128625]"
instance_142,9,14.84262,15.63078,10,0.05310113713077607,41.76769495010376,1000,"[16.029760050976584, 15.639976409387945, 15.639976409387945, 15.639976409387945, 15.639976409387945, 15.639976409387945, 15.639976409387945, 15.639976409387945, 15.630782530088243, 15.630782530088243]"
instance_133,12,19.56635,19.68457,12,0.006042005790553725,43.72295641899109,1000,"[22.00298349438427, 21.554304829091848, 21.543112220724844, 19.808600759450588, 19.808600759450584, 19.684569405300376, 19.684569405300376, 19.684569405300376, 19.684569405300376, 19.684569405300376]"
instance_111,9,10.86537,11.10926,10,0.022446543467916913,52.56822180747986,1000,"[11.350699615788084, 11.10925618880691, 11.10925618880691, 11.10925618880691, 11.10925618880691, 11.10925618880691, 11.10925618880691, 11.10925618880691, 11.10925618880691, 11.10925618880691]"
instance_121,9,11.47331,11.60186,9,0.011204264506058026,49.15526509284973,1000,"[12.097423227472502, 12.04874969300191, 11.739390046463393, 11.601855651936857, 11.601855651936857, 11.601855651936857, 11.601855651936857, 11.601855651936857, 11.601855651936857, 11.601855651936857]"
instance_118,9,14.16645,14.38287,10,0.015276939529663478,49.72622847557068,1000,"[16.003410697919726, 15.005049713204727, 14.680117961306362, 14.680117961306362, 14.662711637676365, 14.662711637676365, 14.570727319206986, 14.570727319206986, 14.570727319206986, 14.382867960135354]"
instance_119,8,11.80179,12.09502,9,0.024846230953101133,50.22066140174866,1000,"[13.168721689160867, 13.056348116375212, 12.09502189746476, 12.095021897464758, 12.095021897464758, 12.095021897464758, 12.095021897464758, 12.095021897464758, 12.095021897464758, 12.095021897464758]"
instance_117,8,10.03264,10.32365,9,0.02900632336055116,50.886691093444824,1000,"[10.801829719305573, 10.339015769196644, 10.339015769196644, 10.339015769196644, 10.339015769196644, 10.323648266507155, 10.323648266507155, 10.323648266507155, 10.323648266507153, 10.323648266507153]"
instance_114,9,10.77291,11.45114,10,0.06295699119365158,52.448079109191895,1000,"[11.729628552722222, 11.72322395929895, 11.489977549154158, 11.489675204458598, 11.451139526047418, 11.451139526047418, 11.451139526047418, 11.451139526047418, 11.451139526047418, 11.451139526047418]"
instance_125,9,11.42674,11.77191,10,0.030207215706316896,50.14010262489319,1000,"[11.84361848652684, 11.809805722210145, 11.809805722210145, 11.800843157754535, 11.792704867774265, 11.792704867774265, 11.792704867774265, 11.783742303318652, 11.783742303318652, 11.771908236056696]"
instance_126,10,14.04615,14.10927,10,0.004493758076056401,50.008729457855225,1000,"[15.43789454659469, 14.109274447821177, 14.109274447821177, 14.109274447821177, 14.109274447821177, 14.109274447821177, 14.109274447821177, 14.109274447821177, 14.109274447821177, 14.109274447821177]"
instance_122,10,12.84394,12.87629,10,0.002518697533622799,52.7472767829895,1000,"[13.299065657040005, 13.057802448577174, 12.881709778858577, 12.881709778858577, 12.876288222789368, 12.876288222789368, 12.876288222789368, 12.876288222789368, 12.876288222789368, 12.876288222789368]"
instance_130,10,14.84297,15.4599,10,0.041563784067474366,50.61731839179993,1000,"[15.78306444389464, 15.758487697171, 15.758487697171, 15.758487697171, 15.758487697170999, 15.758487697170999, 15.758487697170999, 15.758487697170999, 15.758487697170999, 15.45989506411705]"
instance_134,9,13.00058,13.60166,10,0.046234860290848674,50.01758623123169,1000,"[14.711875559541825, 14.132839481575486, 14.132839481575484, 13.764884876322988, 13.657641201200665, 13.601658660364205, 13.601658660364205, 13.601658660364205, 13.601658660364205, 13.601658660364205]"
instance_132,10,14.65971,15.27236,11,0.04179141333628021,50.59588003158569,1000,"[16.06685377842054, 15.384516469853102, 15.343170169878906, 15.272361849187115, 15.272361849187114, 15.272361849187114, 15.272361849187114, 15.272361849187114, 15.272361849187114, 15.272361849187114]"
instance_131,10,13.49519,13.71025,11,0.01593604832536638,50.966490745544434,1000,"[14.939556943471173, 14.866727732390862, 14.741862553625058, 13.713453666289542, 13.71345366628954, 13.71025410628297, 13.71025410628297, 13.71025410628297, 13.71025410628297, 13.71025410628297]"
instance_124,11,14.73411,14.96626,11,0.015755956756125802,52.77851128578186,1000,"[15.152502579002748, 15.152502579002746, 15.152502579002746, 15.152502579002746, 15.152502579002746, 15.152502579002746, 14.966261115189512, 14.966261115189512, 14.966261115189512, 14.96626111518951]"
instance_127,8,11.99366,12.29119,9,0.024807273175994658,51.830371141433716,1000,"[12.679271335030524, 12.499021827141757, 12.40609243254295, 12.293239602346203, 12.293239602346203, 12.293239602346203, 12.291194729628618, 12.291194729628618, 12.291194729628618, 12.291194729628618]"
instance_128,10,16.1701,16.81806,10,0.04007148997223255,51.584691286087036,1000,"[17.71393429097628, 16.969644237666497, 16.818056680265148, 16.818056680265148, 16.818056680265148, 16.818056680265148, 16.818056680265148, 16.818056680265148, 16.818056680265148, 16.818056680265148]"
instance_137,9,12.28611,12.30974,9,0.001923310144545257,50.32293152809143,1000,"[12.863032880913067, 12.769246839254084, 12.7179520642947, 12.662860563505852, 12.384101305945903, 12.33976074670251, 12.335647209808064, 12.335647209808064, 12.309735666222025, 12.309735666222025]"
instance_135,9,14.15698,14.26725,9,0.007789090611133156,50.74131417274475,1000,"[14.835623100404494, 14.271040079945642, 14.26724860029862, 14.26724860029862, 14.26724860029862, 14.26724860029862, 14.26724860029862, 14.26724860029862, 14.26724860029862, 14.26724860029862]"
instance_129,10,17.62755,18.03951,11,0.023370235795672146,52.428975105285645,1000,"[19.01999743415721, 18.174091803626904, 18.134848720267733, 18.134848720267733, 18.09480987449636, 18.09480987449636, 18.09480987449636, 18.09480987449636, 18.03950966417402, 18.03950966417402]"
instance_141,9,13.8237,14.44231,10,0.04474995840476864,50.65831017494202,1000,"[14.795893448736496, 14.57306102796613, 14.57306102796613, 14.442311725811006, 14.442311725811006, 14.442311725811006, 14.442311725811006, 14.442311725811006, 14.442311725811006, 14.442311725811006]"
instance_144,11,18.42752,19.28815,12,0.046703517347966544,50.17666721343994,1000,"[19.288153869454657, 19.288153869454653, 19.288153869454653, 19.28815386945465, 19.28815386945465, 19.28815386945465, 19.28815386945465, 19.28815386945465, 19.28815386945465, 19.28815386945465]"
instance_145,9,13.54033,13.54733,9,0.0005169741062440629,50.12799882888794,1000,"[14.130179594354022, 13.692606619772175, 13.560026070319852, 13.547330360857803, 13.547330360857803, 13.547330360857803, 13.547330360857803, 13.547330360857803, 13.547330360857803, 13.547330360857801]"
instance_136,9,13.1506,13.45649,9,0.02326053564095933,52.565162897109985,1000,"[14.168587201678674, 14.026066234834211, 13.956168422321815, 13.473111922266595, 13.461995638869551, 13.461995638869551, 13.45648775737781, 13.45648775737781, 13.45648775737781, 13.45648775737781]"
instance_138,9,11.67581,11.95523,9,0.023931530232163763,52.44879603385925,1000,"[12.528556862703066, 12.242569227675942, 11.98478009290187, 11.98478009290187, 11.98478009290187, 11.98478009290187, 11.98478009290187, 11.960082176021736, 11.955234581227169, 11.955234581227169]"
instance_146,11,21.79603,22.56979,12,0.0355000428977205,50.43305444717407,1000,"[22.826187648231663, 22.577249318175006, 22.56979248401918, 22.56979248401918, 22.56979248401918, 22.56979248401918, 22.56979248401918, 22.56979248401918, 22.56979248401918, 22.56979248401918]"
instance_140,10,14.56053,14.73268,10,0.011823058638662209,52.27880883216858,1000,"[15.332463877899007, 15.157052169751728, 14.830517906284687, 14.830517906284687, 14.73268485656212, 14.73268485656212, 14.73268485656212, 14.73268485656212, 14.73268485656212, 14.73268485656212]"
instance_148,9,14.24155,14.8878,10,0.04537778542363719,50.78942894935608,1000,"[15.722223942326771, 15.177082417297026, 15.153744389479005, 15.153744389479005, 15.102948383653734, 15.003139078859906, 14.980680343515695, 14.960084592406059, 14.887799655084061, 14.887799655084061]"
instance_139,11,19.6731,20.38262,12,0.03606549044126232,53.65438795089722,1000,"[21.461395140330723, 21.10059654766333, 20.47778963622131, 20.38262322186329, 20.38262322186329, 20.38262322186329, 20.38262322186329, 20.38262322186329, 20.38262322186329, 20.38262322186329]"
instance_149,9,14.08857,14.53593,10,0.03175340009667409,50.41971564292908,1000,"[15.818935409917225, 14.57999821529968, 14.570711693441144, 14.535931932246465, 14.535931932246465, 14.535931932246465, 14.535931932246465, 14.535931932246463, 14.535931932246463, 14.535931932246463]"
instance_123,9,12.13068,12.26463,10,0.011042249898604238,57.74197816848755,1000,"[13.392945824907054, 13.392945824907054, 12.685672107135353, 12.264629721167937, 12.264629721167935, 12.264629721167935, 12.264629721167935, 12.264629721167935, 12.264629721167935, 12.264629721167935]"
instance_151,9,11.63029,11.75825,9,0.011002305187574845,36.818618297576904,1000,"[12.027348376562175, 11.994387625498643, 11.775203967412832, 11.775203967412832, 11.775203967412832, 11.772845915219783, 11.758393982163046, 11.758246375912627, 11.758246375912627, 11.758246375912627]"
instance_150,10,18.44002,18.51244,10,0.0039273276276273585,44.92227602005005,1000,"[19.644800375020296, 19.188708826855905, 19.188708826855905, 19.188708826855905, 19.188708826855905, 19.188708826855905, 18.599313179625295, 18.599313179625295, 18.51244159108004, 18.512441591080037]"
instance_156,10,11.81689,11.81689,10,0.0,28.70346736907959,547,"[12.363190776729992, 12.08086649355121, 11.907507968266811, 11.848581708534313, 11.848581708534313]"
instance_147,9,12.55893,12.86731,10,0.02455463960703656,54.74434685707092,1000,"[13.613989940151535, 13.18292431292652, 13.143466589204033, 13.143466589204031, 12.888997966160588, 12.888997966160588, 12.888997966160586, 12.867313940498967, 12.867313940498967, 12.867313940498967]"
instance_201,9,10.99666,10.99666,9,0.0,11.320145845413208,211,"[11.425605119123917, 11.168942531357587]"
instance_154,10,16.8455,17.0975,10,0.014959484728859272,43.98261475563049,1000,"[19.311827133020167, 17.91697740282528, 17.916977402825278, 17.726376750339046, 17.250637631624635, 17.250637631624635, 17.250637631624635, 17.097496802527626, 17.097496802527623, 17.097496802527623]"
instance_157,11,18.68673,19.54206,12,0.04577205321637325,42.19513416290283,1000,"[20.001463777643785, 19.552864975480063, 19.552864975480063, 19.54380197222448, 19.54380197222448, 19.54205627944824, 19.54205627944824, 19.54205627944824, 19.54205627944824, 19.54205627944824]"
instance_152,9,11.56914,12.21953,9,0.056217661814101975,54.736642837524414,1000,"[12.807512795275036, 12.376543464315303, 12.368413979963133, 12.368413979963133, 12.368413979963133, 12.21953141259794, 12.21953141259794, 12.21953141259794, 12.21953141259794, 12.21953141259794]"
instance_153,10,11.66988,11.99794,11,0.028111685809965543,52.86705946922302,1000,"[12.373092084217204, 12.188562164330998, 12.162986904617789, 12.007429064269656, 12.007429064269656, 12.007429064269656, 12.007429064269656, 11.997938076382663, 11.997938076382663, 11.997938076382663]"
instance_159,11,20.30424,20.37219,11,0.003346591647852849,47.52197861671448,1000,"[21.700591585525125, 21.533735246441246, 21.49587296121875, 20.978841210825426, 20.45339487751454, 20.45339487751454, 20.372193764954396, 20.372193764954392, 20.37219376495439, 20.37219376495439]"
instance_155,11,18.35889,18.68259,11,0.01763178492817389,51.30285453796387,1000,"[20.339444961397373, 18.68259398143807, 18.68259398143807, 18.68259398143807, 18.68259398143807, 18.68259398143807, 18.68259398143807, 18.68259398143807, 18.68259398143807, 18.68259398143807]"
instance_168,9,12.2333,12.66562,10,0.0353396058299887,38.69155406951904,1000,"[13.43515193415309, 13.343185534338817, 12.687679339959654, 12.687679339959654, 12.665617331150761, 12.665617331150761, 12.665617331150761, 12.665617331150761, 12.665617331150761, 12.665617331150761]"
instance_167,13,26.12206,26.42784,14,0.011705814931900416,38.80121874809265,1000,"[27.61347431524887, 26.65198045936679, 26.427835048920738, 26.427835048920738, 26.427835048920738, 26.427835048920738, 26.427835048920738, 26.427835048920738, 26.427835048920738, 26.427835048920738]"
instance_160,10,16.09409,16.34012,10,0.015286978014910909,49.27368235588074,1000,"[16.70699692159661, 16.410769943524297, 16.34012098442237, 16.34012098442237, 16.34012098442237, 16.34012098442237, 16.34012098442237, 16.34012098442237, 16.34012098442237, 16.34012098442237]"
instance_158,9,13.18251,13.41837,9,0.01789188857053769,53.29436755180359,1000,"[14.747034755344993, 13.733517051006478, 13.71885687300936, 13.71885687300936, 13.578253703211944, 13.424321244594267, 13.418367944381808, 13.418367944381808, 13.418367944381808, 13.418367944381808]"
instance_161,8,11.26154,12.09796,9,0.0742722576130796,49.11034607887268,1000,"[12.278454197570776, 12.172387405823041, 12.163049287849454, 12.122550906566289, 12.1049559949592, 12.097961017127373, 12.097961017127373, 12.097961017127373, 12.097961017127373, 12.097961017127373]"
instance_163,9,11.97558,12.46246,9,0.0406560684325936,50.73217511177063,1000,"[13.066002668842433, 13.066002668842433, 12.78025513732258, 12.505962104390134, 12.505962104390134, 12.505962104390134, 12.505962104390134, 12.46245800085254, 12.46245800085254, 12.46245800085254]"
instance_162,10,16.80344,16.93549,10,0.007858509924158572,51.4925971031189,1000,"[17.65680832405022, 17.58726832561427, 16.94016237672893, 16.94016237672893, 16.94016237672893, 16.94016237672893, 16.93549201859368, 16.93549201859368, 16.93549201859368, 16.93549201859368]"
instance_193,10,15.27879,15.72606,10,0.02927391501552149,36.36654353141785,1000,"[16.230329014670705, 16.230329014670705, 16.038464290084246, 15.72889407868049, 15.72889407868049, 15.726061643808515, 15.726061643808515, 15.726061643808515, 15.726061643808515, 15.726061643808515]"
instance_190,10,13.97384,14.34385,10,0.02647876317461776,37.52695107460022,1000,"[15.113677573944576, 14.569488284874188, 14.527486238705077, 14.527486238705077, 14.527486238705077, 14.527486238705077, 14.343846963857906, 14.343846963857906, 14.343846963857906, 14.343846963857906]"
instance_199,9,11.95589,11.96112,9,0.0004374412946254256,36.301937103271484,1000,"[12.519523394176908, 12.209883064411459, 12.209883064411459, 12.209883064411459, 12.037742035667405, 12.037742035667405, 12.037742035667405, 11.96111512972708, 11.96111512972708, 11.96111512972708]"
instance_164,9,14.62053,14.79304,10,0.011799161863489152,53.09661364555359,1000,"[15.885180130611134, 15.79745814348427, 15.317155438293494, 14.99584634668164, 14.842771224198316, 14.793038491740685, 14.793038491740685, 14.793038491740685, 14.793038491740685, 14.793038491740685]"
instance_192,10,16.55933,17.47464,11,0.05527457934590359,40.04312229156494,1000,"[17.564282016801283, 17.55775123620708, 17.55775123620708, 17.539765607027427, 17.50812031240358, 17.50812031240358, 17.50812031240358, 17.47464219530471, 17.47464219530471, 17.47464219530471]"
instance_165,9,14.04833,14.69279,10,0.04587449184351453,50.4624080657959,1000,"[15.64940982267597, 14.98015312775246, 14.9375776419126, 14.901780567389126, 14.719053108587957, 14.692788103254795, 14.692788103254795, 14.692788103254795, 14.692788103254795, 14.692788103254795]"
instance_166,10,15.72798,15.95498,10,0.01443287694923317,51.203885316848755,1000,"[16.624771263148258, 15.954978595137762, 15.954978595137762, 15.95497859513776, 15.95497859513776, 15.95497859513776, 15.95497859513776, 15.95497859513776, 15.95497859513776, 15.95497859513776]"
instance_169,9,14.42268,14.85093,10,0.029692817146327884,52.932554721832275,1000,"[15.35834539458368, 15.177811152904164, 14.93342804337218, 14.850925212385205, 14.850925212385205, 14.850925212385205, 14.850925212385205, 14.850925212385205, 14.850925212385205, 14.850925212385205]"
instance_172,11,16.18279,16.87915,11,0.04303089887466861,51.41509985923767,1000,"[17.071960320557878, 17.042946540288945, 16.981139440218968, 16.981139440218968, 16.879149691018487, 16.879149691018487, 16.879149691018487, 16.879149691018487, 16.879149691018487, 16.879149691018487]"
instance_170,12,23.21819,23.56313,13,0.014856455218946917,52.40426158905029,1000,"[23.911111908347507, 23.563127321360124, 23.563127321360124, 23.563127321360124, 23.563127321360124, 23.563127321360124, 23.563127321360124, 23.563127321360124, 23.563127321360124, 23.563127321360124]"
instance_171,9,10.62997,11.00471,9,0.035253156876265804,52.83298373222351,1000,"[11.451736872955966, 11.10211565989558, 11.009286829869595, 11.009286829869595, 11.009286829869595, 11.009286829869595, 11.009286829869595, 11.009286829869595, 11.004708942765967, 11.004708942765967]"
instance_176,9,12.6825,13.34431,9,0.052182929233195424,51.61947560310364,1000,"[13.87185162903543, 13.783232337145716, 13.771248711182212, 13.77124871118221, 13.77124871118221, 13.77124871118221, 13.58271722457612, 13.344309030969427, 13.344309030969427, 13.344309030969427]"
instance_181,10,11.82098,12.00818,9,0.015836250463159476,49.376776695251465,1000,"[12.928737896776909, 12.114031754635844, 12.008180751533628, 12.008180751533628, 12.008180751533628, 12.008180751533628, 12.008180751533626, 12.008180751533626, 12.008180751533626, 12.008180751533626]"
instance_178,11,20.29598,20.83275,12,0.026447109230497895,50.58403921127319,1000,"[21.746519962592718, 21.196862864770146, 21.081914724048225, 20.980134973575165, 20.977424666147456, 20.977424666147456, 20.832753119554013, 20.83275311955401, 20.83275311955401, 20.83275311955401]"
instance_177,10,17.05795,17.57506,10,0.030314897159388954,51.02264618873596,1000,"[18.347905764628766, 17.906565771547754, 17.575056520492396, 17.575056520492396, 17.575056520492396, 17.575056520492396, 17.575056520492396, 17.575056520492396, 17.575056520492396, 17.575056520492396]"
instance_179,10,15.60981,15.80451,10,0.012472925679428577,50.83597803115845,1000,"[16.333616983203022, 16.309382309906518, 15.962045610763273, 15.962045610763273, 15.962045610763273, 15.96204561076327, 15.862685722006585, 15.862685722006585, 15.839192427312653, 15.804507847394035]"
instance_180,13,25.4352,25.69885,13,0.010365556394288307,50.78726577758789,1000,"[26.540268880848586, 25.777818145812276, 25.69884819597731, 25.69884819597731, 25.69884819597731, 25.69884819597731, 25.69884819597731, 25.69884819597731, 25.69884819597731, 25.69884819597731]"
instance_183,10,13.1705,13.4873,10,0.024053756501271693,50.5598566532135,1000,"[13.711920343246419, 13.706905838846557, 13.706905838846557, 13.487301003152162, 13.487301003152162, 13.487301003152162, 13.487301003152162, 13.487301003152162, 13.487301003152162, 13.487301003152162]"
instance_184,10,16.43871,17.60984,11,0.07124220817813551,50.78421688079834,1000,"[17.817510137724327, 17.610152422716602, 17.610152422716602, 17.610152422716602, 17.609836538459312, 17.609836538459312, 17.609836538459312, 17.609836538459312, 17.609836538459312, 17.609836538459312]"
instance_175,10,14.79957,15.30207,10,0.033953689195024,53.83638405799866,1000,"[16.421284348495746, 15.473581639717418, 15.463444457588302, 15.339573503898679, 15.302067286806853, 15.302067286806853, 15.302067286806853, 15.302067286806853, 15.302067286806853, 15.302067286806853]"
instance_174,9,13.94588,14.52438,10,0.04148178530146538,54.77863430976868,1000,"[14.813106382120768, 14.662523836522674, 14.524383792522235, 14.524383792522235, 14.524383792522235, 14.524383792522235, 14.524383792522235, 14.524383792522235, 14.524383792522235, 14.524383792522235]"
instance_187,11,18.0769,18.18734,11,0.006109454607814423,50.147594928741455,1000,"[19.245442437158353, 18.957434848979908, 18.19102092863699, 18.19102092863699, 18.19102092863699, 18.187339670715588, 18.187339670715588, 18.187339670715588, 18.187339670715588, 18.187339670715588]"
instance_182,10,16.63959,16.94276,11,0.018219799886896343,51.80609059333801,1000,"[17.517640721986833, 17.228502562855972, 17.06631395592512, 17.002366398392766, 16.94275744862918, 16.94275744862918, 16.94275744862918, 16.94275744862918, 16.94275744862918, 16.94275744862918]"
instance_173,9,10.23505,10.29253,9,0.005615996013698026,55.78040957450867,1000,"[11.180564520061507, 10.919136224746634, 10.304473318388762, 10.304473318388762, 10.292530679909563, 10.292530679909563, 10.292530679909563, 10.292530679909563, 10.292530679909563, 10.292530679909563]"
instance_188,9,14.05567,15.22284,10,0.08303908671731768,50.79446363449097,1000,"[15.843352895000889, 15.343629558723643, 15.222836390522616, 15.222836390522616, 15.222836390522616, 15.222836390522616, 15.222836390522616, 15.222836390522616, 15.222836390522616, 15.222836390522616]"
instance_186,11,20.11108,20.84085,12,0.03628696221187517,52.48582911491394,1000,"[21.631576532923848, 21.607276527830763, 20.996285878977066, 20.887620015805258, 20.846658452790898, 20.846658452790898, 20.846658452790898, 20.84084507013675, 20.840845070136748, 20.840845070136744]"
instance_191,9,13.82315,14.39113,11,0.04108904265670273,51.064329624176025,1000,"[15.001768680635237, 14.558942085379883, 14.525714338084027, 14.391130539158295, 14.391130539158294, 14.391130539158294, 14.391130539158294, 14.391130539158294, 14.391130539158294, 14.391130539158294]"
instance_185,9,12.25309,12.36532,10,0.009159322260752207,53.39197778701782,1000,"[12.4553158915639, 12.455315891563899, 12.449509215044383, 12.365324564209123, 12.365324564209123, 12.365324564209123, 12.365324564209123, 12.365324564209123, 12.365324564209123, 12.365324564209123]"
instance_198,9,11.56238,11.67775,9,0.009978049501919191,50.248586654663086,1000,"[12.550630388024594, 12.22671385757925, 12.22671385757925, 12.172145121164338, 12.172145121164336, 12.002444610931047, 11.768254266563638, 11.677748434854065, 11.677748434854063, 11.677748434854063]"
instance_200,11,15.45799,16.15516,11,0.045100947794635526,49.440436601638794,1000,"[17.200621240687827, 16.5809854979572, 16.517538775627063, 16.28528646793758, 16.280842016343634, 16.1551603253325, 16.1551603253325, 16.1551603253325, 16.1551603253325, 16.1551603253325]"
instance_194,10,14.52028,15.49442,10,0.0670882379678629,52.19939136505127,1000,"[16.31809146482063, 15.963498191856434, 15.815103547035312, 15.79014435029046, 15.79014435029046, 15.79014435029046, 15.79014435029046, 15.555004862275723, 15.494419857456968, 15.494419857456968]"
instance_195,10,17.10949,17.83107,10,0.04217425534016499,51.90422034263611,1000,"[18.132441430457163, 18.011637125140254, 17.855688309364492, 17.8310737139795, 17.8310737139795, 17.8310737139795, 17.8310737139795, 17.8310737139795, 17.8310737139795, 17.8310737139795]"
instance_196,9,15.19674,15.60677,10,0.026981444704587892,51.78832983970642,1000,"[16.472740883353172, 15.782890427184888, 15.760374268978468, 15.712395644584007, 15.621118339510513, 15.606774168811206, 15.606774168811206, 15.606774168811206, 15.606774168811206, 15.606774168811206]"
instance_197,9,11.57332,11.81595,9,0.020964597885481443,51.8427312374115,1000,"[12.726415739567555, 12.12947192375273, 11.815951725781888, 11.815951725781888, 11.815951725781888, 11.815951725781888, 11.815951725781888, 11.815951725781888, 11.815951725781888, 11.815951725781888]"
instance_189,10,18.75922,19.66441,11,0.048253072355886925,54.71446228027344,1000,"[20.319323650916537, 20.287811069584688, 19.87151756423696, 19.855974417032492, 19.855974417032492, 19.855974417032492, 19.855974417032492, 19.855974417032492, 19.664407641850993, 19.664407641850993]"
instance_202,9,11.8451,12.08762,9,0.02047428894648411,54.6876802444458,1000,"[12.215367763648226, 12.215367763648226, 12.215367763648226, 12.087622587450241, 12.087622587450241, 12.087622587450241, 12.087622587450241, 12.087622587450241, 12.087622587450241, 12.087622587450241]"
instance_203,11,17.8007,18.26218,11,0.02592482318111095,50.201876640319824,1000,"[18.35318882820843, 18.262175897880166, 18.262175897880166, 18.262175897880166, 18.262175897880166, 18.262175897880166, 18.262175897880166, 18.262175897880166, 18.262175897880166, 18.262175897880166]"
instance_210,9,11.22555,11.52896,9,0.027028519760724377,38.677083015441895,1000,"[11.958386129725035, 11.544625404893086, 11.53140257623593, 11.528960438862276, 11.528960438862276, 11.528960438862276, 11.528960438862276, 11.528960438862276, 11.528960438862276, 11.528960438862276]"
instance_204,10,16.88759,17.42787,11,0.03199272365091758,51.470110177993774,1000,"[17.542379119806213, 17.542379119806213, 17.542379119806213, 17.542379119806213, 17.542379119806213, 17.542379119806213, 17.43950184552949, 17.42787330571254, 17.42787330571254, 17.42787330571254]"
instance_205,10,15.29523,15.38832,10,0.006086211191332207,50.78257656097412,1000,"[16.42432699926147, 16.420708977778258, 16.37919250049058, 15.762666161855641, 15.762666161855641, 15.55845635190392, 15.388315126368353, 15.38831512636835, 15.38831512636835, 15.38831512636835]"
instance_211,9,11.92993,11.96098,9,0.0026026975849815287,41.969271183013916,1000,"[12.620872979960552, 12.293294633176412, 12.109583006300142, 12.106636740501056, 11.975159541180417, 11.96097748152727, 11.96097748152727, 11.96097748152727, 11.96097748152727, 11.96097748152727]"
instance_217,10,15.41199,16.18614,10,0.0502303725865383,36.6985228061676,1000,"[16.374215496564755, 16.229842245413106, 16.186135636664353, 16.186135636664353, 16.186135636664353, 16.186135636664353, 16.186135636664353, 16.186135636664353, 16.186135636664353, 16.18613563666435]"
instance_219,10,15.02592,15.56945,11,0.03617282668881509,36.44337749481201,1000,"[16.096245577011835, 15.670095160778665, 15.597015381082954, 15.572103998941085, 15.572103998941083, 15.572103998941083, 15.572103998941083, 15.569450701139786, 15.569450701139786, 15.569450701139786]"
instance_206,9,11.22805,11.48168,9,0.02258896246454203,52.482967138290405,1000,"[11.624544901106564, 11.496448552225415, 11.496448552225415, 11.481676740086847, 11.481676740086847, 11.481676740086847, 11.481676740086847, 11.481676740086847, 11.481676740086847, 11.481676740086847]"
instance_221,9,11.79419,11.79419,9,0.0,36.831008195877075,939,"[13.044180584956557, 12.461486570216785, 12.461486570216785, 12.260107930746498, 12.260107930746498, 12.260107930746496, 12.260107930746496, 12.260107930746496, 12.260107930746496]"
instance_207,10,17.69393,18.35892,10,0.03758294511168516,53.35259485244751,1000,"[19.171032401942153, 18.489460462847703, 18.378793475643313, 18.378793475643313, 18.378793475643313, 18.378793475643313, 18.378793475643313, 18.378793475643313, 18.358923310934223, 18.358923310934223]"
instance_214,9,13.83632,14.56221,11,0.052462649028065245,46.63700199127197,1000,"[15.049150426546307, 14.682079891984506, 14.631493919399755, 14.631493919399755, 14.631493919399755, 14.631493919399755, 14.631493919399755, 14.631493919399755, 14.631493919399755, 14.562208931836485]"
instance_208,9,12.75837,13.10834,9,0.027430620055696832,53.28796076774597,1000,"[13.247458473064238, 13.247458473064237, 13.225354367529938, 13.108341367249503, 13.108341367249503, 13.108341367249503, 13.108341367249503, 13.108341367249503, 13.108341367249501, 13.108341367249501]"
instance_209,11,20.33199,21.02198,11,0.03393617643919745,53.04381346702576,1000,"[22.292966656203753, 21.50040658318336, 21.094931798552086, 21.02198427888687, 21.02198427888687, 21.02198427888687, 21.02198427888687, 21.021984278886865, 21.021984278886865, 21.021984278886865]"
instance_220,11,14.76264,14.86915,11,0.007214834203096473,40.637232065200806,1000,"[16.31461174133225, 15.73592422916877, 15.036823346491655, 15.036823346491653, 15.036823346491653, 15.036823346491653, 15.036823346491653, 15.036823346491653, 14.869153973702886, 14.869153973702886]"
instance_212,8,10.11739,10.81438,9,0.06889029680579671,52.5840539932251,1000,"[11.497437996924265, 10.919522391827257, 10.919522391827256, 10.814377394288147, 10.814377394288147, 10.814377394288146, 10.814377394288146, 10.814377394288146, 10.814377394288146, 10.814377394288146]"
instance_213,10,13.30366,13.30682,10,0.00023752861994363848,53.67358422279358,1000,"[14.407734547638258, 13.66742612925303, 13.367149866810063, 13.367149866810063, 13.367149866810063, 13.367149866810063, 13.306820694693352, 13.306820694693352, 13.306820694693352, 13.306820694693352]"
instance_218,10,16.86993,17.56624,11,0.04127521572407238,47.7793345451355,1000,"[17.665862766722306, 17.630450392836195, 17.630450392836195, 17.573539856492587, 17.573539856492584, 17.573539856492584, 17.573539856492584, 17.573539856492584, 17.5662436408878, 17.566243640887798]"
instance_215,9,12.25511,12.38226,10,0.010375263869520576,51.4378924369812,1000,"[12.877342427853218, 12.725934660557606, 12.610993630672171, 12.382258861662619, 12.382258861662619, 12.382258861662619, 12.382258861662619, 12.382258861662619, 12.382258861662619, 12.382258861662619]"
instance_216,9,13.72685,14.10005,10,0.02718759220068689,51.70524048805237,1000,"[14.10169606337627, 14.10169606337627, 14.10169606337627, 14.10169606337627, 14.10169606337627, 14.10169606337627, 14.10169606337627, 14.100050477865972, 14.100050477865972, 14.100050477865972]"
instance_222,13,26.02997,26.5446,14,0.019770672036886726,51.78836464881897,1000,"[27.776169305370125, 26.67661582461428, 26.67661582461428, 26.67661582461428, 26.544601258893813, 26.544601258893813, 26.544601258893813, 26.544601258893813, 26.544601258893813, 26.544601258893813]"
instance_223,10,16.36773,17.21801,11,0.05194855975752275,51.50987195968628,1000,"[18.591133128407975, 17.823306290576188, 17.26235496332259, 17.26235496332259, 17.26235496332259, 17.26235496332259, 17.26235496332259, 17.26235496332259, 17.218009981507066, 17.218009981507066]"
instance_224,12,22.76359,23.72327,13,0.0421585523197351,50.25091195106506,1000,"[24.413518886938697, 24.239938483936168, 24.239938483936168, 24.02403503757453, 23.72326710979103, 23.72326710979103, 23.72326710979103, 23.72326710979103, 23.72326710979103, 23.72326710979103]"
instance_225,9,13.10297,14.49076,10,0.1059141553403542,50.44139575958252,1000,"[14.718839753068544, 14.490760963295584, 14.490760963295584, 14.490760963295582, 14.490760963295582, 14.490760963295582, 14.490760963295582, 14.490760963295582, 14.490760963295582, 14.490760963295582]"
instance_254,9,11.01086,11.01086,9,0.0,27.523265600204468,726,"[11.686340382135276, 11.490607439280764, 11.28687887789468, 11.261486056797715, 11.261486056797715, 11.072730433500235, 11.072730433500235]"
instance_226,9,13.45423,13.47675,9,0.0016738230281478999,50.41482925415039,1000,"[14.87904092399684, 13.701414598428382, 13.701414598428382, 13.701414598428382, 13.610544032732099, 13.608094786376125, 13.608094786376125, 13.608094786376125, 13.476750545258518, 13.476750545258518]"
instance_228,9,12.24182,12.32334,9,0.006659140552630194,50.34286403656006,1000,"[12.755833145599512, 12.342506128313032, 12.342506128313032, 12.323338285510017, 12.323338285510017, 12.323338285510017, 12.323338285510017, 12.323338285510017, 12.323338285510017, 12.323338285510017]"
instance_246,12,21.65634,22.89192,12,0.057053962026824424,44.433440923690796,1000,"[24.292005585485988, 24.28436130333362, 23.93503331730371, 23.85793386162122, 23.188424047820895, 22.891923373625083, 22.891923373625083, 22.891923373625083, 22.891923373625083, 22.891923373625083]"
instance_237,9,14.48867,14.9567,10,0.032303172064792614,50.372355222702026,1000,"[16.040300081588278, 15.433525789676956, 15.38615704013686, 15.011074660532104, 15.011074660532104, 15.011074660532104, 14.956704391637412, 14.956704391637412, 14.956704391637412, 14.956704391637412]"
instance_234,10,14.48045,14.78495,10,0.021028352019446972,51.36030173301697,1000,"[15.503365346686754, 14.784953564013458, 14.784953564013458, 14.784953564013458, 14.784953564013458, 14.784953564013458, 14.784953564013458, 14.784953564013458, 14.784953564013458, 14.784953564013458]"
instance_233,9,12.71833,12.80548,9,0.006852314729999882,51.9001624584198,1000,"[13.375710995073504, 13.285585723015874, 13.031676118180625, 12.937095701885445, 12.862769572311093, 12.852707194749305, 12.805479730038124, 12.805479730038122, 12.805479730038122, 12.805479730038122]"
instance_229,10,14.1301,14.86154,10,0.05176467257839641,53.23125505447388,1000,"[14.929785873823066, 14.889807465835416, 14.889807465835416, 14.889807465835414, 14.889807465835414, 14.86154300825826, 14.86154300825826, 14.861543008258257, 14.861543008258257, 14.861543008258257]"
instance_236,10,12.11004,12.27589,10,0.013695247909998706,51.54707431793213,1000,"[12.697775815906091, 12.659180408876956, 12.659180408876956, 12.659180408876956, 12.576680413869935, 12.539474078697053, 12.31749159387632, 12.275886102495464, 12.275886102495464, 12.275886102495464]"
instance_227,9,12.83084,13.01796,10,0.014583612608371719,54.45252585411072,1000,"[13.29474636139954, 13.079372592261018, 13.017960977739634, 13.017960977739634, 13.017960977739634, 13.017960977739634, 13.017960977739634, 13.017960977739634, 13.017960977739634, 13.017960977739634]"
instance_235,10,13.48257,14.20654,10,0.05369673585970624,52.18007802963257,1000,"[14.499260465380798, 14.409873457375626, 14.206535911936703, 14.206535911936703, 14.206535911936703, 14.206535911936703, 14.206535911936703, 14.206535911936703, 14.206535911936703, 14.206535911936703]"
instance_231,10,15.1687,15.90824,10,0.04875434282436859,52.644665241241455,1000,"[16.488850417506303, 16.194027417019612, 16.194027417019612, 16.19402741701961, 15.90823698140932, 15.90823698140932, 15.90823698140932, 15.90823698140932, 15.90823698140932, 15.90823698140932]"
instance_240,10,14.95758,16.19698,10,0.08286099756778836,50.95635414123535,1000,"[16.415985280149318, 16.28160779643562, 16.19879719629751, 16.196979556040514, 16.196979556040514, 16.196979556040514, 16.196979556040514, 16.196979556040514, 16.196979556040514, 16.196979556040514]"
instance_239,10,12.60274,13.05469,10,0.03586124922040763,51.45294547080994,1000,"[13.761644676844801, 13.462989291203387, 13.448744151501282, 13.44874415150128, 13.161451569672042, 13.05468578739479, 13.05468578739479, 13.05468578739479, 13.05468578739479, 13.05468578739479]"
instance_238,10,16.05638,16.15879,10,0.006378149993958725,52.05679798126221,1000,"[17.896648729678997, 17.349505280194844, 16.365567500406225, 16.168505032612426, 16.168505032612426, 16.168505032612426, 16.168505032612426, 16.168505032612426, 16.158794253798956, 16.158794253798956]"
instance_245,9,15.23898,16.18977,10,0.06239197111617704,48.774882555007935,1000,"[17.27148279282494, 16.5618640553582, 16.196878806051785, 16.189766010291024, 16.189766010291024, 16.189766010291024, 16.189766010291024, 16.189766010291024, 16.189766010291024, 16.189766010291024]"
instance_244,9,13.06589,13.60185,10,0.0410197851045739,49.97370767593384,1000,"[13.782871461513025, 13.737911187071639, 13.656343984933075, 13.633463631832502, 13.633463631832502, 13.633463631832502, 13.633463631832502, 13.633463631832502, 13.601852346043358, 13.601852346043358]"
instance_241,10,16.49694,16.56712,10,0.0042541222796470485,50.84719109535217,1000,"[17.19538471886613, 16.97559627072487, 16.619342010708458, 16.619342010708458, 16.619342010708454, 16.567119332618127, 16.567119332618127, 16.567119332618127, 16.567119332618127, 16.567119332618127]"
instance_230,10,13.58052,13.75719,9,0.013009074762969287,53.96496057510376,1000,"[13.937395775015101, 13.811934592271818, 13.811934592271818, 13.811934592271818, 13.811934592271818, 13.811934592271818, 13.811934592271818, 13.757192420316173, 13.757192420316173, 13.757192420316173]"
instance_232,9,11.55692,11.83346,10,0.023928520747742536,53.80973839759827,1000,"[12.564122340594384, 12.08492858268414, 11.833458975540543, 11.833458975540543, 11.833458975540541, 11.833458975540541, 11.833458975540541, 11.833458975540541, 11.833458975540541, 11.833458975540541]"
instance_242,9,11.46913,11.48812,9,0.0016557489539311618,52.15365433692932,1000,"[12.206512049356702, 12.030571746911466, 11.539326092971692, 11.531875067503416, 11.515512820801654, 11.515512820801652, 11.488122530447548, 11.488122530447548, 11.488122530447548, 11.488122530447548]"
instance_243,10,16.28864,16.62519,11,0.02066163903186509,51.89027523994446,1000,"[17.313774111337867, 17.24273026600189, 17.17024479860777, 17.17024479860777, 17.17024479860777, 17.021128856969792, 16.74323030625338, 16.62519166261318, 16.62519166261318, 16.625191662613176]"
instance_249,11,16.91028,17.71983,12,0.0478732463329999,51.53275465965271,1000,"[18.234270983351333, 18.21480677495409, 18.21480677495409, 18.087896135773004, 18.087896135773004, 17.78642570091807, 17.78642570091807, 17.78642570091807, 17.78642570091807, 17.719831652964995]"
instance_250,9,12.89083,13.32483,10,0.033667343375096956,51.57040548324585,1000,"[14.383379810941216, 13.43003332636767, 13.43003332636767, 13.43003332636767, 13.34521867944163, 13.324834691000667, 13.324834691000667, 13.324834691000667, 13.324834691000667, 13.324834691000667]"
instance_251,11,20.24143,21.02582,12,0.03875170874785024,51.99502229690552,1000,"[21.221887386728405, 21.110150580640425, 21.106136784254588, 21.106136784254588, 21.10358568472216, 21.091925893616892, 21.07476896564416, 21.025818686895484, 21.025818686895484, 21.025818686895484]"
instance_273,10,14.83243,14.81201,10,-0.0013767130537612287,14.281140327453613,269,"[16.013535647979857, 14.929044918522514]"
instance_248,9,10.98095,11.7354,10,0.06870534880861859,55.0889093875885,1000,"[12.176716579759963, 12.048582413487686, 12.048582413487686, 12.048582413487686, 12.03769413707491, 12.037694137074908, 11.746731109739509, 11.735401607483274, 11.735401607483274, 11.735401607483272]"
instance_247,9,11.94401,12.0735,10,0.010841417580862605,57.16616749763489,1000,"[12.079178598487523, 12.073499263585392, 12.073499263585392, 12.073499263585392, 12.073499263585392, 12.073499263585392, 12.073499263585392, 12.073499263585392, 12.073499263585392, 12.073499263585392]"
instance_256,11,18.71821,20.21237,12,0.07982387204759434,44.13610339164734,1000,"[20.291197936553687, 20.26212266233367, 20.26212266233367, 20.26212266233367, 20.26212266233367, 20.21236994658725, 20.21236994658725, 20.21236994658725, 20.212369946587245, 20.212369946587245]"
instance_252,10,11.76553,12.05461,10,0.024570078865975457,54.1149377822876,1000,"[12.664760075895234, 12.124734468132061, 12.05581163842984, 12.05581163842984, 12.055811638429839, 12.055811638429839, 12.055811638429839, 12.055811638429839, 12.055811638429839, 12.054612887612162]"
instance_263,10,16.31257,16.61634,10,0.0186218357990188,35.99159908294678,1000,"[17.42794037190236, 16.883697320711338, 16.883697320711338, 16.883697320711338, 16.616341589449366, 16.616341589449366, 16.616341589449366, 16.616341589449366, 16.616341589449366, 16.616341589449366]"
instance_261,10,14.84263,15.50169,10,0.04440318191587341,38.510817766189575,1000,"[16.17745089779137, 15.827555241958574, 15.568211090715435, 15.568211090715435, 15.568211090715435, 15.568211090715435, 15.568211090715435, 15.568211090715435, 15.568211090715435, 15.501693526485619]"
instance_255,9,14.22341,14.55082,10,0.023019093171046917,48.194435119628906,1000,"[14.679358398092571, 14.573049772420944, 14.573049772420944, 14.573049772420944, 14.573049772420944, 14.551873660039455, 14.550820802266204, 14.550820802266204, 14.550820802266204, 14.550820802266204]"
instance_266,9,12.08219,13.01466,10,0.07717723359755131,36.044309854507446,1000,"[13.116470516375218, 13.093519378673827, 13.014656499398267, 13.014656499398267, 13.014656499398267, 13.014656499398267, 13.014656499398267, 13.014656499398267, 13.014656499398267, 13.014656499398267]"
instance_259,11,17.86291,19.48815,11,0.09098405578934236,41.65474724769592,1000,"[20.134224945230784, 19.716815311793564, 19.672749253047385, 19.672749253047385, 19.672749253047385, 19.488146680737124, 19.488146680737124, 19.488146680737124, 19.488146680737124, 19.488146680737124]"
instance_253,9,11.1945,11.57279,10,0.0337924873821966,52.00012421607971,1000,"[11.736213738309075, 11.736213738309075, 11.736213738309075, 11.736213738309075, 11.602347264087426, 11.572793999623737, 11.572793999623737, 11.572793999623737, 11.572793999623737, 11.572793999623736]"
instance_258,10,13.50378,14.12299,10,0.04585456812833139,46.489590644836426,1000,"[15.428081633736014, 14.462153798166327, 14.18522219625611, 14.151794747536396, 14.122988982729442, 14.122988982729442, 14.122988982729442, 14.122988982729442, 14.12298898272944, 14.12298898272944]"
instance_257,9,11.16842,11.42736,9,0.023185016322810285,51.80467128753662,1000,"[11.59692597939104, 11.427356517159085, 11.427356517159085, 11.427356517159085, 11.427356517159085, 11.427356517159085, 11.427356517159083, 11.427356517159083, 11.427356517159083, 11.427356517159083]"
instance_265,9,11.28016,11.38402,9,0.00920731620828066,44.14267611503601,1000,"[11.673552338378387, 11.512492811387549, 11.512492811387549, 11.384024669156144, 11.384024669156144, 11.384024669156144, 11.384024669156144, 11.384024669156144, 11.384024669156144, 11.384024669156144]"
instance_260,10,16.16399,16.2742,10,0.00681824227805153,49.40114712715149,1000,"[17.41354371226426, 17.323151144980642, 17.198832721336384, 17.198832721336384, 17.198832721336384, 17.198832721336384, 17.198832721336384, 17.198832721336384, 17.198832721336384, 16.274199830645877]"
instance_264,9,13.09663,13.39871,9,0.02306547562235477,48.56393337249756,1000,"[14.058264494001767, 13.446879256182134, 13.398711111117603, 13.398711111117603, 13.398711111117603, 13.398711111117603, 13.398711111117603, 13.398711111117603, 13.398711111117603, 13.398711111117603]"
instance_262,10,13.56364,14.409,11,0.06232545245966431,54.08500123023987,1000,"[14.838098929667941, 14.826130134227478, 14.79984684713219, 14.61536071388501, 14.408999366854566, 14.408999366854566, 14.408999366854566, 14.408999366854566, 14.408999366854566, 14.408999366854566]"
instance_278,9,10.61531,10.61531,9,0.0,35.25099182128906,684,"[11.561640764473399, 11.561640764473399, 11.561640764473397, 11.561640764473397, 11.544433578541977, 11.544433578541977]"
instance_276,10,14.97966,15.36286,10,0.025581354984024914,37.26641273498535,1000,"[15.888600067498867, 15.412291949438545, 15.362861766606198, 15.362861766606198, 15.362861766606198, 15.362861766606198, 15.362861766606198, 15.362861766606196, 15.362861766606196, 15.362861766606196]"
instance_267,8,11.17618,11.18577,8,0.0008580749415273663,51.805480003356934,1000,"[12.065406153562735, 11.900508882900171, 11.900508882900171, 11.900508882900171, 11.874696467171393, 11.874696467171393, 11.520809792849448, 11.185774578346107, 11.185774578346106, 11.185774578346106]"
instance_269,10,15.067,15.71937,10,0.04329793588637416,50.61790204048157,1000,"[15.958785285027968, 15.719367797628008, 15.719367797628008, 15.719367797628008, 15.719367797628008, 15.719367797628008, 15.719367797628008, 15.719367797628008, 15.719367797628008, 15.719367797628008]"
instance_270,9,12.003,12.52663,11,0.043624927101558,51.552369832992554,1000,"[12.910144125560812, 12.61948632810787, 12.566473108293708, 12.566473108293708, 12.566473108293708, 12.566473108293708, 12.526634340863534, 12.526634340863534, 12.526634340863534, 12.526634340863534]"
instance_268,10,12.75434,12.85381,10,0.007798913938314345,53.33210062980652,1000,"[13.998513747224713, 13.475161356525696, 13.323005524289742, 13.228668544577983, 13.228668544577983, 13.228668544577983, 13.217735626468968, 13.217735626468968, 13.118401791110903, 12.853810748576599]"
instance_271,9,13.10998,13.12902,10,0.0014523286839492043,52.16019296646118,1000,"[13.463970898164163, 13.293425350144695, 13.129022824961718, 13.129022824961718, 13.129022824961714, 13.129022824961714, 13.129022824961714, 13.129022824961714, 13.129022824961714, 13.129022824961714]"
instance_272,9,14.13922,14.38266,10,0.017217357110222462,48.930182695388794,1000,"[15.007365064074868, 14.583009685307031, 14.58300968530703, 14.53390474773138, 14.529643944997666, 14.413442310329291, 14.382661163476618, 14.382661163476618, 14.382661163476618, 14.382661163476618]"
instance_296,10,16.90366,17.31435,10,0.024295921711629462,40.02736759185791,1000,"[18.326502907949106, 17.891831030844184, 17.52502674631883, 17.31434576882047, 17.31434576882047, 17.31434576882047, 17.31434576882047, 17.31434576882047, 17.31434576882047, 17.31434576882047]"
instance_277,13,20.60697,21.42818,13,0.039851079513387976,47.14587140083313,1000,"[23.01572818929452, 22.78244665943172, 21.430095695056547, 21.430095695056547, 21.430095695056547, 21.430095695056547, 21.428180331660272, 21.428180331660272, 21.428180331660272, 21.428180331660272]"
instance_279,10,16.07655,17.8625,11,0.11109037697764754,46.197635650634766,1000,"[18.438609608784247, 17.862501404954166, 17.862501404954166, 17.862501404954166, 17.862501404954163, 17.862501404954163, 17.862501404954163, 17.862501404954163, 17.862501404954163, 17.862501404954163]"
instance_274,9,13.76282,13.98493,9,0.016138407680984037,52.85947036743164,1000,"[14.734320155495311, 14.601789571042442, 14.125619786402208, 14.065630580124138, 13.984925755840578, 13.984925755840578, 13.984925755840578, 13.984925755840578, 13.984925755840578, 13.984925755840578]"
instance_275,10,16.48723,16.55621,11,0.004183844102374978,52.83949041366577,1000,"[17.223327718915293, 16.666742721659652, 16.666742721659652, 16.666742721659652, 16.666742721659652, 16.666742721659652, 16.564082299870016, 16.564082299870016, 16.564082299870016, 16.556212026829503]"
instance_298,9,13.09464,13.90727,10,0.06205821618616475,45.30133366584778,1000,"[14.738369872479137, 14.128067557289047, 13.90727365585736, 13.90727365585736, 13.90727365585736, 13.90727365585736, 13.90727365585736, 13.90727365585736, 13.90727365585736, 13.90727365585736]"
instance_288,9,12.86328,13.2716,9,0.031743070196714976,49.768681049346924,1000,"[13.496656030706292, 13.469153288933752, 13.271599537102105, 13.271599537102105, 13.271599537102105, 13.271599537102105, 13.271599537102105, 13.271599537102105, 13.271599537102105, 13.271599537102105]"
instance_299,9,11.31886,11.38466,9,0.005813306287028854,45.4118115901947,1000,"[12.096404974400365, 11.711742982223727, 11.711742982223726, 11.566914311352436, 11.566914311352436, 11.504060213605815, 11.401688216289704, 11.401688216289704, 11.401688216289704, 11.3846567490021]"
instance_289,10,11.92657,12.90408,9,0.08196069783684669,50.199787616729736,1000,"[13.235748121037899, 13.17291683944499, 12.964377447066523, 12.964377447066523, 12.964377447066523, 12.964377447066523, 12.964377447066523, 12.904077557486513, 12.904077557486513, 12.904077557486513]"
instance_293,9,14.99034,15.5883,10,0.03988968895969008,50.106993675231934,1000,"[16.72782230857776, 16.022934896968327, 15.851444452753064, 15.588298410232781, 15.58829841023278, 15.58829841023278, 15.58829841023278, 15.58829841023278, 15.58829841023278, 15.58829841023278]"
instance_290,10,18.56469,19.26275,11,0.037601489709766324,50.37551975250244,1000,"[19.408617397581992, 19.262746643599957, 19.262746643599954, 19.262746643599954, 19.262746643599954, 19.262746643599954, 19.262746643599954, 19.262746643599954, 19.262746643599954, 19.262746643599954]"
instance_304,10,14.58132,15.31923,10,0.0506065294500086,38.067625522613525,1000,"[15.858174217779684, 15.386161220406436, 15.386161220406434, 15.338501182483508, 15.338501182483508, 15.338501182483508, 15.338501182483508, 15.338501182483508, 15.338501182483508, 15.31922722293299]"
instance_280,10,14.45869,15.41491,11,0.06613462215456588,52.48848915100098,1000,"[15.540168273308513, 15.430214093755227, 15.428473260351321, 15.428473260351321, 15.428473260351321, 15.417242510960472, 15.414908273085272, 15.414908273085272, 15.414908273085272, 15.414908273085272]"
instance_282,10,17.40841,18.19323,11,0.045082807677438656,51.97808480262756,1000,"[18.862316022742213, 18.292106254315378, 18.292106254315378, 18.292106254315378, 18.29210625431537, 18.29210625431537, 18.29210625431537, 18.29210625431537, 18.19323356023886, 18.19323356023886]"
instance_281,9,14.34252,14.94189,10,0.041789727328251966,52.55321431159973,1000,"[15.23154876147199, 14.956678381337412, 14.941892761369912, 14.94189276136991, 14.94189276136991, 14.94189276136991, 14.94189276136991, 14.94189276136991, 14.94189276136991, 14.94189276136991]"
instance_291,9,14.56239,15.2149,10,0.04480789211111634,51.123618602752686,1000,"[15.996002066840923, 15.719054464025142, 15.219335111503558, 15.214901065355274, 15.214901065355274, 15.214901065355274, 15.214901065355274, 15.214901065355274, 15.214901065355274, 15.214901065355274]"
instance_308,9,12.11937,12.35947,9,0.019811260816362565,35.81271004676819,1000,"[13.616998064746056, 12.584158607130787, 12.467790531058487, 12.359469087195247, 12.359469087195247, 12.359469087195247, 12.359469087195247, 12.359469087195247, 12.359469087195247, 12.359469087195247]"
instance_295,11,19.35113,19.73662,11,0.019920800490720553,50.915773153305054,1000,"[20.255503338915645, 19.9528749148118, 19.930780030148092, 19.774640006521924, 19.742583357227993, 19.742583357227993, 19.73661939269802, 19.73661939269802, 19.73661939269802, 19.73661939269802]"
instance_286,9,13.86459,14.45989,10,0.04293671864800906,52.67918157577515,1000,"[15.290217981624755, 14.495271098376882, 14.495271098376882, 14.479021300140094, 14.45989004732889, 14.45989004732889, 14.45989004732889, 14.45989004732889, 14.45989004732889, 14.45989004732889]"
instance_287,9,14.75434,15.37122,10,0.04181007079950714,52.79163360595703,1000,"[16.317772338344803, 15.413295649029926, 15.371219958256392, 15.371219958256392, 15.371219958256392, 15.371219958256392, 15.371219958256392, 15.371219958256392, 15.371219958256392, 15.371219958256392]"
instance_284,9,13.79765,14.726,10,0.06728319677626263,53.27566742897034,1000,"[14.945797977020886, 14.8150114354225, 14.8150114354225, 14.793008887893683, 14.726000639736599, 14.726000639736595, 14.726000639736595, 14.726000639736595, 14.726000639736595, 14.726000639736595]"
instance_283,10,11.66862,11.84137,10,0.014804664133376427,53.741068601608276,1000,"[12.232000348836033, 12.055478144392733, 11.871966402615108, 11.841366569954568, 11.841366569954568, 11.841366569954568, 11.841366569954568, 11.841366569954568, 11.841366569954568, 11.841366569954568]"
instance_297,9,14.11545,14.79013,10,0.04779727178375471,51.38991022109985,1000,"[15.14521344962678, 14.874797150474059, 14.840405296023654, 14.816636757807004, 14.80544557933952, 14.80544557933952, 14.80544557933952, 14.790126673116, 14.790126673116, 14.790126673116]"
instance_294,9,12.49876,12.76283,9,0.021127695867429925,53.0846905708313,1000,"[13.400819027297818, 12.88878653639383, 12.827908054268482, 12.82441892750542, 12.824418927505418, 12.824418927505418, 12.824418927505418, 12.824418927505418, 12.76283422167311, 12.76283422167311]"
instance_285,9,11.37755,11.67788,10,0.026396719856208117,54.683915853500366,1000,"[11.844952560008968, 11.82500904231431, 11.815798605293475, 11.815798605293475, 11.815798605293475, 11.815798605293475, 11.815798605293475, 11.815798605293475, 11.677880614097655, 11.677880614097653]"
instance_292,9,11.00286,11.45827,10,0.041390147652519485,55.579131841659546,1000,"[11.705933316536962, 11.458266464836049, 11.458266464836049, 11.458266464836049, 11.458266464836049, 11.458266464836049, 11.458266464836049, 11.458266464836049, 11.458266464836049, 11.458266464836049]"
instance_300,10,12.93143,13.15465,10,0.017261818685172445,51.81616830825806,1000,"[14.425439372691278, 13.968908997942894, 13.770705852652213, 13.770705852652213, 13.184722314962134, 13.177901714446895, 13.177901714446895, 13.154645112078432, 13.154645112078432, 13.154645112078432]"
instance_302,9,12.43878,12.88833,10,0.036141004182082194,49.91844463348389,1000,"[13.410140523164728, 13.279139772001525, 13.214868450619697, 13.214868450619697, 13.214868450619697, 13.214868450619697, 13.214868450619697, 13.214868450619697, 13.214868450619697, 12.888328924751905]"
instance_303,10,13.40197,13.75902,10,0.026641605674389602,50.03052377700806,1000,"[14.612306436109142, 14.362997196290216, 14.35884063024848, 14.261056350268229, 14.078064522292001, 14.004333683645278, 13.759015308760048, 13.759015308760048, 13.759015308760048, 13.759015308760048]"
instance_310,9,14.44132,15.0222,9,0.04022346987671491,43.50670862197876,1000,"[15.872795279653577, 15.248478443787171, 15.187061613931121, 15.187061613931121, 15.187061613931121, 15.187061613931121, 15.187061613931121, 15.081626297032567, 15.022200756107864, 15.022200756107864]"
instance_311,9,13.94447,14.61251,10,0.04790716319802757,44.74581432342529,1000,"[15.28646560391276, 14.800084913795654, 14.762632815141314, 14.709700369603786, 14.612508999517988, 14.612508999517988, 14.612508999517988, 14.612508999517988, 14.612508999517985, 14.612508999517985]"
instance_305,9,14.11491,15.11158,10,0.07061114806966534,48.69560194015503,1000,"[15.111583186954107, 15.111583186954105, 15.111583186954103, 15.111583186954103, 15.111583186954103, 15.111583186954103, 15.111583186954103, 15.111583186954103, 15.111583186954103, 15.111583186954103]"
instance_301,8,11.89169,11.98427,10,0.007785268536263549,57.20005512237549,1000,"[12.433197177508418, 12.29496616307308, 12.058749511418968, 11.984268218680802, 11.984268218680802, 11.984268218680802, 11.984268218680802, 11.984268218680802, 11.9842682186808, 11.9842682186808]"
instance_306,9,13.56004,13.63952,9,0.005861339642065837,52.31389141082764,1000,"[14.834627440148605, 14.315536737357233, 13.973236977723506, 13.752391808646328, 13.663582333528607, 13.663582333528607, 13.663582333528607, 13.639523272644084, 13.639523272644084, 13.639523272644084]"
instance_309,10,17.96785,18.78461,11,0.045456746355295834,50.93753743171692,1000,"[19.10589099511866, 19.095227779539783, 19.024682029758907, 18.97030466974969, 18.96139408150486, 18.96139408150486, 18.96139408150486, 18.802222165534793, 18.802222165534793, 18.784608865323708]"
instance_348,10,11.90411,11.90411,10,0.0,15.125871896743774,268,"[12.244923615249116, 11.971196756051036]"
instance_307,10,14.74475,14.87446,10,0.008797029451160537,53.984535694122314,1000,"[16.201778476127597, 15.864829719535734, 15.266397107148856, 14.982889121638236, 14.982889121638234, 14.874462082310801, 14.874462082310801, 14.874462082310801, 14.874462082310801, 14.874462082310801]"
instance_312,8,10.20123,10.45774,9,0.0251450070236627,49.574291706085205,1000,"[10.747306828231931, 10.457741194247726, 10.457741194247726, 10.457741194247726, 10.457741194247726, 10.457741194247726, 10.457741194247726, 10.457741194247724, 10.457741194247724, 10.457741194247724]"
instance_313,10,15.76714,16.10547,10,0.021457918176663676,50.75272750854492,1000,"[17.163886939066174, 16.36551429651744, 16.290824439909333, 16.146338234627382, 16.11035020343731, 16.11035020343731, 16.11035020343731, 16.11035020343731, 16.11035020343731, 16.105468386660977]"
instance_314,13,27.37585,27.52278,13,0.005367139285172922,51.6831214427948,1000,"[28.92405492355142, 28.794531132923645, 27.804001890971264, 27.52277864007364, 27.522778640073632, 27.522778640073632, 27.522778640073632, 27.522778640073632, 27.522778640073632, 27.522778640073632]"
instance_319,8,10.8484,11.02497,9,0.016276132885955523,43.29966592788696,1000,"[11.094349948298136, 11.038409017084891, 11.024968824100526, 11.024968824100526, 11.024968824100526, 11.024968824100526, 11.024968824100524, 11.024968824100524, 11.024968824100522, 11.024968824100522]"
instance_315,10,16.6017,17.69359,11,0.06576977056566492,51.15336346626282,1000,"[18.388664080241032, 18.388664080241032, 18.388664080241032, 18.388664080241032, 18.170670536446497, 18.050032958645435, 17.726672215460873, 17.719336457390476, 17.719336457390476, 17.693591540781345]"
instance_316,9,11.37087,11.7675,9,0.03488123600041158,50.84297561645508,1000,"[12.61805930604609, 11.989065852383467, 11.989065852383465, 11.767498736737117, 11.767498736737117, 11.767498736737117, 11.767498736737117, 11.767498736737117, 11.767498736737117, 11.767498736737117]"
instance_326,10,17.95768,18.37153,11,0.023045850020715374,37.36170196533203,1000,"[19.12293282290852, 18.930803598048975, 18.930803598048975, 18.634380290415006, 18.491306171866473, 18.37572309518543, 18.37572309518543, 18.371534563003586, 18.371534563003582, 18.371534563003582]"
instance_365,9,11.99741,11.92965,9,-0.005647885668656804,10.03644871711731,188,[12.117415068570732]
instance_318,10,14.4913,15.21415,10,0.04988165312980887,53.28981041908264,1000,"[15.98242290248105, 15.304522763179888, 15.273435904478427, 15.273435904478427, 15.21415370750575, 15.21415370750575, 15.21415370750575, 15.21415370750575, 15.21415370750575, 15.21415370750575]"
instance_329,8,10.24317,10.25674,9,0.001324785198332295,38.34206414222717,1000,"[10.613597471382061, 10.270133319381339, 10.270133319381339, 10.256743911527494, 10.256743911527494, 10.256743911527494, 10.256743911527494, 10.256743911527494, 10.256743911527494, 10.256743911527494]"
instance_320,9,13.16081,13.5164,10,0.027018853702773703,52.175256967544556,1000,"[13.552916576306531, 13.544060382333633, 13.531723198501478, 13.516397593214622, 13.516397593214622, 13.516397593214622, 13.516397593214622, 13.516397593214622, 13.51639759321462, 13.51639759321462]"
instance_331,9,13.19417,13.19417,9,0.0,36.46969652175903,748,"[14.245825305254597, 13.629324190027162, 13.629324190027162, 13.629324190027162, 13.58886416708767, 13.584239948358471, 13.552226997247745]"
instance_321,9,11.9345,12.81284,10,0.07359671540491848,51.3796284198761,1000,"[13.245893117805887, 13.150345435404226, 13.150345435404226, 13.143300607247312, 13.143300607247312, 13.14330060724731, 13.14330060724731, 13.129024009239572, 13.129024009239572, 12.812841946539693]"
instance_317,9,11.37429,11.94346,10,0.05004004645564688,55.97907090187073,1000,"[12.100145486932, 11.943460163848625, 11.943460163848625, 11.943460163848625, 11.943460163848625, 11.943460163848625, 11.943460163848625, 11.943460163848625, 11.943460163848625, 11.943460163848625]"
instance_337,9,11.64069,11.89193,9,0.02158291304037828,37.010640144348145,1000,"[12.221424976315443, 11.891933750080879, 11.891933750080879, 11.891933750080879, 11.891933750080879, 11.891933750080879, 11.891933750080879, 11.891933750080877, 11.891933750080877, 11.891933750080877]"
instance_327,10,14.01008,14.37518,10,0.02605980836654751,46.64508318901062,1000,"[15.705596185767835, 15.429371939352276, 15.035989340919539, 15.035989340919539, 15.035989340919539, 14.37517860154542, 14.37517860154542, 14.37517860154542, 14.37517860154542, 14.37517860154542]"
instance_324,10,13.4982,13.85207,10,0.02621608807100197,51.4248411655426,1000,"[13.912285687998327, 13.878829384766965, 13.852072510037518, 13.852072510037518, 13.852072510037518, 13.852072510037518, 13.852072510037518, 13.852072510037516, 13.852072510037516, 13.852072510037516]"
instance_322,9,12.12092,12.25301,9,0.010897687634271971,54.063859701156616,1000,"[12.6256499741007, 12.581105903336846, 12.48633313654845, 12.48633313654845, 12.48633313654845, 12.48633313654845, 12.48633313654845, 12.48633313654845, 12.444589242379795, 12.253013586202037]"
instance_323,9,11.62627,11.70343,9,0.006636694313825587,54.961007595062256,1000,"[12.069863877987732, 11.911755051092987, 11.791496038985558, 11.791496038985558, 11.791496038985558, 11.791496038985558, 11.791496038985558, 11.705743956384062, 11.703431909838287, 11.703431909838287]"
instance_328,9,12.20741,12.21568,9,0.0006774573803944761,49.77097153663635,1000,"[13.3188587789639, 13.304399857765366, 12.371298902378646, 12.215677675689617, 12.215677675689617, 12.215677675689617, 12.215677675689617, 12.215677675689617, 12.215677675689617, 12.215677675689617]"
instance_355,10,15.62309,16.6074,10,0.06300354155291936,36.40900278091431,1000,"[16.736746443703947, 16.736746443703947, 16.736524097989058, 16.736524097989058, 16.736524097989058, 16.736524097989054, 16.736524097989054, 16.631778326025984, 16.60740427916961, 16.60740427916961]"
instance_356,9,13.14281,13.50713,10,0.027720099430791383,35.494850397109985,1000,"[14.674486434630463, 14.262954592556682, 13.768796035283648, 13.635556032208136, 13.507131733146855, 13.507131733146855, 13.507131733146855, 13.507131733146855, 13.507131733146855, 13.507131733146855]"
instance_373,9,11.24879,11.24879,9,0.0,12.175376176834106,226,"[11.803378807893669, 11.25779998106468]"
instance_332,10,15.77208,15.84457,10,0.004596096393119892,49.42342019081116,1000,"[16.589926201157642, 16.226275690809608, 16.226275690809608, 16.226275690809608, 16.226275690809608, 16.226275690809608, 16.226275690809608, 15.844569015095624, 15.844569015095624, 15.844569015095624]"
instance_325,9,11.47446,11.73567,9,0.022764469961985154,58.858747482299805,1000,"[11.938767899730994, 11.820899752876077, 11.789955271202547, 11.753299858833538, 11.753299858833536, 11.735674460495257, 11.735674460495256, 11.735674460495256, 11.735674460495256, 11.735674460495256]"
instance_346,10,12.84363,12.93036,10,0.006752763821443088,48.19107627868652,1000,"[13.08622522590891, 13.071203618100629, 13.014747518895662, 13.009652408074942, 13.009652408074942, 13.009652408074942, 13.009652408074942, 13.009652408074942, 13.009652408074942, 12.93036116815988]"
instance_335,9,13.66543,14.28642,9,0.0454424046663734,50.971500396728516,1000,"[14.662497032557892, 14.44217029823867, 14.44217029823867, 14.44217029823867, 14.28641500188003, 14.28641500188003, 14.286415001880028, 14.286415001880028, 14.286415001880028, 14.286415001880028]"
instance_334,12,22.55006,23.30723,12,0.03357729425110187,51.357643365859985,1000,"[23.969587313033664, 23.320132074915723, 23.307233920158854, 23.307233920158854, 23.307233920158854, 23.307233920158854, 23.307233920158854, 23.307233920158854, 23.307233920158854, 23.307233920158854]"
instance_342,11,15.06334,15.48444,11,0.027955287472764948,50.112903118133545,1000,"[16.140501503656658, 15.963217829002591, 15.963217829002591, 15.963217829002591, 15.963217829002591, 15.963217829002591, 15.963217829002591, 15.59471865205837, 15.484442262762927, 15.484442262762924]"
instance_333,9,13.00994,13.20592,9,0.01506386655126776,52.17761850357056,1000,"[14.593828372814453, 13.756472449539338, 13.756472449539338, 13.545411373394385, 13.545411373394385, 13.495700092690678, 13.265889424477441, 13.205915179802929, 13.205915179802929, 13.205915179802929]"
instance_330,9,10.35149,10.37894,9,0.0026517921574575228,55.188416481018066,1000,"[10.6707094555995, 10.38546551665824, 10.378936676559546, 10.378936676559546, 10.378936676559546, 10.378936676559546, 10.378936676559546, 10.378936676559546, 10.378936676559546, 10.378936676559546]"
instance_345,10,17.08975,17.58592,11,0.029033192410655682,50.63558554649353,1000,"[17.7212958357338, 17.7212958357338, 17.72025042191724, 17.673942329685534, 17.673942329685534, 17.673942329685534, 17.635157716981922, 17.635055477918332, 17.63415462171031, 17.585923281849432]"
instance_339,10,14.52886,15.23705,11,0.04874367293786299,52.25791049003601,1000,"[15.468319768016032, 15.264133849894352, 15.237046703876038, 15.237046703876038, 15.237046703876038, 15.237046703876036, 15.237046703876036, 15.237046703876034, 15.237046703876034, 15.237046703876034]"
instance_336,10,14.16299,14.89252,10,0.05150960355122743,52.93696308135986,1000,"[16.126570684324527, 15.782855401150353, 15.134111926351293, 15.105856366706327, 15.105856366706327, 14.93733673420955, 14.89470376078824, 14.892523030607578, 14.892523030607578, 14.892523030607578]"
instance_343,10,17.41253,17.99474,11,0.03343626687218916,51.7830765247345,1000,"[18.41796686412232, 18.080681621356685, 18.080681621356685, 18.080681621356685, 18.067286740270692, 18.06728674027069, 18.06728674027069, 17.994742636414394, 17.994742636414394, 17.994742636414394]"
instance_383,9,11.02875,11.02875,9,0.0,7.96276068687439,211,"[11.380954351450125, 11.063633694691468]"
instance_341,9,13.10491,13.33391,10,0.017474366477907836,52.87074255943298,1000,"[14.174692913856388, 13.72718714118704, 13.72718714118704, 13.394867805657546, 13.394867805657544, 13.345351918781892, 13.333909250221023, 13.333909250221023, 13.333909250221023, 13.333909250221023]"
instance_340,9,11.30352,11.41099,10,0.009507657791555133,53.49760961532593,1000,"[11.628379085545188, 11.410990338972976, 11.410990338972976, 11.410990338972976, 11.410990338972976, 11.410990338972974, 11.410990338972974, 11.410990338972974, 11.410990338972974, 11.410990338972974]"
instance_350,9,14.20597,14.39494,9,0.01330215395358426,50.4427170753479,1000,"[14.889880310876492, 14.709435382327978, 14.555322732274897, 14.509351637135188, 14.394943693092623, 14.394943693092621, 14.394943693092621, 14.394943693092621, 14.394943693092621, 14.394943693092621]"
instance_347,10,16.16845,16.56272,10,0.024385145143783035,52.076422691345215,1000,"[17.608291231551156, 16.66807554328515, 16.66807554328515, 16.56271702930595, 16.56271702930595, 16.56271702930595, 16.56271702930595, 16.56271702930595, 16.56271702930595, 16.56271702930595]"
instance_344,10,19.0272,19.14963,11,0.006434472754793023,52.66768836975098,1000,"[19.755037068690406, 19.568011278963823, 19.510844706025406, 19.510844706025406, 19.510844706025406, 19.479562316363754, 19.479562316363754, 19.23817848175636, 19.14962565452828, 19.14962565452828]"
instance_351,10,18.60639,19.03169,11,0.02285773865860062,49.82982325553894,1000,"[19.444203210682375, 19.2522338257018, 19.252233825701797, 19.035508687205983, 19.03550868720598, 19.03550868720598, 19.03550868720598, 19.03168668388867, 19.03168668388867, 19.03168668388867]"
instance_349,9,12.27425,13.05356,10,0.06349145568975692,51.860004901885986,1000,"[13.37717963008926, 13.103675330394612, 13.096125915822793, 13.055320741724165, 13.055320741724165, 13.055320741724165, 13.055320741724165, 13.053556272724881, 13.053556272724881, 13.053556272724881]"
instance_338,9,13.71382,13.72753,10,0.000999721448874177,55.44205951690674,1000,"[14.178626870833593, 13.913344076417596, 13.833097439058415, 13.833097439058415, 13.833097439058415, 13.833097439058415, 13.833097439058415, 13.833097439058415, 13.72752743892129, 13.727527438921289]"
instance_352,10,16.76105,17.1857,10,0.025335524922364634,51.72620177268982,1000,"[18.786989528272997, 17.64251427735548, 17.45327759012236, 17.447046241345937, 17.34941950893753, 17.185696978168473, 17.185696978168473, 17.185696978168473, 17.185696978168473, 17.185696978168473]"
instance_353,10,15.66306,16.10382,10,0.028140095230433846,52.68115425109863,1000,"[17.144024649095645, 17.050979801902255, 16.674557323530035, 16.319864549696284, 16.197327753490892, 16.11121043330323, 16.11121043330323, 16.11121043330323, 16.103821408664732, 16.103821408664732]"
instance_354,10,18.73919,19.08652,11,0.018534952684721134,51.778865575790405,1000,"[20.126736501638813, 19.41589825988273, 19.372918839170513, 19.23723505409442, 19.086520028100832, 19.086520028100832, 19.086520028100832, 19.086520028100832, 19.086520028100832, 19.086520028100832]"
instance_357,12,21.16427,22.19311,12,0.04861211844301752,50.69266152381897,1000,"[22.42898027135318, 22.41754050987294, 22.417540509872936, 22.417540509872936, 22.417540509872936, 22.307296306013356, 22.193110315456458, 22.193110315456455, 22.193110315456455, 22.193110315456455]"
instance_366,12,19.53718,20.15537,12,0.03164172106721656,37.536497831344604,1000,"[21.422719902445614, 21.118701735294074, 20.965934352626135, 20.171311340933507, 20.171311340933507, 20.171311340933507, 20.171311340933507, 20.164598791744286, 20.164598791744286, 20.155368119288664]"
instance_358,10,16.17547,16.51642,11,0.021078212874185383,49.65288829803467,1000,"[17.94469661791259, 17.180034583550608, 16.931183612236232, 16.921022688055558, 16.921022688055558, 16.88474677321165, 16.516416675875387, 16.516416675875387, 16.516416675875387, 16.516416675875387]"
instance_363,10,15.72169,16.08608,10,0.023177533712978593,50.65171670913696,1000,"[16.703053823003717, 16.616792240771712, 16.265373680059497, 16.265373680059497, 16.261731388373626, 16.184893024176507, 16.184893024176507, 16.184893024176507, 16.089724981868052, 16.08608269018218]"
instance_359,10,13.49082,13.56643,10,0.005604551835989293,54.065900802612305,1000,"[15.15760378248511, 14.484338046610958, 13.768464944837874, 13.570909202970228, 13.5664255386773, 13.566425538677297, 13.566425538677297, 13.566425538677297, 13.566425538677297, 13.566425538677297]"
instance_361,9,12.44425,13.1091,10,0.05342628121421536,51.93347430229187,1000,"[13.323417944541834, 13.28076164874982, 13.28076164874982, 13.28076164874982, 13.109099983409218, 13.109099983409218, 13.109099983409218, 13.109099983409218, 13.109099983409218, 13.109099983409218]"
instance_372,11,17.49566,18.17474,11,0.03881419734951405,35.7987916469574,1000,"[18.477794410494724, 18.465550776292066, 18.465550776292066, 18.465550776292066, 18.465550776292066, 18.465550776292066, 18.17474004457487, 18.174740044574868, 18.174740044574868, 18.174740044574868]"
instance_360,9,11.03767,11.36407,10,0.029571458469042793,54.881608724594116,1000,"[11.6235461374924, 11.6235461374924, 11.6235461374924, 11.364065690860306, 11.364065690860306, 11.364065690860306, 11.364065690860306, 11.364065690860306, 11.364065690860306, 11.364065690860306]"
instance_362,10,14.42706,15.28504,10,0.05947019004565029,53.0979163646698,1000,"[15.685136228552917, 15.626175464055702, 15.605143923842649, 15.508487157816987, 15.508487157816987, 15.508487157816987, 15.359729110788743, 15.285043813533006, 15.285043813533006, 15.285043813533006]"
instance_395,9,10.84114,10.84114,9,0.0,18.766064643859863,358,"[11.362183817335914, 11.133515525582991, 11.04691366453691]"
instance_369,9,13.57171,14.29837,10,0.05354225812370002,45.58158874511719,1000,"[14.2983737305402, 14.2983737305402, 14.2983737305402, 14.2983737305402, 14.2983737305402, 14.2983737305402, 14.2983737305402, 14.2983737305402, 14.2983737305402, 14.2983737305402]"
instance_364,11,18.38152,18.9039,11,0.02841875971084012,52.16753363609314,1000,"[19.822044380551294, 19.187763975392897, 19.150097965193385, 18.903898954775368, 18.903898954775368, 18.903898954775368, 18.903898954775368, 18.903898954775368, 18.903898954775368, 18.903898954775368]"
instance_379,9,14.83872,15.33322,10,0.03332497681740745,37.87262201309204,1000,"[15.792402338389024, 15.791767759982385, 15.618208173996289, 15.618208173996289, 15.353179445202326, 15.339602881959618, 15.33321702815017, 15.333217028150168, 15.333217028150168, 15.333217028150168]"
instance_368,10,17.61166,18.17407,11,0.03193395738959302,49.609572887420654,1000,"[19.237786049325173, 18.842536944133318, 18.842536944133318, 18.842536944133315, 18.821401477665734, 18.821401477665734, 18.174067502494104, 18.1740675024941, 18.1740675024941, 18.1740675024941]"
instance_367,9,13.59821,14.30193,10,0.051750928982564656,52.75009560585022,1000,"[14.50233924976561, 14.472565380465362, 14.385847371049145, 14.352815121199995, 14.352815121199995, 14.305097042993907, 14.301926429771587, 14.301926429771585, 14.301926429771585, 14.301926429771585]"
instance_371,9,13.23997,13.50476,10,0.01999929002860276,50.180941581726074,1000,"[13.87986972512696, 13.62305650010337, 13.584041074774456, 13.55572894587447, 13.55572894587447, 13.55572894587447, 13.504758899862344, 13.504758899862344, 13.504758899862342, 13.504758899862342]"
instance_377,9,14.5617,15.06236,10,0.034381974632082785,48.19618034362793,1000,"[15.589225343036773, 15.313293467784256, 15.313293467784256, 15.313293467784254, 15.313293467784254, 15.313293467784254, 15.06236155352994, 15.06236155352994, 15.06236155352994, 15.06236155352994]"
instance_370,10,16.37499,16.70219,10,0.019981691591872804,51.52647066116333,1000,"[16.856890550540275, 16.856890550540275, 16.833308291945695, 16.70219109926206, 16.70219109926206, 16.70219109926206, 16.70219109926206, 16.70219109926206, 16.70219109926206, 16.70219109926206]"
instance_388,9,14.19911,14.74474,10,0.038427056343672314,35.715046405792236,1000,"[15.080651948346635, 15.00235489114596, 14.781112409582262, 14.770450217533794, 14.770450217533792, 14.744741740901404, 14.744741740901404, 14.744741740901404, 14.744741740901404, 14.744741740901404]"
instance_384,9,12.89384,13.07953,10,0.01440145061517742,39.36159825325012,1000,"[13.604295171829401, 13.109679849812679, 13.079533849128513, 13.079533849128513, 13.079533849128513, 13.079533849128513, 13.079533849128513, 13.079533849128513, 13.079533849128513, 13.079533849128513]"
instance_374,11,17.50115,17.79201,11,0.016619479291360977,50.94625759124756,1000,"[18.71473879093354, 18.067737808668404, 18.067737808668404, 18.067737808668404, 18.03465522552992, 18.00550717794624, 18.00550717794624, 18.005507177946235, 17.87097562592927, 17.79200868387568]"
instance_382,11,16.80097,17.99356,12,0.07098340155360072,44.818317890167236,1000,"[18.357696792317633, 18.02591761950425, 18.025917619504245, 17.993563385388708, 17.993563385388708, 17.993563385388708, 17.993563385388704, 17.993563385388704, 17.993563385388704, 17.993563385388704]"
instance_376,11,18.13435,18.44298,11,0.017019082569819006,50.48102164268494,1000,"[19.22608164913744, 18.737345187017446, 18.737345187017446, 18.737345187017446, 18.453616172999165, 18.44297626782925, 18.44297626782925, 18.44297626782925, 18.44297626782925, 18.44297626782925]"
instance_378,10,16.88399,17.09748,10,0.012644523006706362,50.7579026222229,1000,"[18.39734704476757, 17.60648477864033, 17.31750131576949, 17.20938349784608, 17.123954076365738, 17.123954076365738, 17.123954076365738, 17.123954076365738, 17.097476032543106, 17.097476032543103]"
instance_398,9,13.04079,13.7738,9,0.05620901801194561,35.6162109375,1000,"[14.407872647163531, 14.015330990252997, 13.903743112128554, 13.903743112128554, 13.903743112128554, 13.903743112128554, 13.903743112128554, 13.903743112128554, 13.773804669683177, 13.773804669683177]"
instance_375,9,11.98069,12.21565,9,0.019611558265842866,53.5431694984436,1000,"[12.340710620116578, 12.340710620116578, 12.340710620116578, 12.339505704623132, 12.215649303857642, 12.21564930385764, 12.21564930385764, 12.21564930385764, 12.21564930385764, 12.21564930385764]"
instance_391,9,12.54866,12.93617,9,0.030880588046851273,41.29815649986267,1000,"[13.043464243843275, 12.944099624124958, 12.944099624124958, 12.944099624124958, 12.936165754572157, 12.936165754572157, 12.936165754572157, 12.936165754572157, 12.936165754572157, 12.936165754572157]"
instance_381,11,21.39047,22.35843,12,0.04525192761075366,51.64065599441528,1000,"[22.840647555947296, 22.820523260344984, 22.816855407068537, 22.816855407068537, 22.816855407068537, 22.768238211068354, 22.768238211068354, 22.76823821106835, 22.358433830292668, 22.358433830292668]"
instance_385,9,11.02454,11.04164,9,0.001551085124640051,50.0743842124939,1000,"[11.519929238058129, 11.196867094762542, 11.196867094762542, 11.196867094762542, 11.196867094762542, 11.196867094762542, 11.041642753939213, 11.041642753939211, 11.041642753939211, 11.041642753939211]"
instance_380,10,13.02377,13.32243,10,0.02293191602738684,57.97588634490967,1000,"[14.32836010078409, 13.76010279234693, 13.49672146844084, 13.367024117443169, 13.322427546758945, 13.322427546758945, 13.322427546758945, 13.322427546758945, 13.322427546758945, 13.322427546758945]"
instance_411,12,23.37217,24.97988,13,0.06878736548638834,36.86099815368652,1000,"[26.2763103305121, 25.172899395355117, 25.062137981800284, 24.97987613650185, 24.97987613650185, 24.979876136501847, 24.979876136501847, 24.979876136501847, 24.979876136501847, 24.979876136501847]"
instance_386,10,16.66126,17.49363,11,0.04995840650707095,51.20861458778381,1000,"[18.27874614314985, 17.552334010070116, 17.552334010070116, 17.5286472145176, 17.525628820040332, 17.525628820040332, 17.525628820040332, 17.493628393361938, 17.493628393361938, 17.493628393361938]"
instance_393,10,18.32358,18.67685,11,0.019279529436933285,49.187108516693115,1000,"[19.104588121078606, 18.822981254579645, 18.67685131132788, 18.67685131132788, 18.67685131132788, 18.67685131132788, 18.67685131132788, 18.67685131132788, 18.67685131132788, 18.67685131132788]"
instance_392,10,13.54899,13.72466,10,0.01296554208099646,50.222904920578,1000,"[14.472824121621777, 14.250187900097961, 13.852701800670852, 13.852701800670852, 13.72465551807561, 13.72465551807561, 13.72465551807561, 13.72465551807561, 13.72465551807561, 13.72465551807561]"
instance_387,10,12.54879,13.26307,10,0.05692022896231433,52.81759476661682,1000,"[13.59179642657859, 13.354543282709102, 13.328199701266755, 13.263074417800272, 13.263074417800272, 13.263074417800272, 13.263074417800272, 13.263074417800272, 13.263074417800272, 13.263074417800272]"
instance_390,9,13.9077,14.10233,9,0.013994405976545372,52.73948931694031,1000,"[14.501852780434394, 14.148227350618663, 14.148227350618663, 14.102332370657543, 14.102332370657543, 14.102332370657543, 14.102332370657543, 14.102332370657543, 14.102332370657543, 14.102332370657543]"
instance_394,11,17.28583,17.34823,11,0.003609893189971221,51.4351122379303,1000,"[18.46782631491747, 18.46782631491747, 18.46782631491747, 17.852389620593556, 17.34822706773872, 17.34822706773872, 17.34822706773872, 17.34822706773872, 17.34822706773872, 17.34822706773872]"
instance_431,9,15.47398,15.46257,10,-0.0007373668571369292,17.42426562309265,459,"[16.292746279919793, 16.146852528715065, 15.906662893974513, 15.590693613980037]"
instance_389,11,16.13837,16.49262,11,0.021950791808590362,53.41397428512573,1000,"[18.75174729039441, 16.53474710870458, 16.492622571746672, 16.492622571746672, 16.492622571746672, 16.492622571746672, 16.492622571746672, 16.492622571746672, 16.492622571746672, 16.492622571746672]"
instance_402,11,17.82708,18.60002,11,0.04335763344305416,50.2716281414032,1000,"[19.381542208637512, 18.626586240228026, 18.600016669324045, 18.600016669324045, 18.600016669324045, 18.600016669324045, 18.600016669324045, 18.600016669324045, 18.600016669324045, 18.600016669324045]"
instance_396,10,17.75138,18.3382,11,0.03305771156946668,51.968109130859375,1000,"[18.72933457338479, 18.54427531667516, 18.54427531667516, 18.54427531667516, 18.54427531667516, 18.54427531667516, 18.347035744589665, 18.347035744589665, 18.33819817307763, 18.33819817307763]"
instance_404,9,12.41547,12.41547,9,0.0,49.9775550365448,958,"[13.37988805979977, 12.99045430719336, 12.980693731491293, 12.980693731491293, 12.980693731491293, 12.980693731491291, 12.980693731491291, 12.980693731491291, 12.427998728815517]"
instance_399,10,15.71089,16.19702,11,0.030942231789542113,52.143901348114014,1000,"[16.786847988411324, 16.308466775095958, 16.308466775095958, 16.308466775095958, 16.308466775095958, 16.296529836616383, 16.296529836616383, 16.197024793017054, 16.197024793017054, 16.197024793017054]"
instance_397,10,15.14532,15.96643,10,0.0542154276040388,52.71400451660156,1000,"[16.79923142198373, 16.095971422509244, 16.00534469887738, 15.988661710320866, 15.972741877272345, 15.96642555379769, 15.96642555379769, 15.96642555379769, 15.96642555379769, 15.96642555379769]"
instance_403,10,18.13001,18.96158,11,0.04586704585380829,52.60967540740967,1000,"[20.826399669060976, 19.749780305762513, 19.740189950681838, 19.20187279280115, 19.2012562333827, 19.03158790128334, 18.96157543217775, 18.96157543217775, 18.96157543217775, 18.96157543217775]"
instance_401,9,12.41666,12.56181,10,0.011689939162383381,53.12568020820618,1000,"[13.100406165154869, 12.979967428693485, 12.975618591196055, 12.849280747810818, 12.561814958948908, 12.561814958948908, 12.561814958948908, 12.561814958948908, 12.561814958948908, 12.561814958948908]"
instance_406,11,20.97116,22.18382,12,0.05782512746076038,51.6869478225708,1000,"[23.056998652188327, 23.035486141313584, 23.03548614131358, 23.03548614131358, 23.03548614131358, 23.03548614131358, 23.03548614131358, 22.183816215240316, 22.183816215240313, 22.183816215240313]"
instance_400,11,18.23907,18.80687,11,0.031130973234929096,53.695855140686035,1000,"[19.734876574843064, 19.60190223176435, 19.601902231764345, 19.601902231764345, 19.4467059466717, 18.806865683012962, 18.806865683012962, 18.806865683012962, 18.806865683012962, 18.806865683012962]"
instance_405,9,13.77726,14.55825,11,0.05668688839435412,52.84716510772705,1000,"[14.912006748595013, 14.822968290720118, 14.609235757011298, 14.609235757011296, 14.609235757011296, 14.558247918298969, 14.558247918298967, 14.558247918298967, 14.558247918298967, 14.558247918298967]"
instance_408,11,17.79592,18.94976,11,0.0648373335011622,51.21698570251465,1000,"[20.048191461151152, 19.245863842157004, 19.142789685846534, 19.12716061436146, 19.11848113307358, 19.11848113307358, 19.11848113307358, 18.949760875986232, 18.94976087598623, 18.94976087598623]"
instance_412,9,12.08072,12.64784,10,0.04694422186757089,50.150262117385864,1000,"[13.236173169718596, 13.019953591977373, 12.8137023194342, 12.647836269932071, 12.647836269932071, 12.647836269932071, 12.647836269932071, 12.647836269932071, 12.647836269932071, 12.647836269932071]"
instance_409,8,12.08701,12.22792,9,0.011657970002506813,52.99893140792847,1000,"[12.709113811983974, 12.413595831476268, 12.413595831476265, 12.271731722085564, 12.271731722085564, 12.271731722085564, 12.271731722085564, 12.271731722085564, 12.271731722085564, 12.22792096860274]"
instance_407,10,11.38528,11.57705,10,0.01684367885550465,55.01864814758301,1000,"[11.827800075410355, 11.827800075410355, 11.736543001785865, 11.736543001785865, 11.66332905121331, 11.66332905121331, 11.581017035051733, 11.581017035051733, 11.581017035051733, 11.577049656344006]"
instance_410,10,14.90396,14.94214,10,0.0025617352703577135,51.666048526763916,1000,"[15.595585674393341, 15.15992945505701, 15.132243856402257, 15.132243856402257, 15.132243856402257, 15.132243856402257, 15.132243856402257, 14.94213920582876, 14.94213920582876, 14.94213920582876]"
instance_414,8,11.14402,11.36215,9,0.019573726536743507,50.766643047332764,1000,"[11.998879196886426, 11.386651871896877, 11.386651871896873, 11.386651871896873, 11.362154746567574, 11.362154746567574, 11.362154746567574, 11.362154746567574, 11.362154746567574, 11.362154746567574]"
instance_426,9,13.53438,13.63113,9,0.007148461916984754,35.17053723335266,1000,"[15.039941390299537, 14.73352086630882, 13.767317221284367, 13.767317221284367, 13.767124157510676, 13.663074019352981, 13.631128219409586, 13.631128219409586, 13.631128219409586, 13.631128219409586]"
instance_416,11,16.20989,16.67425,11,0.02864670889191717,50.368818283081055,1000,"[17.364807341839136, 17.018614169754226, 16.68544694875138, 16.68544694875138, 16.68544694875138, 16.67425179809871, 16.674251798098705, 16.674251798098705, 16.674251798098705, 16.674251798098705]"
instance_417,9,13.61489,13.79696,10,0.013372858686335292,49.620442628860474,1000,"[14.1951287430024, 14.089778403272007, 13.82380756438348, 13.82380756438348, 13.82380756438348, 13.796963505446806, 13.796963505446806, 13.796963505446806, 13.796963505446806, 13.796963505446804]"
instance_415,11,17.18996,17.95634,11,0.04458300077487101,51.71995210647583,1000,"[18.171315872407607, 18.038245576164048, 18.038245576164048, 18.038245576164048, 17.95916370802875, 17.956338759595575, 17.956338759595575, 17.956338759595575, 17.956338759595575, 17.956338759595575]"
instance_413,11,19.01842,20.49413,12,0.07759372229659454,53.46439027786255,1000,"[20.76610458732535, 20.50901449082514, 20.502319041309747, 20.502319041309747, 20.502319041309747, 20.502319041309747, 20.502319041309743, 20.502319041309743, 20.502319041309743, 20.49413261864378]"
instance_428,9,12.86847,13.54823,10,0.052823684556128264,37.52790307998657,1000,"[13.930083011233517, 13.548225888979903, 13.548225888979903, 13.548225888979903, 13.548225888979903, 13.548225888979903, 13.548225888979903, 13.548225888979903, 13.548225888979903, 13.548225888979903]"
instance_419,10,13.71412,13.80382,10,0.0065407040335071125,52.96132564544678,1000,"[15.05713662888513, 14.099663644814619, 13.954575815288257, 13.883961663669679, 13.883961663669679, 13.883961663669679, 13.883961663669679, 13.883961663669679, 13.803819648938557, 13.803819648938557]"
instance_422,10,16.24911,17.32601,10,0.06627439902862362,48.89424920082092,1000,"[17.75121462459583, 17.425725430502716, 17.391989879374155, 17.326256757828023, 17.326256757828023, 17.326009300241722, 17.326009300241722, 17.326009300241722, 17.326009300241722, 17.326009300241722]"
instance_434,10,16.16269,16.40262,11,0.014844682413632725,36.67573094367981,1000,"[17.435852388025964, 16.75254192116967, 16.691807216366477, 16.691807216366477, 16.402616871626822, 16.402616871626822, 16.402616871626822, 16.402616871626822, 16.402616871626822, 16.40261687162682]"
instance_423,10,15.95717,16.47864,10,0.032679353544519424,50.58338117599487,1000,"[17.287676529168206, 16.83287832101483, 16.83287832101483, 16.83287832101483, 16.83287832101483, 16.83287832101483, 16.83287832101483, 16.83287832101483, 16.478642454070776, 16.478642454070776]"
instance_421,10,15.83131,16.14084,10,0.019551761667227822,53.671544790267944,1000,"[16.41841482049613, 16.36225828540656, 16.283929599437386, 16.283929599437386, 16.255861751714995, 16.1591515309967, 16.140844646837117, 16.140844646837117, 16.140844646837117, 16.140844646837117]"
instance_420,9,11.01138,11.4646,10,0.04115923708018431,55.516836643218994,1000,"[11.598899873300788, 11.520890926566615, 11.516911667089403, 11.494893366231196, 11.494893366231196, 11.468577342761527, 11.464598083284313, 11.464598083284313, 11.464598083284313, 11.464598083284313]"
instance_418,9,10.86624,11.12129,9,0.02347178048708667,59.03286600112915,1000,"[11.493750248091814, 11.321627599847165, 11.224805499639995, 11.163895514479954, 11.163895514479952, 11.133574367327562, 11.121292204321165, 11.121292204321165, 11.121292204321165, 11.121292204321165]"
instance_436,11,17.69924,18.75926,11,0.05989070717160746,39.96956467628479,1000,"[19.13610899914232, 19.008512956584163, 19.00851295658416, 19.00851295658416, 19.00851295658416, 19.00851295658416, 18.853001275652225, 18.83249243481007, 18.759262788263857, 18.759262788263857]"
instance_425,10,12.84505,12.87416,10,0.0022662426382146664,50.52090072631836,1000,"[12.8854123574281, 12.8854123574281, 12.8854123574281, 12.874159497812581, 12.874159497812581, 12.874159497812581, 12.874159497812581, 12.874159497812581, 12.874159497812581, 12.874159497812581]"
instance_440,10,16.1917,17.29695,11,0.06826028150225102,36.33046889305115,1000,"[18.06666448172843, 17.32978838455188, 17.296948276143628, 17.296948276143628, 17.296948276143628, 17.296948276143628, 17.296948276143628, 17.296948276143628, 17.296948276143628, 17.296948276143628]"
instance_435,11,17.40713,17.85492,11,0.025724516333249726,46.4939444065094,1000,"[17.91311043696495, 17.854916447988423, 17.85491644798842, 17.85491644798842, 17.85491644798842, 17.854916447988415, 17.854916447988415, 17.854916447988415, 17.854916447988415, 17.854916447988415]"
instance_433,9,12.79567,12.69455,9,-0.007902673326211123,46.71321511268616,895,"[13.941116003347693, 13.722432255701614, 13.472518757183224, 13.036343711039077, 13.036343711039077, 13.036343711039077, 13.036343711039077, 13.035096844982577]"
instance_424,9,10.83142,11.15543,10,0.029913898639329032,57.1356155872345,1000,"[11.294970509126117, 11.155427614371831, 11.155427614371831, 11.155427614371831, 11.155427614371831, 11.155427614371831, 11.155427614371831, 11.155427614371831, 11.155427614371831, 11.155427614371831]"
instance_432,10,15.44917,16.20272,11,0.04877608311643919,50.993579626083374,1000,"[16.29621963531199, 16.2127467348433, 16.2127467348433, 16.2127467348433, 16.20455604710706, 16.202720453029666, 16.202720453029666, 16.202720453029666, 16.202720453029666, 16.202720453029663]"
instance_427,10,13.42965,14.13365,11,0.05242132147896623,52.80924391746521,1000,"[14.295671982791639, 14.241175944735335, 14.23985009212592, 14.133677714312512, 14.133647025037888, 14.133647025037888, 14.133647025037888, 14.133647025037888, 14.133647025037888, 14.133647025037888]"
instance_430,9,11.74978,12.22352,9,0.04031905278226496,53.79638624191284,1000,"[12.846407942676635, 12.381664910328823, 12.272074367700837, 12.223518426085306, 12.223518426085306, 12.223518426085304, 12.223518426085304, 12.223518426085304, 12.223518426085304, 12.223518426085304]"
instance_429,9,12.35098,12.87898,10,0.04274964415779157,54.885735511779785,1000,"[13.33724268246091, 13.0040767240115, 13.001185727935246, 13.001185727935246, 13.001185727935246, 13.001185727935246, 13.001185727935246, 12.878976325978108, 12.878976325978108, 12.878976325978108]"
instance_447,11,16.50655,16.81727,11,0.018824042577037594,37.77030801773071,1000,"[17.21964426993999, 16.89023686150717, 16.884950916125486, 16.884950916125486, 16.837429896993886, 16.837429896993886, 16.837429896993886, 16.81726536802677, 16.81726536802677, 16.81726536802677]"
instance_437,9,13.60399,14.10023,9,0.03647753342953062,51.02018618583679,1000,"[14.15024916333681, 14.100234947502972, 14.100234947502972, 14.100234947502972, 14.100234947502972, 14.100234947502972, 14.100234947502972, 14.100234947502972, 14.100234947502972, 14.100234947502972]"
instance_470,10,13.28605,13.28605,10,0.0,23.848175048828125,558,"[15.226238631742449, 15.214538518578967, 14.034625866619251, 13.937574020618307, 13.937574020618307]"
instance_439,9,13.43784,13.75793,9,0.023820048460169226,49.959059953689575,1000,"[14.54688493045424, 14.429247761172075, 14.419000993892357, 14.419000993892357, 14.38376370045404, 14.38376370045404, 13.757931585875466, 13.757931585875466, 13.757931585875466, 13.757931585875466]"
instance_438,11,17.44488,17.84326,11,0.02283649987847434,53.07074570655823,1000,"[18.73810227169083, 18.132609229724903, 18.026872518622202, 18.026872518622202, 18.026872518622202, 18.026872518622202, 17.85042700489402, 17.85042700489402, 17.843260248614683, 17.843260248614683]"
instance_441,12,18.46342,19.27618,11,0.04402001362694457,51.889893770217896,1000,"[20.120891058720012, 19.839758252505654, 19.70936704556609, 19.332052573593597, 19.332052573593597, 19.332052573593597, 19.332052573593597, 19.284413788772802, 19.276183672977112, 19.27618367297711]"
instance_442,10,17.74257,17.79114,11,0.0027374839158023894,51.54769229888916,1000,"[18.06594822464648, 18.06594822464648, 18.06594822464648, 18.06594822464648, 18.055055194598935, 18.055055194598932, 18.055055194598932, 18.025073531941167, 18.025073531941164, 17.791137028912086]"
instance_444,9,11.37335,11.52897,9,0.013682863887948492,52.395071506500244,1000,"[11.649075212091946, 11.649075212091946, 11.649075212091946, 11.528970965925886, 11.528970965925886, 11.528970965925886, 11.528970965925886, 11.528970965925886, 11.528970965925886, 11.528970965925886]"
instance_445,11,15.59818,15.90775,11,0.019846546199620778,50.68325352668762,1000,"[16.137996108943515, 15.997950788849847, 15.908144930189978, 15.908144930189978, 15.90775130024483, 15.90775130024483, 15.90775130024483, 15.90775130024483, 15.90775130024483, 15.90775130024483]"
instance_448,9,12.25765,12.6369,9,0.030939862045335016,50.5903844833374,1000,"[12.721250662685566, 12.636899470640799, 12.636899470640799, 12.636899470640799, 12.636899470640799, 12.636899470640799, 12.636899470640797, 12.636899470640797, 12.636899470640797, 12.636899470640797]"
instance_443,11,20.50586,21.2931,12,0.03839097701827676,53.53217792510986,1000,"[21.350457854268488, 21.293097041570398, 21.293097041570398, 21.293097041570395, 21.293097041570395, 21.293097041570395, 21.293097041570395, 21.293097041570395, 21.293097041570395, 21.293097041570395]"
instance_446,9,11.56063,12.09972,10,0.04663154170663708,50.95487070083618,1000,"[12.812470986912526, 12.126444017084424, 12.106685006866668, 12.099721331725204, 12.099721331725204, 12.099721331725204, 12.099721331725204, 12.099721331725204, 12.099721331725204, 12.099721331725204]"
instance_465,10,16.12334,16.54484,10,0.02614222611444042,35.53304958343506,1000,"[18.021845626142117, 17.106752077182794, 16.57184532386612, 16.54484353232983, 16.54484353232983, 16.54484353232983, 16.54484353232983, 16.54484353232983, 16.54484353232983, 16.54484353232983]"
instance_449,9,12.52364,13.20143,9,0.05412084665480642,51.68873071670532,1000,"[13.504125914359568, 13.201426127283659, 13.201426127283659, 13.201426127283659, 13.201426127283659, 13.201426127283659, 13.201426127283659, 13.201426127283659, 13.201426127283659, 13.201426127283659]"
instance_455,10,15.12367,15.4242,10,0.019871499444248663,49.64266848564148,1000,"[15.827024829802617, 15.792111370485868, 15.761449012920743, 15.424197659380706, 15.424197659380706, 15.424197659380706, 15.424197659380704, 15.424197659380704, 15.424197659380704, 15.424197659380704]"
instance_451,9,11.48199,11.71205,9,0.02003659644364783,53.202619791030884,1000,"[11.982733047840638, 11.863439210567147, 11.863439210567147, 11.862201954105906, 11.712054843786289, 11.712054843786289, 11.712054843786289, 11.712054843786287, 11.712054843786287, 11.712054843786287]"
instance_481,9,11.78633,11.78633,9,0.0,22.89309000968933,613,"[12.534749964511368, 12.389489401718752, 11.874026919889697, 11.821040870457896, 11.821040870457896, 11.821040870457896]"
instance_453,10,14.88033,15.28931,10,0.027484605516141083,52.767894983291626,1000,"[15.80618634827263, 15.54154335864408, 15.444107271528207, 15.398751259917631, 15.335707279301541, 15.335707279301541, 15.28930785257839, 15.28930785257839, 15.28930785257839, 15.28930785257839]"
instance_450,9,12.78143,12.95048,9,0.01322621960140613,53.81359577178955,1000,"[13.110176970008078, 12.950484003426578, 12.950484003426578, 12.950484003426578, 12.950484003426578, 12.950484003426578, 12.950484003426578, 12.950484003426578, 12.950484003426578, 12.950484003426578]"
instance_454,10,17.27495,18.15605,11,0.0510044891591582,51.867209911346436,1000,"[18.194853554960112, 18.1560486859191, 18.1560486859191, 18.1560486859191, 18.1560486859191, 18.1560486859191, 18.1560486859191, 18.1560486859191, 18.1560486859191, 18.1560486859191]"
instance_452,11,16.14953,17.00271,12,0.05283002044022345,53.51404047012329,1000,"[17.30226960830426, 17.112881026335273, 17.102302006349813, 17.10230200634981, 17.10230200634981, 17.10230200634981, 17.10230200634981, 17.10230200634981, 17.00270527071296, 17.00270527071296]"
instance_456,10,13.65844,14.48892,10,0.06080342996711188,51.86335515975952,1000,"[14.79725906908757, 14.674883669026865, 14.509820604092756, 14.488916831484696, 14.488916831484696, 14.488916831484696, 14.488916831484694, 14.488916831484694, 14.488916831484694, 14.488916831484694]"
instance_458,10,14.08197,14.4365,10,0.025176164982598347,53.43158435821533,1000,"[14.967562725547534, 14.436501167173313, 14.436501167173313, 14.436501167173313, 14.436501167173313, 14.436501167173313, 14.436501167173313, 14.436501167173313, 14.436501167173313, 14.436501167173313]"
instance_459,10,17.83847,18.72534,10,0.049716707766977675,52.335519313812256,1000,"[19.831968922497378, 19.444078055061322, 18.739040096671324, 18.732987443676507, 18.725335584599584, 18.725335584599584, 18.725335584599584, 18.725335584599584, 18.725335584599584, 18.725335584599584]"
instance_473,10,16.13597,16.48706,10,0.021758220918853915,38.00270676612854,1000,"[16.934812161767567, 16.928207888408306, 16.487064545572522, 16.487064545572522, 16.487064545572522, 16.487064545572522, 16.487064545572522, 16.487064545572522, 16.487064545572522, 16.487064545572522]"
instance_460,10,17.46257,18.46533,11,0.057423391860419296,50.77279734611511,1000,"[19.25808112451187, 18.552290485882978, 18.504670219216635, 18.487631434469918, 18.487631434469918, 18.487631434469918, 18.487631434469918, 18.483761617785966, 18.465331778553942, 18.465331778553942]"
instance_462,9,13.27453,13.91367,10,0.04814784402912942,50.79212784767151,1000,"[14.264717513787222, 13.984248872753362, 13.944287814502529, 13.913668288290392, 13.913668288290392, 13.913668288290392, 13.913668288290392, 13.913668288290392, 13.913668288290392, 13.913668288290392]"
instance_457,10,12.15356,12.70051,10,0.045003274760646174,56.63795208930969,1000,"[13.435751167676901, 13.403419471967446, 12.700507360978959, 12.700507360978959, 12.700507360978959, 12.700507360978957, 12.700507360978957, 12.700507360978957, 12.700507360978957, 12.700507360978957]"
instance_461,9,11.97579,12.14278,9,0.013943965283292392,51.67064023017883,1000,"[12.83075775495926, 12.549838880894432, 12.19718719337243, 12.197187193372429, 12.197187193372429, 12.154479904497975, 12.154479904497975, 12.154479904497975, 12.154479904497975, 12.142776921738223]"
instance_469,10,14.6505,15.20078,10,0.0375604928159449,46.23143124580383,1000,"[15.576889925848352, 15.482043430119784, 15.290557086565597, 15.290557086565597, 15.290557086565597, 15.200780316777092, 15.200780316777092, 15.200780316777092, 15.200780316777092, 15.200780316777092]"
instance_463,9,11.0313,11.13854,9,0.009721429024684388,55.46334409713745,1000,"[11.985699882082194, 11.154423744938956, 11.138541972500857, 11.138541972500857, 11.138541972500857, 11.138541972500857, 11.138541972500857, 11.138541972500857, 11.138541972500857, 11.138541972500857]"
instance_467,9,15.84104,16.55811,10,0.04526659865766387,49.2834095954895,1000,"[17.61708279238358, 16.75606557035362, 16.58232817192326, 16.58232817192326, 16.58232817192326, 16.58232817192326, 16.58232817192326, 16.562178664471997, 16.562178664471997, 16.558110941247318]"
instance_464,9,12.64208,13.21364,9,0.045210914659612966,50.309728384017944,1000,"[13.285767658779184, 13.21365635772863, 13.213656357728627, 13.213639038352628, 13.213639038352628, 13.213639038352628, 13.213639038352628, 13.213639038352628, 13.213639038352628, 13.213639038352628]"
instance_466,10,15.70183,16.51039,11,0.051494634701815124,51.66078042984009,1000,"[17.257973475149523, 17.080488315695753, 16.51038644274404, 16.51038644274404, 16.51038644274404, 16.51038644274404, 16.51038644274404, 16.51038644274404, 16.51038644274404, 16.51038644274404]"
instance_480,9,14.09278,14.5447,10,0.03206748420113003,37.41221761703491,1000,"[14.657543533649505, 14.657543533649505, 14.657543533649505, 14.657543533649505, 14.599650080871637, 14.544702299960745, 14.544702299960745, 14.544702299960745, 14.544702299960745, 14.544702299960745]"
instance_468,10,13.99166,14.3698,11,0.027026099833758123,52.38680052757263,1000,"[14.744125076470265, 14.555615770206684, 14.555615770206684, 14.521837712095515, 14.521837712095513, 14.49604035667953, 14.369801629573898, 14.369801629573898, 14.369801629573898, 14.369801629573898]"
instance_471,10,15.09393,15.6139,11,0.03444894735830886,51.690428256988525,1000,"[16.328658732397844, 16.11036569184003, 15.678226787229242, 15.613897062666883, 15.613897062666883, 15.613897062666883, 15.613897062666883, 15.613897062666883, 15.613897062666883, 15.613897062666883]"
instance_474,9,11.97651,12.43598,10,0.038364264714846094,49.238892555236816,1000,"[12.515866290557348, 12.515866290557346, 12.435981791690795, 12.435981791690795, 12.435981791690795, 12.435981791690795, 12.435981791690795, 12.435981791690793, 12.435981791690793, 12.435981791690793]"
instance_488,10,15.56825,16.54721,11,0.06288182679491908,35.343716621398926,1000,"[16.88726450501822, 16.857066183240516, 16.772694970229843, 16.57866437503138, 16.57866437503138, 16.57866437503138, 16.57866437503138, 16.57187927660328, 16.57187927660328, 16.547206178696708]"
instance_472,9,13.52224,13.60351,9,0.006010098918522371,53.05927085876465,1000,"[13.865959816715993, 13.794999169440873, 13.697167186832097, 13.697167186832097, 13.697167186832097, 13.697167186832097, 13.697167186832097, 13.646702083687416, 13.646702083687416, 13.60351146830117]"
instance_477,13,25.58588,26.21969,13,0.024771866357537847,48.08979821205139,1000,"[26.73715895924687, 26.369231867469146, 26.36884244412566, 26.325016104446544, 26.325016104446544, 26.325016104446544, 26.319064019756087, 26.267383729667536, 26.2200801517215, 26.219690728378012]"
instance_476,9,13.83406,13.94266,9,0.007850190038210109,51.142069816589355,1000,"[14.722419201238633, 14.251147937430641, 13.942664870972694, 13.942664870972694, 13.942664870972694, 13.942664870972694, 13.942664870972694, 13.942664870972694, 13.942664870972694, 13.942664870972694]"
instance_475,10,14.60594,15.52517,10,0.06293535369856365,53.27528738975525,1000,"[16.407311461991135, 15.693798785186008, 15.63586402500769, 15.63586402500769, 15.63586402500769, 15.525169521573098, 15.525169521573098, 15.525169521573098, 15.525169521573096, 15.525169521573096]"
instance_478,9,12.88419,13.21588,9,0.025743954412345674,52.18661856651306,1000,"[13.651412526574575, 13.244720667975532, 13.237355219766618, 13.215878930848058, 13.215878930848058, 13.215878930848058, 13.215878930848058, 13.215878930848058, 13.215878930848058, 13.215878930848058]"
instance_479,9,11.60749,12.09412,9,0.04192379230996537,51.799872636795044,1000,"[12.264297431148442, 12.233074502319733, 12.233074502319731, 12.1144190926994, 12.1144190926994, 12.1144190926994, 12.1144190926994, 12.113484204777288, 12.094120308274247, 12.094120308274247]"
instance_483,8,10.86415,11.35821,9,0.045476176230998214,51.557284116744995,1000,"[11.891802045254682, 11.76690914690024, 11.374564230994281, 11.35821428035996, 11.35821428035996, 11.35821428035996, 11.35821428035996, 11.35821428035996, 11.35821428035996, 11.35821428035996]"
instance_490,9,12.07835,12.24873,9,0.014106231397500465,40.42197108268738,1000,"[13.278073007458538, 12.970104937681853, 12.970104937681853, 12.970104937681853, 12.540200824330963, 12.49570595482534, 12.490684456194035, 12.490684456194035, 12.251753162428653, 12.248728321012004]"
instance_482,10,17.17357,17.92335,11,0.04365894802303759,52.97299790382385,1000,"[18.873553264515856, 18.517656694295287, 18.477628044171297, 18.477628044171293, 18.477628044171293, 18.452723347851908, 17.92335192065323, 17.92335192065323, 17.92335192065323, 17.92335192065323]"
instance_526,9,12.14254,12.14257,9,2.4706527628374516e-06,11.483054637908936,302,"[12.664686862855353, 12.470714406657672, 12.189875203205668]"
instance_484,10,16.25681,16.66382,10,0.025036277104794828,50.98646783828735,1000,"[16.66382375055503, 16.663823750555025, 16.663823750555025, 16.663823750555025, 16.663823750555025, 16.663823750555025, 16.663823750555025, 16.663823750555025, 16.663823750555025, 16.663823750555025]"
instance_485,10,15.89066,16.65052,10,0.04781802643817184,50.990830421447754,1000,"[17.156108535220024, 16.853614229637216, 16.853614229637216, 16.853614229637216, 16.853614229637216, 16.68373453118624, 16.658748184746358, 16.650520070484625, 16.650520070484625, 16.650520070484625]"
instance_486,9,13.54992,14.39548,10,0.06240332046240856,51.27505707740784,1000,"[14.679902466199888, 14.395476619981382, 14.395476619981382, 14.395476619981382, 14.395476619981382, 14.395476619981382, 14.39547661998138, 14.39547661998138, 14.39547661998138, 14.39547661998138]"
instance_487,8,11.8149,12.31086,9,0.04197750298352083,50.97287678718567,1000,"[12.745889713050898, 12.346158690968661, 12.336754448879134, 12.336754448879134, 12.336754448879134, 12.336754448879134, 12.31085590631186, 12.310855906311858, 12.310855906311858, 12.310855906311858]"
instance_500,10,15.75277,15.90716,10,0.009800815983474612,37.12251853942871,1000,"[16.44429473170058, 16.385266232268336, 16.117900244197692, 16.117900244197692, 15.907157712495604, 15.907157712495604, 15.907157712495604, 15.907157712495604, 15.907157712495604, 15.907157712495604]"
instance_501,9,13.09561,13.06738,9,-0.002155684233113283,37.997528314590454,766,"[14.45779468471072, 13.763566099114854, 13.257395533311492, 13.20022245412157, 13.20022245412157, 13.20022245412157, 13.173525912535167]"
instance_533,10,12.69577,12.69577,10,0.0,7.054018020629883,131,[12.713186346012924]
instance_504,10,12.44041,12.87723,10,0.03511299064902209,37.14485549926758,1000,"[12.907455582441706, 12.877228394181458, 12.877228394181458, 12.877228394181458, 12.877228394181456, 12.877228394181456, 12.877228394181456, 12.877228394181456, 12.877228394181456, 12.877228394181456]"
instance_503,9,13.3872,13.3872,9,0.0,39.69558334350586,798,"[14.067944731575276, 13.438588302328952, 13.438588302328952, 13.438588302328952, 13.438588302328952, 13.438588302328952, 13.438588302328952]"
instance_491,10,17.64292,18.24172,11,0.03393996005196422,50.2583270072937,1000,"[18.904721249828288, 18.472454197404108, 18.472454197404108, 18.456022957492348, 18.456022957492348, 18.456022957492348, 18.456022957492348, 18.398606001989165, 18.323105572933706, 18.24171549181807]"
instance_512,11,19.43948,20.14422,11,0.03625302734435289,35.877700328826904,1000,"[20.817173997276264, 20.52267198066523, 20.52267198066523, 20.518757324885527, 20.505085450319243, 20.242068092569415, 20.146304596206704, 20.144217119760388, 20.144217119760388, 20.144217119760388]"
instance_489,8,11.99321,12.05187,9,0.004891100881248616,57.29764270782471,1000,"[12.676146563191963, 12.273653380879887, 12.273653380879887, 12.273653380879887, 12.051868816270904, 12.051868816270904, 12.051868816270904, 12.051868816270904, 12.051868816270904, 12.051868816270904]"
instance_492,10,14.99078,15.07557,10,0.0056561433094208515,51.455286741256714,1000,"[17.329334760656725, 16.556387378385747, 16.15069485607034, 16.066119617602048, 15.198078698003242, 15.075567828378912, 15.075567828378912, 15.075567828378912, 15.075567828378912, 15.075567828378912]"
instance_494,10,14.47272,15.1638,10,0.047750526507802225,49.9536828994751,1000,"[17.042660626079627, 15.494374815497455, 15.171306108216864, 15.163799313659007, 15.163799313659007, 15.163799313659007, 15.163799313659007, 15.163799313659007, 15.163799313659007, 15.163799313659007]"
instance_493,10,11.78283,11.84214,10,0.005033595494461005,52.5511634349823,1000,"[12.545893000539742, 12.162802400976359, 11.934267337628327, 11.842137421386898, 11.842137421386898, 11.842137421386898, 11.842137421386898, 11.842137421386898, 11.842137421386896, 11.842137421386896]"
instance_497,9,10.8703,11.27062,9,0.03682695049814622,50.38790321350098,1000,"[11.597655231400589, 11.597655231400589, 11.597655231400589, 11.597655231400587, 11.597655231400587, 11.597655231400587, 11.597655231400587, 11.597655231400587, 11.270618995154264, 11.270618995154264]"
instance_499,10,15.6858,15.98062,10,0.01879534355914264,50.17840600013733,1000,"[18.506425114533048, 17.158507493085946, 16.029665370143427, 16.029665370143427, 16.029665370143427, 16.029665370143427, 15.980615635915376, 15.980615635915374, 15.980615635915374, 15.980615635915374]"
instance_496,9,12.05124,12.33897,10,0.023875551395541025,51.167842388153076,1000,"[12.475392070385421, 12.400206362371991, 12.354351194053878, 12.354351194053878, 12.354351194053878, 12.338972902410267, 12.338972902410267, 12.338972902410266, 12.338972902410266, 12.338972902410266]"
instance_495,9,13.84851,14.48937,10,0.04627645862262438,53.409770250320435,1000,"[15.233145495809262, 14.727685916387555, 14.489370033777309, 14.489370033777309, 14.489370033777309, 14.489370033777309, 14.489370033777309, 14.489370033777309, 14.489370033777309, 14.489370033777309]"
instance_502,9,14.06448,15.21601,10,0.08187504977077013,50.75898790359497,1000,"[15.31500820832092, 15.31500820832092, 15.216007117881547, 15.216007117881547, 15.216007117881547, 15.216007117881547, 15.216007117881547, 15.216007117881547, 15.216007117881547, 15.216007117881547]"
instance_522,9,14.3871,14.64637,10,0.018021004928025733,35.608266830444336,1000,"[14.660189130645625, 14.660189130645625, 14.660189130645625, 14.646370041289583, 14.646370041289583, 14.646370041289583, 14.646370041289583, 14.646370041289583, 14.64637004128958, 14.64637004128958]"
instance_507,10,14.01168,14.58048,10,0.04059470384707612,50.14553785324097,1000,"[15.559908284493302, 15.141357503129484, 15.141357503129482, 14.823392723847164, 14.823392723847164, 14.580475702002172, 14.58047570200217, 14.58047570200217, 14.58047570200217, 14.58047570200217]"
instance_508,9,10.01385,10.30764,9,0.029338366362587773,50.13006281852722,1000,"[10.389035845296776, 10.307639106568919, 10.307639106568915, 10.307639106568915, 10.307639106568915, 10.307639106568915, 10.307639106568915, 10.307639106568915, 10.307639106568915, 10.307639106568915]"
instance_505,10,12.55084,13.41216,10,0.068626482370901,50.99070739746094,1000,"[13.884942225621955, 13.635404498136861, 13.41215812694799, 13.41215812694799, 13.41215812694799, 13.41215812694799, 13.41215812694799, 13.41215812694799, 13.41215812694799, 13.41215812694799]"
instance_498,9,13.88006,14.04704,9,0.012030207362216055,55.62260675430298,1000,"[14.491692070132268, 14.07192975268155, 14.07192975268155, 14.07192975268155, 14.07192975268155, 14.07192975268155, 14.07192975268155, 14.071929752681548, 14.04704152533464, 14.04704152533464]"
instance_506,10,16.41022,17.29522,10,0.053929807156759726,52.17603850364685,1000,"[17.738949658282756, 17.605419160281023, 17.488107112899684, 17.295217071801254, 17.295217071801254, 17.295217071801254, 17.295217071801254, 17.295217071801254, 17.295217071801254, 17.295217071801254]"
instance_509,10,16.48941,16.57846,10,0.005400435794852593,51.571128368377686,1000,"[18.133791992522383, 17.0846953439797, 17.077933790883534, 17.077933790883534, 17.077933790883534, 17.077933790883534, 16.57845661599584, 16.57845661599584, 16.57845661599584, 16.57845661599584]"
instance_510,10,14.92456,16.26264,11,0.08965624447219894,52.718493938446045,1000,"[16.837592035788653, 16.64039503154052, 16.318255460578534, 16.262638797283337, 16.262638797283337, 16.262638797283337, 16.262638797283337, 16.262638797283337, 16.262638797283337, 16.262638797283337]"
instance_511,12,18.0374,18.96277,12,0.051302848525840605,53.390483379364014,1000,"[19.437269169887998, 19.233816554924253, 19.223871117532045, 19.223871117532042, 19.040928302501918, 18.99927757019282, 18.99927757019282, 18.99927757019282, 18.99927757019282, 18.962772781910196]"
instance_528,9,11.63102,12.04515,9,0.03560564765600954,38.372007846832275,1000,"[12.245855571098566, 12.045836125158198, 12.045836125158198, 12.045154560352165, 12.045154560352165, 12.045154560352165, 12.045154560352165, 12.045154560352165, 12.045154560352165, 12.045154560352165]"
instance_514,8,12.06182,13.34399,10,0.10629987845946953,52.802202463150024,1000,"[13.72944238674859, 13.494244058852711, 13.377867934734734, 13.377867934734734, 13.377867934734732, 13.347200588662616, 13.34399279530262, 13.343992795302619, 13.343992795302619, 13.343992795302619]"
instance_516,9,12.60397,13.04378,9,0.0348945609994311,52.16193699836731,1000,"[13.615242419560376, 13.212200761270612, 13.04378447300901, 13.04378447300901, 13.04378447300901, 13.04378447300901, 13.04378447300901, 13.04378447300901, 13.04378447300901, 13.04378447300901]"
instance_515,10,18.55322,19.275,11,0.038903220034042556,52.8944137096405,1000,"[20.586263058168925, 19.72095870631976, 19.510108718716502, 19.47758980680176, 19.47758980680176, 19.274999310032666, 19.274999310032666, 19.274999310032666, 19.274999310032666, 19.274999310032666]"
instance_513,9,13.80805,14.06364,9,0.018510216866248295,54.0530149936676,1000,"[14.08252072306855, 14.076944223404633, 14.06363507576962, 14.06363507576962, 14.06363507576962, 14.06363507576962, 14.06363507576962, 14.06363507576962, 14.06363507576962, 14.06363507576962]"
instance_518,10,16.28465,16.80662,10,0.032052884157780466,50.53282189369202,1000,"[17.36515830051311, 17.36515830051311, 17.154270179478125, 16.873298320332427, 16.873298320332427, 16.80661751804407, 16.80661751804407, 16.80661751804407, 16.80661751804407, 16.80661751804407]"
instance_520,10,13.64068,13.76362,10,0.009012747165097328,49.98962187767029,1000,"[14.939855025924722, 13.847793344764877, 13.763624854539419, 13.763624854539419, 13.763624854539419, 13.763624854539419, 13.763624854539419, 13.763624854539419, 13.763624854539419, 13.763624854539419]"
instance_517,10,13.58531,14.0491,10,0.03413908111040525,52.866251707077026,1000,"[14.587192199655552, 14.13794976653513, 14.062991148135072, 14.062991148135072, 14.062991148135072, 14.04910321481847, 14.04910321481847, 14.04910321481847, 14.04910321481847, 14.04910321481847]"
instance_519,9,14.08353,14.40007,10,0.02247589915312424,52.67955923080444,1000,"[15.507336153142749, 14.534860505819774, 14.534860505819774, 14.464580110843455, 14.400074438115062, 14.400074438115062, 14.400074438115062, 14.400074438115062, 14.400074438115062, 14.400074438115062]"
instance_523,10,13.23822,13.37124,10,0.01004817868263257,50.17309069633484,1000,"[13.825868867311643, 13.634989676555653, 13.422357477310165, 13.422357477310165, 13.422357477310165, 13.422357477310165, 13.422357477310165, 13.37124355122701, 13.37124355122701, 13.37124355122701]"
instance_521,12,20.44904,20.51577,12,0.0032632338730815597,52.90234375,1000,"[21.459383101880565, 20.617017282873586, 20.617017282873586, 20.617017282873586, 20.617017282873586, 20.569309218188227, 20.569309218188227, 20.51576950258358, 20.51576950258358, 20.515769502583577]"
instance_524,9,14.41493,15.26223,10,0.05877933503665995,50.343353271484375,1000,"[15.842804130602264, 15.63699478896483, 15.61594683723532, 15.467887254374038, 15.37156526981953, 15.368978903733451, 15.338182881789361, 15.262228622081235, 15.262228622081233, 15.262228622081233]"
instance_525,12,22.22872,22.6062,12,0.01698163457005181,51.08935499191284,1000,"[23.479036737869595, 22.93653687989222, 22.921938321702704, 22.921938321702704, 22.606202662184685, 22.606202662184685, 22.606202662184685, 22.606202662184685, 22.606202662184685, 22.606202662184685]"
instance_541,8,10.8044,11.32213,8,0.04791844063529676,35.15551686286926,1000,"[11.906937778888171, 11.586121231368343, 11.586121231368342, 11.586121231368342, 11.586121231368342, 11.472111911651654, 11.322130869845312, 11.322130869845312, 11.322130869845312, 11.322130869845312]"
instance_536,9,12.40488,12.82041,11,0.033497301062162664,39.997318744659424,1000,"[12.820407536653386, 12.820407536653386, 12.820407536653386, 12.820407536653386, 12.820407536653386, 12.820407536653386, 12.820407536653384, 12.820407536653384, 12.820407536653384, 12.820407536653384]"
instance_530,10,14.50609,14.72474,10,0.015072979693356392,49.19191765785217,1000,"[15.31736533264436, 14.984656743726605, 14.837303045669142, 14.724736939813868, 14.724736939813866, 14.724736939813866, 14.724736939813866, 14.724736939813866, 14.724736939813866, 14.724736939813866]"
instance_544,10,17.60245,18.08318,11,0.02731040281324461,35.8773148059845,1000,"[18.38303855490081, 18.37734214670146, 18.37734214670146, 18.368279457074173, 18.368279457074173, 18.368279457074173, 18.368279457074173, 18.368279457074173, 18.368279457074173, 18.08318025010078]"
instance_527,9,11.55986,11.59685,9,0.0031998657423186277,55.32575583457947,1000,"[12.02368735705866, 11.720959608902593, 11.688788386170984, 11.670078983918835, 11.670078983918835, 11.596851975060034, 11.596851975060034, 11.596851975060034, 11.596851975060032, 11.596851975060032]"
instance_529,10,15.92757,16.37634,10,0.02817567274857368,54.41280722618103,1000,"[17.054913151129604, 16.642708799809206, 16.642708799809206, 16.37634262962447, 16.37634262962447, 16.37634262962447, 16.37634262962447, 16.37634262962447, 16.37634262962447, 16.37634262962447]"
instance_531,9,12.24516,12.33614,10,0.00742987433402259,51.98573541641235,1000,"[12.474570490110315, 12.433918877608697, 12.433918877608697, 12.433918877608697, 12.433918877608697, 12.337203391715125, 12.337203391715125, 12.337203391715125, 12.336137324564078, 12.336137324564078]"
instance_547,10,16.77854,16.81561,11,0.0022093698259800874,37.55447220802307,1000,"[17.617948788941387, 17.146716836044956, 17.146716836044956, 17.146716836044956, 17.10533899427182, 16.818179567280485, 16.81817956728048, 16.81817956728048, 16.81817956728048, 16.8156135038516]"
instance_532,9,11.60245,11.68662,9,0.007254502281845671,51.15234589576721,1000,"[12.767047571479173, 12.423455262247627, 11.799121607851523, 11.799121607851523, 11.799121607851522, 11.799121607851522, 11.799121607851522, 11.694341400532924, 11.694341400532924, 11.68662029194267]"
instance_534,8,12.13439,12.59027,9,0.03756925564449474,51.91476631164551,1000,"[13.035901025659292, 13.035901025659292, 12.687205632487323, 12.687205632487322, 12.652460509118868, 12.652460509118868, 12.652460509118868, 12.590267838289043, 12.59026783828904, 12.59026783828904]"
instance_538,11,20.99374,21.29689,11,0.01444001878655267,51.55452060699463,1000,"[22.617189043681382, 22.035907108959805, 21.75217873758227, 21.659450862693348, 21.659450862693348, 21.29688512816328, 21.29688512816328, 21.29688512816328, 21.29688512816328, 21.29688512816328]"
instance_537,10,16.18317,16.49425,11,0.0192224391142156,53.10144591331482,1000,"[16.738498850204827, 16.735112945845955, 16.607293039078215, 16.607293039078215, 16.494251209962556, 16.494251209962556, 16.494251209962556, 16.494251209962556, 16.494251209962552, 16.494251209962552]"
instance_535,10,13.97142,14.31469,10,0.024569442476140606,53.389795780181885,1000,"[14.758660143819801, 14.31469379043792, 14.31469379043792, 14.31469379043792, 14.31469379043792, 14.31469379043792, 14.31469379043792, 14.31469379043792, 14.31469379043792, 14.31469379043792]"
instance_539,9,14.05368,14.54215,10,0.03475744431351785,50.797271490097046,1000,"[14.873755511507689, 14.828066114132167, 14.828066114132165, 14.816498094979206, 14.80960177858729, 14.542154725408054, 14.542154725408054, 14.542154725408054, 14.542154725408054, 14.542154725408054]"
instance_543,9,12.68586,12.92952,9,0.019207211809053562,49.48959016799927,1000,"[13.091004023578984, 13.033925136656517, 13.033925136656517, 13.033925136656517, 13.004782654222467, 12.929521801565228, 12.929521801565226, 12.929521801565226, 12.929521801565226, 12.929521801565226]"
instance_557,9,11.98836,12.41185,10,0.03532509867905195,36.829123735427856,1000,"[12.898815366574127, 12.713252382400992, 12.713252382400992, 12.67132175501192, 12.671321755011919, 12.671321755011919, 12.411854784009389, 12.411854784009389, 12.411854784009389, 12.411854784009389]"
instance_540,10,13.83515,14.21787,11,0.02766287318894259,53.874016523361206,1000,"[14.749757695473718, 14.264218834044426, 14.25538132198819, 14.25538132198819, 14.25538132198819, 14.25538132198819, 14.25538132198819, 14.25538132198819, 14.217868421822184, 14.217868421822184]"
instance_542,9,11.97101,12.05233,9,0.006793077609992794,54.4753303527832,1000,"[12.062651232991758, 12.062651232991758, 12.052327676004534, 12.052327676004534, 12.052327676004534, 12.052327676004534, 12.052327676004534, 12.052327676004532, 12.052327676004532, 12.052327676004532]"
instance_571,9,12.33151,12.33151,9,0.0,30.121746063232422,529,"[12.691341587433417, 12.546433919233174, 12.459852772386144, 12.409158748552573, 12.345630546034418]"
instance_546,10,15.01122,15.75175,10,0.049331766505320666,51.80978870391846,1000,"[16.219937240100766, 15.998914279996185, 15.839568282002077, 15.839568282002075, 15.816306385367222, 15.816306385367222, 15.797278866062022, 15.797278866062022, 15.775638177411244, 15.751748311829713]"
instance_545,11,19.68539,19.94291,11,0.013081782987281406,52.43317770957947,1000,"[21.23068893072468, 19.942909248029903, 19.942909248029903, 19.942909248029903, 19.942909248029903, 19.942909248029903, 19.942909248029903, 19.942909248029903, 19.942909248029903, 19.942909248029903]"
instance_548,9,13.13268,13.65894,10,0.04007255183252762,49.82757043838501,1000,"[13.938962767968505, 13.893054885275536, 13.893054885275536, 13.879937793764867, 13.696999860113435, 13.696999860113435, 13.696999860113435, 13.660996822824007, 13.658936716782737, 13.658936716782737]"
instance_566,10,14.70324,15.11218,10,0.027812917425003008,37.25791335105896,1000,"[15.300701136461065, 15.112183705244037, 15.112183705244037, 15.112183705244037, 15.112183705244037, 15.112183705244037, 15.112183705244037, 15.112183705244037, 15.112183705244037, 15.112183705244037]"
instance_551,9,12.34341,12.73728,10,0.031909334616609164,49.86274266242981,1000,"[13.055473530008186, 12.737279378267115, 12.737279378267115, 12.737279378267115, 12.737279378267115, 12.737279378267115, 12.737279378267115, 12.737279378267115, 12.737279378267115, 12.737279378267115]"
instance_552,10,16.97447,17.29612,11,0.018949045242649593,49.459811210632324,1000,"[19.701302765483184, 17.296119437010596, 17.296119437010596, 17.296119437010596, 17.296119437010596, 17.296119437010596, 17.296119437010596, 17.296119437010596, 17.296119437010596, 17.296119437010596]"
instance_550,9,13.92745,14.18437,10,0.01844702368344522,52.200852394104004,1000,"[14.696436928780223, 14.474963034717742, 14.228849137370695, 14.219243725865192, 14.219243725865192, 14.219243725865192, 14.219243725865192, 14.184370711568176, 14.184370711568176, 14.184370711568176]"
instance_575,11,19.89456,19.89456,11,0.0,31.503581047058105,607,"[21.682819393214743, 20.3882930767027, 20.3882930767027, 20.3882930767027, 20.3882930767027, 20.087017960247955]"
instance_549,10,14.57926,15.11143,10,0.03650185263175228,54.19991970062256,1000,"[16.797429006221684, 15.111428183064548, 15.111428183064547, 15.111428183064547, 15.111428183064547, 15.111428183064547, 15.111428183064547, 15.111428183064547, 15.111428183064547, 15.111428183064547]"
instance_554,11,18.31925,18.80084,11,0.026288739986626123,51.23720383644104,1000,"[19.605662583608357, 19.582605413397793, 19.582605413397793, 19.568854009598976, 18.872377308298667, 18.8008379071384, 18.8008379071384, 18.8008379071384, 18.8008379071384, 18.8008379071384]"
instance_556,9,12.27499,12.58392,10,0.02516743394495638,49.512378454208374,1000,"[13.087557020346942, 12.714691278794426, 12.583919036823554, 12.583919036823554, 12.583919036823554, 12.583919036823554, 12.583919036823554, 12.583919036823554, 12.583919036823554, 12.583919036823554]"
instance_553,10,13.26379,13.71729,11,0.034190830825880085,53.24950194358826,1000,"[14.11924737830794, 14.057570517593454, 13.936160153408675, 13.76918452966721, 13.76918452966721, 13.76918452966721, 13.76918452966721, 13.76918452966721, 13.720223314466429, 13.71728591054224]"
instance_555,9,13.07387,13.07836,10,0.0003434331227096911,51.49211287498474,1000,"[13.886499049460127, 13.770230816475927, 13.164525496419646, 13.164525496419644, 13.164525496419643, 13.164525496419643, 13.164525496419643, 13.078360782645355, 13.078360782645353, 13.078360782645353]"
instance_558,10,16.20016,16.98081,11,0.048187795676092174,49.90420150756836,1000,"[17.22908261439524, 17.147647116680208, 17.147647116680208, 17.147647116680208, 17.147647116680208, 16.980808392927045, 16.980808392927045, 16.980808392927045, 16.980808392927045, 16.980808392927045]"
instance_560,9,14.68025,15.57998,10,0.06128846579588234,50.28718852996826,1000,"[15.668049963860177, 15.580758638361475, 15.580758638361475, 15.580758638361475, 15.580445288531111, 15.579976251535848, 15.579976251535848, 15.579976251535848, 15.579976251535848, 15.579976251535848]"
instance_559,9,13.24262,13.88758,10,0.048703353263931104,51.46347236633301,1000,"[14.113047166582994, 14.104117516138839, 13.887579628220077, 13.887579628220077, 13.887579628220077, 13.887579628220077, 13.887579628220077, 13.887579628220077, 13.887579628220077, 13.887579628220077]"
instance_561,11,20.62248,21.16292,12,0.026206353455064585,50.899651288986206,1000,"[22.075349931071212, 22.011462294015384, 21.586569274559302, 21.586569274559302, 21.586569274559302, 21.162917010868018, 21.162917010868014, 21.162917010868014, 21.162917010868014, 21.162917010868014]"
instance_563,8,11.54152,11.55712,9,0.0013516417248333988,53.13909935951233,1000,"[12.148825677471438, 11.557118751138775, 11.557118751138775, 11.557118751138775, 11.557118751138775, 11.557118751138775, 11.557118751138775, 11.557118751138775, 11.557118751138775, 11.557118751138775]"
instance_562,10,14.45669,15.30231,11,0.05849333422795953,53.54775857925415,1000,"[16.125694068180614, 15.546684580985858, 15.511405149140844, 15.351089731111085, 15.302820524597351, 15.30282052459735, 15.30282052459735, 15.30282052459735, 15.302312307822378, 15.302312307822378]"
instance_582,9,14.24487,14.94455,10,0.049118033369205824,35.612252950668335,1000,"[15.810503618687136, 15.116767779342688, 15.116767779342684, 15.116767779342684, 15.099468449994205, 15.099468449994205, 14.949435303156257, 14.944547264872714, 14.944547264872714, 14.944547264872714]"
instance_564,9,11.43672,11.66194,9,0.01969270909841285,53.623204946517944,1000,"[12.39291941085326, 12.188163265590777, 12.188163265590777, 12.171339055343234, 11.704838841458258, 11.661938935644397, 11.661938935644395, 11.661938935644395, 11.661938935644395, 11.661938935644395]"
instance_568,9,11.59533,11.70603,9,0.009546946917422753,51.00772476196289,1000,"[12.124815255656683, 12.124815255656683, 12.124815255656683, 12.124815255656683, 11.706030259981388, 11.706030259981384, 11.706030259981384, 11.706030259981384, 11.706030259981384, 11.706030259981384]"
instance_567,10,13.30697,13.86758,10,0.04212904966344709,51.529831886291504,1000,"[14.366742356021907, 14.06075821726997, 13.963159215409432, 13.86758338873912, 13.86758338873912, 13.86758338873912, 13.86758338873912, 13.86758338873912, 13.86758338873912, 13.86758338873912]"
instance_572,10,14.49991,15.00269,11,0.03467469798088399,49.158719301223755,1000,"[15.477177910639377, 15.411746491642628, 15.002690632146084, 15.002690632146084, 15.002690632146084, 15.002690632146084, 15.002690632146084, 15.002690632146084, 15.002690632146084, 15.002690632146084]"
instance_569,10,15.43062,15.69907,10,0.01739722707188703,52.09907531738281,1000,"[16.78481662270917, 16.454579729071483, 15.833170054621434, 15.833170054621434, 15.793578772159659, 15.793578772159657, 15.793578772159657, 15.793578772159657, 15.793578772159657, 15.699069302804658]"
instance_565,10,16.88102,17.63214,11,0.04449494165636912,54.00468182563782,1000,"[17.791511608565553, 17.789811839703383, 17.789811839703383, 17.789811839703383, 17.789811839703383, 17.64873692906522, 17.63213799230796, 17.63213799230796, 17.63213799230796, 17.63213799230796]"
instance_570,11,19.79188,20.2011,12,0.020676156080170316,52.9748260974884,1000,"[21.122563698575416, 21.0248393953433, 20.42243022535003, 20.20109773960002, 20.20109773960002, 20.20109773960002, 20.20109773960002, 20.20109773960002, 20.20109773960002, 20.20109773960002]"
instance_580,9,12.55773,12.84933,9,0.02322075725469498,42.69929361343384,1000,"[13.666254934192956, 13.288219908176092, 13.034879314422412, 12.871629167050344, 12.871629167050342, 12.849326359823767, 12.849326359823767, 12.849326359823767, 12.849326359823765, 12.849326359823765]"
instance_573,10,15.47353,15.80472,10,0.021403648682621186,51.294376611709595,1000,"[16.106697901206722, 15.804717691579858, 15.804717691579857, 15.804717691579857, 15.804717691579857, 15.804717691579857, 15.804717691579857, 15.804717691579857, 15.804717691579857, 15.804717691579857]"
instance_586,9,14.12102,14.63028,10,0.03606396705053892,35.812718629837036,1000,"[15.344021658041878, 14.937192079279157, 14.851685661168169, 14.851685661168169, 14.851685661168167, 14.851685661168167, 14.838948663402212, 14.630275347772104, 14.630275347772104, 14.630275347772104]"
instance_579,10,13.82137,13.91836,10,0.007017394078879294,47.08530879020691,1000,"[14.16850659154007, 14.15204106941059, 14.074838650380663, 13.918364028096542, 13.91836402809654, 13.91836402809654, 13.91836402809654, 13.91836402809654, 13.918364028096539, 13.918364028096539]"
instance_574,9,13.18776,13.38706,9,0.015112498255958489,52.76351594924927,1000,"[13.838836971856484, 13.64291212775358, 13.62763960033024, 13.60634562218173, 13.606345622181728, 13.606345622181728, 13.450123552365742, 13.387061066856614, 13.387061066856614, 13.387061066856614]"
instance_576,10,17.50492,17.77576,10,0.015472221524005809,51.40065836906433,1000,"[18.685640650865214, 18.36373285316391, 18.349029156130342, 18.112838311124854, 17.77576094445215, 17.77576094445215, 17.77576094445215, 17.77576094445215, 17.775760944452145, 17.775760944452145]"
instance_577,9,14.30262,14.61603,10,0.021912768429840204,50.14168643951416,1000,"[15.239607702838148, 14.616025115409041, 14.616025115409041, 14.616025115409041, 14.616025115409041, 14.616025115409041, 14.616025115409041, 14.616025115409041, 14.616025115409041, 14.616025115409041]"
instance_578,9,13.0764,13.57269,10,0.03795310635954851,50.92014932632446,1000,"[14.265507154463702, 13.580464048535717, 13.572694836882906, 13.572694836882906, 13.572694836882905, 13.572694836882905, 13.572694836882905, 13.572694836882905, 13.572694836882905, 13.572694836882905]"
instance_593,9,11.54242,11.54242,9,0.0,35.530710220336914,636,"[12.752165801176558, 11.884126135433274, 11.704379388852688, 11.68122596825514, 11.68122596825514, 11.68122596825514]"
instance_590,9,13.91949,14.31678,10,0.028541993995469656,40.93501877784729,1000,"[15.023609639578034, 14.664527427091782, 14.525515225160342, 14.409643956296314, 14.409643956296312, 14.409643956296312, 14.316783244439986, 14.316783244439986, 14.316783244439986, 14.316783244439986]"
instance_581,10,17.28786,17.70592,11,0.024182287454896128,51.998650550842285,1000,"[18.767757127845254, 18.10878257434485, 17.989380823654788, 17.989380823654788, 17.989380823654788, 17.831000049745203, 17.7059231251606, 17.7059231251606, 17.7059231251606, 17.7059231251606]"
instance_583,9,13.62338,13.92768,10,0.02233660075546607,49.523826599121094,1000,"[14.282038744846313, 14.063984888811271, 14.063984888811271, 14.013005285221826, 13.927677263790404, 13.927677263790404, 13.927677263790404, 13.927677263790404, 13.927677263790404, 13.927677263790404]"
instance_584,10,16.95227,17.51169,11,0.03299971036327306,50.49988579750061,1000,"[17.726710507375607, 17.51168571426796, 17.51168571426796, 17.51168571426796, 17.51168571426796, 17.51168571426796, 17.51168571426796, 17.51168571426796, 17.51168571426796, 17.51168571426796]"
instance_585,9,11.5286,12.40121,10,0.07569089048106446,49.71527671813965,1000,"[12.46486442461879, 12.46486442461879, 12.46486442461879, 12.46486442461879, 12.46486442461879, 12.46486442461879, 12.46486442461879, 12.46486442461879, 12.401205919535574, 12.401205919535574]"
instance_594,11,17.51124,18.16119,11,0.03711616082013612,42.05322790145874,1000,"[18.611298867328134, 18.161186616875938, 18.161186616875938, 18.161186616875938, 18.161186616875938, 18.161186616875938, 18.161186616875938, 18.161186616875938, 18.161186616875938, 18.161186616875938]"
instance_587,10,16.54988,17.2776,10,0.04397131580410238,51.196582078933716,1000,"[17.653471630759256, 17.277603706797695, 17.277603706797695, 17.277603706797695, 17.277603706797695, 17.277603706797695, 17.277603706797695, 17.277603706797695, 17.277603706797695, 17.277603706797695]"
instance_601,10,15.89101,16.81495,11,0.05814230813522866,36.742558002471924,1000,"[17.247375477573176, 17.245495710038142, 16.81893019566909, 16.814947751603203, 16.814947751603203, 16.814947751603203, 16.814947751603203, 16.814947751603203, 16.814947751603203, 16.814947751603203]"
instance_588,9,14.1222,14.98483,10,0.06108325898231162,51.41902470588684,1000,"[15.42230432641792, 14.992308333844536, 14.98482899083383, 14.984828990833828, 14.984828990833828, 14.984828990833828, 14.984828990833828, 14.984828990833828, 14.984828990833828, 14.984828990833828]"
instance_592,10,17.16325,17.57367,11,0.023912720492913545,49.5421142578125,1000,"[18.991726435228244, 18.602969105483034, 17.573673100353624, 17.57367310035362, 17.57367310035362, 17.57367310035362, 17.57367310035362, 17.57367310035362, 17.57367310035362, 17.57367310035362]"
instance_591,11,18.80316,19.12728,12,0.01723752816016035,49.64012050628662,1000,"[20.13816869519866, 19.255470235291746, 19.1782535645246, 19.1782535645246, 19.1782535645246, 19.1782535645246, 19.135732536988627, 19.135732536988627, 19.131849075831184, 19.127281978057113]"
instance_589,10,12.99342,13.11313,10,0.009213124797012607,51.31395173072815,1000,"[13.375393837210787, 13.187722459444924, 13.113134811930106, 13.113134811930106, 13.113134811930106, 13.113134811930106, 13.113134811930106, 13.113134811930106, 13.113134811930106, 13.113134811930106]"
instance_608,9,12.70598,12.70611,10,1.0231402851287942e-05,39.036409854888916,1000,"[13.493150300409791, 13.486356750033858, 12.706110555114705, 12.706110555114703, 12.706110555114703, 12.706110555114703, 12.706110555114703, 12.706110555114702, 12.706110555114702, 12.706110555114702]"
instance_596,9,12.6277,13.15767,10,0.04196884626654091,48.646220445632935,1000,"[13.770741761874536, 13.25718560875512, 13.225624107824505, 13.225624107824505, 13.225624107824505, 13.225624107824505, 13.157669426089345, 13.157669426089345, 13.157669426089345, 13.157669426089345]"
instance_595,10,15.15689,15.69606,11,0.03557260097552985,52.547120809555054,1000,"[16.948568810482293, 16.361286110518215, 16.258978172615308, 16.252119557759443, 16.252119557759443, 16.252119557759443, 16.252119557759443, 16.250407675660124, 15.696057613721782, 15.696057613721782]"
instance_599,9,11.05175,11.42685,9,0.033940326192684396,50.52123951911926,1000,"[11.753978122049064, 11.697374309959827, 11.581400754267857, 11.483277223727347, 11.473921393238976, 11.473921393238976, 11.473921393238976, 11.426849411852405, 11.426849411852405, 11.426849411852405]"
instance_598,12,22.8206,23.10347,12,0.01239537961315665,51.50950622558594,1000,"[24.175433865954915, 23.542690433641482, 23.10346828772471, 23.103468287724706, 23.103468287724706, 23.103468287724706, 23.103468287724706, 23.103468287724706, 23.103468287724706, 23.103468287724706]"
instance_597,9,15.0482,15.56767,10,0.03452040775640941,52.24590253829956,1000,"[16.715245749026828, 16.06257455390129, 15.966578085206887, 15.966578085206887, 15.966578085206887, 15.852918881034668, 15.852918881034668, 15.852918881034668, 15.567667794285802, 15.5676677942858]"
instance_600,11,20.68293,21.44005,12,0.03660603212407529,53.009291648864746,1000,"[22.303010508197847, 21.750339161693947, 21.44005451908498, 21.44005451908498, 21.440054519084978, 21.440054519084978, 21.440054519084978, 21.440054519084978, 21.440054519084978, 21.440054519084978]"
instance_617,9,12.45798,12.48248,9,0.001966610959401245,37.5749614238739,1000,"[12.594959711301128, 12.594959711301126, 12.594959711301126, 12.531373880251026, 12.519321051413728, 12.482482906739364, 12.482482906739364, 12.482482906739364, 12.482482906739364, 12.482482906739364]"
instance_602,9,12.27751,12.4831,9,0.016745252091018525,51.70660185813904,1000,"[13.27279945665833, 12.567394713471467, 12.510254273579719, 12.510254273579719, 12.510254273579719, 12.510254273579717, 12.510254273579717, 12.510254273579717, 12.483097815016341, 12.48309781501634]"
instance_605,8,10.29902,10.33983,8,0.0039625129381240815,50.68299126625061,1000,"[10.354170894551588, 10.354170894551588, 10.354170894551586, 10.354170894551586, 10.354170894551586, 10.339833536329321, 10.339833536329321, 10.339833536329321, 10.339833536329321, 10.339833536329321]"
instance_603,9,12.32734,12.39951,9,0.0058544665759198535,52.24259805679321,1000,"[13.217252139036491, 13.063329644524757, 12.529515857676412, 12.399508570550202, 12.3995085705502, 12.3995085705502, 12.3995085705502, 12.3995085705502, 12.3995085705502, 12.3995085705502]"
instance_604,9,12.10903,12.36853,9,0.02143028797517218,52.18402051925659,1000,"[12.855398815187838, 12.605339058543782, 12.44627754588013, 12.44627754588013, 12.44627754588013, 12.44627754588013, 12.44627754588013, 12.378541074374043, 12.368534067254053, 12.368534067254053]"
instance_607,10,17.11864,17.8375,11,0.04199282185968041,51.38975286483765,1000,"[19.516418622308958, 17.895569911922376, 17.83749760808334, 17.83749760808334, 17.83749760808334, 17.83749760808334, 17.83749760808334, 17.83749760808334, 17.83749760808334, 17.83749760808334]"
instance_627,9,14.30412,14.79992,10,0.034661342326546545,35.79038596153259,1000,"[15.365412044438152, 15.365412044438152, 15.059086609797111, 14.831961777898954, 14.826862292180381, 14.799924300195523, 14.799924300195523, 14.799924300195523, 14.799924300195523, 14.799924300195523]"
instance_606,9,12.54033,12.88533,9,0.02751123774254735,52.887033224105835,1000,"[13.654211943237147, 13.561136733046675, 13.415322435549948, 13.415322435549948, 13.415322435549948, 13.415322435549948, 13.415322435549948, 13.415322435549948, 13.338417969866915, 12.885325569808263]"
instance_611,9,11.58716,11.90565,10,0.02748645914961033,50.030967235565186,1000,"[11.978837375820394, 11.905649681618167, 11.905649681618167, 11.905649681618167, 11.905649681618167, 11.905649681618167, 11.905649681618167, 11.905649681618167, 11.905649681618167, 11.905649681618167]"
instance_609,10,14.92642,15.05288,10,0.008472225758085313,51.12639665603638,1000,"[15.282684745968076, 15.052876678702729, 15.052876678702729, 15.052876678702727, 15.052876678702727, 15.052876678702727, 15.052876678702727, 15.052876678702727, 15.052876678702727, 15.052876678702727]"
instance_618,9,12.63508,12.88119,10,0.019478309595190518,42.30555748939514,1000,"[13.726562093642587, 13.341822773591447, 13.023885752224148, 13.023885752224148, 12.881192879947491, 12.881192879947491, 12.881192879947491, 12.881192879947491, 12.881192879947491, 12.881192879947491]"
instance_625,9,12.09818,12.23551,9,0.011351294161601199,38.88702726364136,1000,"[12.578960400158465, 12.578960400158465, 12.379098865527734, 12.379098865527734, 12.235513527900515, 12.235513527900515, 12.235513527900515, 12.235513527900515, 12.235513527900515, 12.235513527900515]"
instance_613,9,12.92156,13.23506,10,0.024261776441853865,51.01737356185913,1000,"[13.651979203823458, 13.598229452970145, 13.598229452970143, 13.398651637133934, 13.398651637133934, 13.398651637133934, 13.398651637133934, 13.235057888808544, 13.235057888808544, 13.235057888808544]"
instance_612,9,12.32466,12.78715,10,0.037525578798928386,52.26935791969299,1000,"[13.088619351213588, 13.004631618519612, 12.873322915224573, 12.873322915224573, 12.862081900429434, 12.787153425514049, 12.787153425514049, 12.787153425514049, 12.787153425514049, 12.787153425514049]"
instance_610,9,12.13654,12.22517,9,0.007302740319728704,54.566041707992554,1000,"[12.90923983074123, 12.254095581228025, 12.242362529949574, 12.225172929471153, 12.225172929471153, 12.225172929471151, 12.225172929471151, 12.225172929471151, 12.225172929471151, 12.225172929471151]"
instance_616,10,13.72682,13.863,10,0.009920724537802603,49.95454931259155,1000,"[14.62641967738051, 14.569429623474878, 14.569429623474878, 14.228184797002534, 14.134423795743764, 14.125450498936148, 13.868800663127054, 13.868800663127054, 13.862996979337904, 13.862996979337904]"
instance_614,9,11.25005,11.84712,10,0.053072653010431105,53.3380491733551,1000,"[12.279339036940408, 12.244599915927102, 12.161297246615772, 12.161297246615772, 12.161297246615772, 11.988837646346724, 11.988837646346724, 11.988837646346724, 11.847123863403109, 11.847123863403109]"
instance_615,9,12.44543,12.7618,10,0.025420576066877493,51.4330837726593,1000,"[13.122152042609002, 12.862295728682255, 12.761804673765393, 12.761804673765392, 12.761804673765392, 12.761804673765392, 12.761804673765392, 12.761804673765392, 12.761804673765392, 12.761804673765392]"
instance_620,9,11.68987,11.76917,9,0.006783651144110236,49.47621512413025,1000,"[12.473008690351065, 12.030699681208635, 11.780853202815546, 11.769171510441975, 11.769171510441975, 11.769171510441975, 11.769171510441975, 11.769171510441975, 11.769171510441975, 11.769171510441975]"
instance_619,11,17.58848,17.80402,11,0.012254612109744602,51.809905767440796,1000,"[19.526051398354852, 18.276475180486546, 18.276475180486546, 18.268875757444466, 18.266525407821998, 18.266525407821998, 17.804022693552792, 17.804022693552792, 17.804022693552792, 17.804022693552792]"
instance_623,8,9.25436,9.84239,9,0.06354086074023485,49.99672818183899,1000,"[10.064510381197993, 10.064510381197993, 10.064510381197993, 9.84239467735538, 9.84239467735538, 9.84239467735538, 9.842394677355378, 9.842394677355378, 9.842394677355378, 9.842394677355378]"
instance_621,10,16.33633,16.79173,11,0.02787651816534074,51.410215854644775,1000,"[18.216095965952032, 17.072794168182163, 16.834373041633697, 16.819431657255766, 16.819431657255766, 16.791728527551452, 16.791728527551452, 16.791728527551452, 16.791728527551452, 16.791728527551452]"
instance_622,9,11.06262,11.80271,9,0.06690006526482863,51.99762511253357,1000,"[11.831497509713873, 11.831497509713873, 11.831497509713872, 11.831497509713872, 11.831497509713872, 11.831497509713872, 11.802706728178427, 11.802706728178427, 11.802706728178427, 11.802706728178427]"
instance_624,9,10.06719,10.13815,9,0.0070486401865862735,51.407164096832275,1000,"[10.256067188154226, 10.256067188154226, 10.256067188154226, 10.256067188154224, 10.243261707227894, 10.212110707839742, 10.212110707839742, 10.181403590724347, 10.138154545187021, 10.138154545187021]"
instance_629,10,16.50557,17.25444,10,0.04537074454259987,50.332194089889526,1000,"[17.54594879878045, 17.342941750887842, 17.342941750887842, 17.342941750887842, 17.342941750887842, 17.2961572365343, 17.2961572365343, 17.2544409648471, 17.2544409648471, 17.2544409648471]"
instance_628,10,15.39501,15.76096,10,0.023770689333751753,50.5232458114624,1000,"[17.676423534629713, 16.826467139348775, 16.179545328146073, 16.176845913301165, 16.02303755825414, 15.81167343796475, 15.81167343796475, 15.760958316689603, 15.760958316689603, 15.760958316689603]"
instance_631,10,14.22878,14.77296,11,0.03824502170952106,50.32987952232361,1000,"[15.047313747040679, 14.82169586604958, 14.803397836328518, 14.803397836328518, 14.77295608987432, 14.77295608987432, 14.77295608987432, 14.77295608987432, 14.77295608987432, 14.77295608987432]"
instance_626,8,10.38182,11.01896,9,0.06137074231685779,54.5638952255249,1000,"[11.616872443955462, 11.01895909646707, 11.01895909646707, 11.01895909646707, 11.01895909646707, 11.01895909646707, 11.01895909646707, 11.01895909646707, 11.01895909646707, 11.01895909646707]"
instance_634,11,16.88818,17.71373,11,0.04888330181227364,44.48981714248657,1000,"[18.555396897303723, 17.932431554814706, 17.78803454203796, 17.730571230497095, 17.71372796899279, 17.71372796899279, 17.71372796899279, 17.71372796899279, 17.71372796899279, 17.71372796899279]"
instance_630,11,18.90495,19.60301,12,0.03692472077418886,52.89603877067566,1000,"[20.172421586818217, 19.63847018774748, 19.63847018774748, 19.63847018774748, 19.63847018774748, 19.603014901719142, 19.603014901719142, 19.603014901719142, 19.603014901719142, 19.603014901719142]"
instance_632,10,14.54096,15.01045,11,0.03228741431102213,51.54785490036011,1000,"[15.148012046185231, 15.010449226799532, 15.010449226799532, 15.010449226799532, 15.010449226799532, 15.010449226799532, 15.010449226799532, 15.010449226799532, 15.010449226799532, 15.010449226799532]"
instance_633,10,11.44943,11.59973,10,0.013127291052917016,51.66300392150879,1000,"[11.910531570324242, 11.910531570324242, 11.708071569586629, 11.708071569586629, 11.599727315330433, 11.599727315330433, 11.599727315330433, 11.599727315330432, 11.599727315330432, 11.599727315330432]"
instance_636,8,11.26409,11.59187,8,0.029099554424725,50.67998456954956,1000,"[11.789606194419122, 11.60477739393571, 11.60477739393571, 11.60477739393571, 11.591865947837887, 11.591865947837887, 11.591865947837887, 11.591865947837887, 11.591865947837885, 11.591865947837885]"
instance_635,9,12.58613,12.88624,9,0.023844501844490728,52.849013805389404,1000,"[13.442703162041136, 12.906975970432562, 12.906975970432562, 12.906975970432562, 12.886238702004018, 12.886238702004018, 12.886238702004018, 12.886238702004018, 12.886238702004018, 12.886238702004018]"
instance_639,11,17.43015,18.49609,11,0.061154952768622046,51.424965381622314,1000,"[18.696992380666796, 18.673443796754267, 18.652802845822947, 18.620778245334797, 18.598539380907955, 18.598539380907955, 18.598539380907955, 18.598539380907955, 18.59274058747922, 18.496087463747774]"
instance_647,9,12.09614,12.46927,9,0.030847030540321105,41.897122383117676,1000,"[12.74646327312877, 12.74646327312877, 12.74646327312877, 12.498859295953295, 12.469265488081462, 12.46926548808146, 12.46926548808146, 12.46926548808146, 12.469265488081458, 12.469265488081458]"
instance_637,10,16.99084,17.40875,11,0.024596194184631406,53.85813498497009,1000,"[18.222697944526164, 17.47851820515603, 17.447590330259217, 17.44699986140634, 17.446999861406336, 17.408753066968913, 17.40875306696891, 17.40875306696891, 17.40875306696891, 17.40875306696891]"
instance_653,10,13.78435,13.97851,10,0.014085539035210228,35.203099727630615,1000,"[14.133196238985567, 13.978507682362526, 13.978507682362526, 13.978507682362526, 13.978507682362526, 13.978507682362526, 13.978507682362526, 13.978507682362526, 13.978507682362526, 13.978507682362526]"
instance_651,8,11.0223,11.78734,9,0.06940838119085861,38.2306432723999,1000,"[12.339290998315025, 12.323278480208941, 11.868770036764854, 11.868770036764854, 11.868770036764854, 11.868770036764854, 11.823566654864923, 11.815458047077243, 11.787520119787905, 11.78734326778858]"
instance_644,10,11.07719,11.07719,10,0.0,49.55471158027649,906,"[12.223450015658193, 11.380922788539733, 11.380922788539733, 11.267481811696134, 11.245319050649654, 11.184928081065035, 11.184928081065035, 11.184928081065035, 11.184928081065035]"
instance_646,9,15.86377,16.64097,10,0.0489921374301316,45.44733786582947,1000,"[17.998559718025632, 17.166319258877962, 17.166319258877962, 17.10575691127917, 16.640972572375592, 16.640972572375592, 16.640972572375592, 16.640972572375592, 16.640972572375592, 16.640972572375592]"
instance_640,10,15.83091,16.36339,10,0.033635463785720444,52.74639916419983,1000,"[17.40652863790524, 16.974667391034927, 16.974667391034927, 16.54749709113629, 16.54749709113629, 16.368489689617736, 16.368489689617736, 16.368489689617736, 16.368489689617736, 16.363390924884236]"
instance_642,10,15.27717,15.41723,10,0.009167928353222493,51.66215372085571,1000,"[16.195639960214226, 15.470978440799243, 15.470978440799241, 15.424275047033579, 15.424275047033579, 15.424275047033577, 15.418696310965581, 15.418696310965581, 15.418696310965581, 15.417228181507232]"
instance_643,10,13.60432,13.8597,10,0.018771978312771283,51.93543362617493,1000,"[14.272844466769701, 14.272844466769701, 14.2728444667697, 14.2728444667697, 14.2728444667697, 14.062457525260653, 14.015796290727657, 13.859698436755435, 13.859698436755435, 13.859698436755433]"
instance_641,10,14.73888,14.83053,10,0.006218247248094806,52.95008373260498,1000,"[16.250539888977293, 16.250539888977293, 16.250539888977293, 14.88140932860796, 14.830530856829954, 14.830530856829954, 14.830530856829954, 14.830530856829954, 14.830530856829954, 14.830530856829954]"
instance_638,10,14.50831,14.812,10,0.020932141648475913,57.792640686035156,1000,"[15.602915359977779, 15.034814033680181, 14.958734904383942, 14.812002926097573, 14.812002926097573, 14.812002926097573, 14.812002926097573, 14.812002926097573, 14.812002926097573, 14.812002926097573]"
instance_681,11,19.93321,19.9333,11,4.515078103333358e-06,16.582009077072144,305,"[21.908230840510853, 20.075837117102, 19.936055870039603]"
instance_659,9,13.08128,13.34349,9,0.020044674527263356,37.219576597213745,1000,"[14.50559358153527, 13.78636329518403, 13.765333889533963, 13.64211463868336, 13.64211463868336, 13.64211463868336, 13.343488216954237, 13.343488216954235, 13.343488216954235, 13.343488216954235]"
instance_645,9,12.70875,12.85817,9,0.011757253860529102,54.35354781150818,1000,"[13.296587098023506, 13.25448519838469, 13.25448519838469, 13.25448519838469, 13.25448519838469, 13.152559220676983, 13.152559220676983, 13.124879066636739, 13.124879066636739, 12.858165786718002]"
instance_664,11,20.00641,20.90032,12,0.044681179681912035,36.972625732421875,1000,"[22.21770173010278, 21.13217064924428, 20.900322196405348, 20.900322196405344, 20.900322196405344, 20.900322196405344, 20.900322196405344, 20.900322196405344, 20.900322196405344, 20.900322196405344]"
instance_663,9,13.08605,13.39294,10,0.023451690922776484,37.222655296325684,1000,"[14.05042524413869, 13.426803233869839, 13.426803233869839, 13.392938334343823, 13.392938334343823, 13.392938334343823, 13.392938334343823, 13.392938334343823, 13.392938334343823, 13.392938334343823]"
instance_660,10,16.69395,16.72704,11,0.001982155211917961,40.23413348197937,1000,"[17.990386606575694, 16.96073194541669, 16.96073194541669, 16.96073194541669, 16.96073194541669, 16.96073194541669, 16.96073194541669, 16.96073194541669, 16.960731945416686, 16.727040864146126]"
instance_648,10,16.61364,17.38609,10,0.04649492826376394,51.29501557350159,1000,"[18.819328724000684, 17.798598354561143, 17.628930425195684, 17.389339472854424, 17.389339472854424, 17.389339472854424, 17.386093326917507, 17.386093326917507, 17.386093326917507, 17.386093326917507]"
instance_649,9,13.42296,14.12444,10,0.052259710227848415,49.416985511779785,1000,"[14.768830855270998, 14.620564601542416, 14.551900704981648, 14.551900704981648, 14.551900704981648, 14.551900704981648, 14.551900704981648, 14.153700489149776, 14.124440127751324, 14.12444012775132]"
instance_650,9,14.3507,14.51316,9,0.011320702126028653,50.044699907302856,1000,"[15.378173546086026, 15.025578787461356, 15.025578787461356, 15.025578787461356, 14.955620737537956, 14.955620737537956, 14.955620737537956, 14.587797195862661, 14.572739747707061, 14.513161390483178]"
instance_673,9,13.64616,13.64616,9,0.0,32.6993088722229,612,"[14.934326435856912, 13.78163356545582, 13.78163356545582, 13.78163356545582, 13.78163356545582, 13.671678725531974]"
instance_655,9,13.29726,13.68216,9,0.028945812896792274,49.340954065322876,1000,"[14.484273415937094, 13.806609998659846, 13.806609998659846, 13.682163234867321, 13.682163234867321, 13.682163234867321, 13.682163234867321, 13.682163234867321, 13.682163234867321, 13.682163234867321]"
instance_656,9,13.01279,13.22856,10,0.01658137878195215,51.39489412307739,1000,"[13.521520050742076, 13.4171019446717, 13.228558101677617, 13.228558101677617, 13.228558101677617, 13.228558101677615, 13.228558101677615, 13.228558101677615, 13.228558101677615, 13.228558101677615]"
instance_657,9,12.66678,13.54696,10,0.06948727300861002,51.13193988800049,1000,"[14.12361223501669, 14.108195331784062, 14.095612593606832, 14.095612593606832, 14.095612593606832, 13.69462256329608, 13.69462256329608, 13.658835293231318, 13.546955069320664, 13.546955069320664]"
instance_652,9,11.48171,11.61713,10,0.011794410414476578,53.91551613807678,1000,"[11.939714746699986, 11.673310439451075, 11.66739694091402, 11.63901396084763, 11.63901396084763, 11.638936119397169, 11.617126658941457, 11.617126658941457, 11.617126658941457, 11.617126658941457]"
instance_658,9,12.82779,12.96995,9,0.011082189527580394,50.432953119277954,1000,"[13.49517247060991, 13.49517247060991, 13.49517247060991, 13.17865438917812, 13.173569092862648, 13.173569092862648, 12.991600686277161, 12.991600686277161, 12.969946387730099, 12.969946387730099]"
instance_662,10,14.64248,14.90132,11,0.017677333347902766,50.65217423439026,1000,"[15.992933147777888, 15.797478209085646, 15.696174581210476, 15.614991137245397, 15.614991137245397, 15.590783146133013, 15.469912970517182, 14.90131847865783, 14.90131847865783, 14.90131847865783]"
instance_654,9,11.16694,11.74046,10,0.05135874286062254,54.6769917011261,1000,"[11.935349214371039, 11.740458219913656, 11.740458219913656, 11.740458219913656, 11.740458219913656, 11.740458219913654, 11.740458219913654, 11.740458219913654, 11.740458219913654, 11.740458219913654]"
instance_666,10,14.64648,15.24082,10,0.040579033324047754,49.296350717544556,1000,"[15.628981217229247, 15.516110318235567, 15.37794443505593, 15.281624643904557, 15.281624643904557, 15.281624643904557, 15.281624643904557, 15.281624643904557, 15.269183386953987, 15.240821373623742]"
instance_691,10,14.749,14.749,10,0.0,22.071552276611328,590,"[15.438618742945021, 14.875704349006146, 14.78646241169471, 14.755428522956338, 14.755428522956338]"
instance_661,11,18.95154,19.9245,12,0.05133936345014689,53.97276759147644,1000,"[20.334182987264274, 20.091270812342774, 20.019861951668805, 20.019861951668805, 20.003042461431132, 20.003042461431132, 19.924496266874527, 19.924496266874524, 19.924496266874524, 19.924496266874524]"
instance_665,9,11.84539,12.11512,10,0.022770883862836017,51.903072357177734,1000,"[12.611211159534475, 12.538732086582758, 12.249827086841334, 12.137899991226812, 12.115123310496596, 12.115123310496596, 12.115123310496594, 12.115123310496594, 12.115123310496594, 12.115123310496594]"
instance_668,8,11.2188,11.23792,8,0.001704282097907166,50.45494556427002,1000,"[11.616004176579402, 11.560490490775356, 11.560490490775354, 11.560490490775354, 11.560490490775354, 11.237923778305552, 11.237923778305552, 11.237923778305552, 11.237923778305552, 11.237923778305552]"
instance_667,9,11.38786,11.6111,9,0.019603331969307716,52.365049839019775,1000,"[11.851198062214952, 11.828944072905061, 11.790493453876397, 11.737122960125555, 11.737122960125555, 11.611103154529053, 11.611103154529053, 11.611103154529053, 11.611103154529053, 11.611103154529053]"
instance_669,10,17.77063,18.76016,11,0.055683450727408,51.59365773200989,1000,"[19.5773959581173, 19.558642081910005, 19.100387064633892, 19.096192802865474, 18.760160960784955, 18.760160960784955, 18.76016096078495, 18.76016096078495, 18.76016096078495, 18.76016096078495]"
instance_670,10,17.48004,18.23461,11,0.043167521355786435,52.64102554321289,1000,"[18.866790511879167, 18.237869047552692, 18.237869047552692, 18.234607667118937, 18.234607667118937, 18.234607667118937, 18.234607667118937, 18.234607667118937, 18.234607667118937, 18.234607667118937]"
instance_671,10,15.24721,15.45933,10,0.013912053418297429,52.220311641693115,1000,"[16.322199584408352, 15.79269755772011, 15.74104711598426, 15.74104711598426, 15.476308576376917, 15.476308576376917, 15.47613879749551, 15.459329643458492, 15.459329643458492, 15.459329643458492]"
instance_674,11,15.71008,16.63416,11,0.05882083350307585,50.346856355667114,1000,"[16.761468550270624, 16.673733493318863, 16.673733493318863, 16.673733493318863, 16.673733493318863, 16.673733493318863, 16.673733493318863, 16.63416432938159, 16.63416432938159, 16.63416432938159]"
instance_672,9,12.47388,12.51656,9,0.0034215496701908883,51.0922691822052,1000,"[13.279196308864492, 12.771044776716451, 12.73023080190314, 12.623360520598132, 12.623360520598132, 12.591712049596552, 12.591712049596552, 12.591712049596552, 12.591712049596552, 12.5165591078889]"
instance_675,10,15.52382,15.69538,10,0.011051403584942332,52.5832154750824,1000,"[17.198295818167434, 15.895381499013082, 15.809610407673315, 15.807364358325373, 15.803212966320078, 15.803212966320078, 15.799159180889838, 15.695380175339256, 15.695380175339256, 15.695380175339256]"
instance_676,11,17.64119,17.82804,11,0.010591689109408137,52.856770753860474,1000,"[18.41798073981385, 18.403395317703797, 17.949850102005, 17.949850102005, 17.8280418845806, 17.828041884580596, 17.828041884580596, 17.828041884580596, 17.828041884580596, 17.828041884580596]"
instance_677,9,12.07512,12.34564,10,0.022403089989995913,50.84729218482971,1000,"[12.443232719553297, 12.348249450042637, 12.348249450042637, 12.348249450042635, 12.348249450042635, 12.348249450042635, 12.348249450042635, 12.345642730111456, 12.345642730111456, 12.345642730111456]"
instance_690,9,14.59225,15.03299,10,0.03020370402097003,36.79053997993469,1000,"[15.396134560127123, 15.232035819956353, 15.214229236709643, 15.193354531154599, 15.14128073458832, 15.099841723620646, 15.099841723620642, 15.053863140947092, 15.050300321809644, 15.032988435392046]"
instance_678,9,13.18413,13.53688,10,0.02675565243971353,51.101723432540894,1000,"[14.10356140960166, 14.064243933756355, 13.942020782453323, 13.83109557195984, 13.578126396293474, 13.578126396293474, 13.578126396293474, 13.578126396293474, 13.536880240305656, 13.536880240305656]"
instance_722,10,14.55053,14.55053,10,0.0,12.190642595291138,224,"[15.657048334664335, 14.761209445403521]"
instance_679,11,20.6343,21.1069,11,0.02290361194709779,52.41541576385498,1000,"[21.655177653382545, 21.587463486186742, 21.31832527885205, 21.10690259507708, 21.10690259507708, 21.106902595077077, 21.106902595077077, 21.106902595077077, 21.106902595077077, 21.106902595077077]"
instance_680,10,14.66039,15.24992,10,0.040212436367654605,52.62654399871826,1000,"[16.02304244111556, 15.644042121835676, 15.356310917527608, 15.249918686439063, 15.249918686439063, 15.249918686439063, 15.249918686439063, 15.249918686439063, 15.249918686439063, 15.249918686439063]"
instance_700,12,21.58288,21.58908,12,0.0002872647209269459,35.43019390106201,1000,"[23.024782019457405, 21.603642545361502, 21.589077186076207, 21.589077186076207, 21.589077186076207, 21.589077186076207, 21.589077186076207, 21.589077186076207, 21.589077186076207, 21.589077186076207]"
instance_682,10,15.73885,16.23257,10,0.031369509208106036,52.3949236869812,1000,"[17.082099287376206, 16.319996864647408, 16.23256871430388, 16.23256871430388, 16.23256871430388, 16.23256871430388, 16.23256871430388, 16.23256871430388, 16.23256871430388, 16.23256871430388]"
instance_684,11,20.19286,20.40464,11,0.010487865512859544,50.52858304977417,1000,"[20.723477394983167, 20.404642116387066, 20.404642116387066, 20.40464211638706, 20.40464211638706, 20.40464211638706, 20.40464211638706, 20.40464211638706, 20.40464211638706, 20.40464211638706]"
instance_683,10,14.45477,15.23063,10,0.05367501523718467,52.2714958190918,1000,"[15.389928074292966, 15.25041831559725, 15.25041831559725, 15.230626915953644, 15.230626915953644, 15.230626915953644, 15.230626915953644, 15.230626915953643, 15.230626915953643, 15.230626915953641]"
instance_702,10,17.79249,17.8773,10,0.0047666178258355596,35.30504298210144,1000,"[19.05484184746849, 17.98591250693215, 17.955974360971688, 17.955974360971688, 17.955974360971688, 17.955974360971688, 17.955974360971688, 17.878829355414325, 17.877297683502444, 17.877297683502444]"
instance_705,9,14.18906,14.18906,9,0.0,33.514785289764404,626,"[14.50353864397226, 14.470045924634944, 14.470045924634944, 14.470045924634944, 14.470045924634944, 14.46735953507051]"
instance_703,11,20.5316,21.01017,12,0.023308948157961275,36.45880079269409,1000,"[22.182955929122386, 21.458161133383054, 21.338724323275937, 21.338724323275937, 21.01017146210425, 21.010171462104246, 21.010171462104246, 21.010171462104243, 21.010171462104243, 21.010171462104243]"
instance_704,10,17.04206,17.22073,11,0.010484061199174298,35.81793761253357,1000,"[17.725257921386955, 17.23099292983802, 17.23099292983802, 17.23099292983802, 17.23099292983802, 17.23099292983802, 17.229754947126477, 17.229754947126477, 17.220730170975354, 17.220730170975354]"
instance_709,8,10.41957,10.41957,8,0.0,29.488126277923584,546,"[11.596163375553708, 10.860920616463243, 10.481723193935144, 10.481723193935144, 10.481723193935144]"
instance_685,10,12.96023,13.2114,10,0.019380057298365855,52.61163878440857,1000,"[13.584308389720158, 13.518223217303502, 13.359360498756423, 13.272125522686247, 13.211403756596743, 13.211403756596741, 13.211403756596741, 13.211403756596741, 13.211403756596741, 13.211403756596741]"
instance_686,11,19.85845,20.23902,11,0.019164134159513894,51.582003116607666,1000,"[21.937860747986093, 21.695617991133492, 21.69561799113349, 20.618810051307687, 20.57324466121871, 20.573244661218702, 20.573244661218702, 20.402300599013017, 20.244437792416512, 20.23902480725078]"
instance_688,9,11.28145,11.50712,9,0.020003634284600023,50.621434926986694,1000,"[11.668016799875002, 11.607568941899222, 11.603696890696426, 11.603696890696426, 11.603696890696426, 11.603696890696426, 11.603696890696426, 11.603696890696426, 11.567488044325307, 11.507121936697557]"
instance_689,9,11.09978,11.8917,10,0.07134555820025255,51.00176239013672,1000,"[12.4951441811055, 11.986750182194987, 11.967279474292363, 11.966642608600287, 11.891701728265488, 11.891701728265488, 11.891701728265488, 11.891701728265488, 11.891701728265488, 11.891701728265488]"
instance_694,10,15.38774,15.47691,10,0.005794873061281208,49.39859199523926,1000,"[16.48801377347218, 15.933101703742249, 15.6268345935237, 15.566336040049675, 15.566336040049675, 15.566336040049675, 15.566336040049675, 15.566336040049675, 15.47690866763613, 15.47690866763613]"
instance_692,8,10.921,11.00136,8,0.007358300521930286,51.36688423156738,1000,"[11.835937515545321, 11.279782723566704, 11.209277398799278, 11.209277398799278, 11.001355004521045, 11.001355004521045, 11.001355004521045, 11.001355004521045, 11.001355004521045, 11.001355004521045]"
instance_687,10,15.5852,15.72117,10,0.00872430254343867,53.71238875389099,1000,"[16.037574362243717, 16.037574362243713, 15.86807839041257, 15.72116797066541, 15.72116797066541, 15.72116797066541, 15.72116797066541, 15.72116797066541, 15.72116797066541, 15.72116797066541]"
instance_693,10,14.78767,15.84492,10,0.07149537418673799,51.30597281455994,1000,"[16.480044387749242, 15.929671030326997, 15.847555509913317, 15.844916836874711, 15.844916836874711, 15.844916836874711, 15.844916836874711, 15.844916836874711, 15.844916836874711, 15.844916836874711]"
instance_695,10,17.13453,18.07845,11,0.05508875936486139,51.50608158111572,1000,"[18.64080586947585, 18.106541652940184, 18.078450882845758, 18.078450882845758, 18.078450882845758, 18.078450882845758, 18.078450882845758, 18.078450882845758, 18.078450882845758, 18.078450882845758]"
instance_698,9,13.83214,14.25516,10,0.030582397228483753,52.574700117111206,1000,"[14.582180001378278, 14.420175353506897, 14.420175353506897, 14.420175353506895, 14.420175353506895, 14.420175353506895, 14.285300295336155, 14.255161249343848, 14.255161249343848, 14.255161249343848]"
instance_696,9,13.89626,14.09549,10,0.014336951093315757,53.27123236656189,1000,"[14.48012943957852, 14.417201529075724, 14.417201529075724, 14.417201529075724, 14.417201529075724, 14.408508402965465, 14.246494246575608, 14.09548749850316, 14.095487498503157, 14.095487498503157]"
instance_699,11,18.84689,19.14648,11,0.015895991328012317,53.67227387428284,1000,"[20.062020956729782, 19.549387731584865, 19.457649027217954, 19.325738885548034, 19.227886745269288, 19.204248374594563, 19.146996213307723, 19.146996213307723, 19.146477308946018, 19.146477308946018]"
instance_697,9,11.45126,11.97913,9,0.04609711071096107,54.51234221458435,1000,"[12.373346567337236, 12.373346567337236, 12.367869250813133, 12.027857238875349, 12.027857238875349, 12.027857238875349, 12.027857238875349, 12.027857238875347, 11.979127405236667, 11.979127405236667]"
instance_701,9,10.4148,10.5379,8,0.011819718093482437,53.22579860687256,1000,"[10.770508863055483, 10.731450764025121, 10.69996841468979, 10.69996841468979, 10.69996841468979, 10.69996841468979, 10.69996841468979, 10.69996841468979, 10.537896533714049, 10.537896533714049]"
instance_717,9,12.91977,12.96126,10,0.0032113574777259644,38.50591421127319,1000,"[13.376217184318124, 13.307827912945722, 12.961255557704334, 12.961255557704334, 12.961255557704334, 12.961255557704334, 12.961255557704334, 12.961255557704334, 12.961255557704332, 12.961255557704332]"
instance_706,10,13.6139,14.2304,10,0.045284598829137886,51.777525663375854,1000,"[14.877117609765186, 14.589432067185903, 14.26315445581084, 14.26315445581084, 14.252368102564494, 14.252368102564494, 14.230402853369617, 14.230402853369617, 14.230402853369617, 14.230402853369617]"
instance_708,10,16.81911,16.87319,10,0.0032153901127944685,51.075281858444214,1000,"[17.68866700441802, 16.973481376487378, 16.973481376487378, 16.873193241928313, 16.873193241928313, 16.873193241928313, 16.873193241928313, 16.873193241928313, 16.873193241928313, 16.873193241928313]"
instance_707,10,12.76879,13.14016,10,0.029084196701488603,53.19389295578003,1000,"[14.072113126252674, 13.2028798574798, 13.2028798574798, 13.2028798574798, 13.2028798574798, 13.2028798574798, 13.2028798574798, 13.140158929876662, 13.140158929876662, 13.140158929876662]"
instance_713,9,13.74074,15.16768,9,0.10384739104298604,49.444302558898926,1000,"[15.637707368200354, 15.550376323742995, 15.167677733560518, 15.167677733560518, 15.167677733560518, 15.167677733560518, 15.167677733560518, 15.167677733560518, 15.167677733560518, 15.167677733560518]"
instance_710,12,23.5013,23.7055,12,0.008688881040623292,50.92146277427673,1000,"[25.432013710217696, 25.286887535744114, 25.11086535850022, 24.57361722986799, 24.148068132114, 23.705495794976446, 23.70549579497644, 23.70549579497644, 23.70549579497644, 23.70549579497644]"
instance_712,11,17.29806,17.88043,11,0.03366678113036959,50.83702826499939,1000,"[18.987479462302055, 18.613544873855478, 18.492220500901535, 18.121176921438654, 17.88042862463412, 17.88042862463412, 17.88042862463412, 17.88042862463412, 17.88042862463412, 17.88042862463412]"
instance_714,8,10.73892,10.81862,8,0.007421602917239256,49.622530937194824,1000,"[11.859116603278517, 11.82314733088598, 11.626074336547132, 11.39264900908361, 11.39264900908361, 11.39264900908361, 10.937148758898376, 10.920444588386967, 10.818624917615114, 10.818624917615114]"
instance_711,10,13.69076,13.73496,10,0.0032284548118585105,53.672040939331055,1000,"[14.222093074301918, 14.222093074301918, 14.222093074301918, 14.222093074301918, 13.950753133936887, 13.950753133936887, 13.930709799179144, 13.734959879927704, 13.734959879927704, 13.734959879927704]"
instance_730,9,11.11968,11.16668,9,0.004226740337851343,35.493541955947876,1000,"[11.166683448437492, 11.166683448437492, 11.166683448437492, 11.166683448437492, 11.166683448437492, 11.166683448437492, 11.166683448437492, 11.166683448437492, 11.166683448437492, 11.166683448437492]"
instance_716,9,13.52146,14.45261,10,0.06886460485775948,51.3414843082428,1000,"[14.725888670262957, 14.65629209601902, 14.632934929601698, 14.612630991115616, 14.612630991115616, 14.612630991115616, 14.612630991115616, 14.612630991115616, 14.486120353712842, 14.452610103172518]"
instance_715,11,15.43149,15.74045,11,0.02002139780410051,52.719757318496704,1000,"[16.73683850484966, 15.740446298461896, 15.740446298461896, 15.740446298461896, 15.740446298461896, 15.740446298461896, 15.740446298461896, 15.740446298461896, 15.740446298461896, 15.740446298461896]"
instance_718,9,10.94958,11.27692,10,0.02989521059255253,51.380305767059326,1000,"[11.436846326217202, 11.27692412195749, 11.27692412195749, 11.27692412195749, 11.27692412195749, 11.27692412195749, 11.27692412195749, 11.27692412195749, 11.27692412195749, 11.27692412195749]"
instance_721,10,15.48155,15.70317,10,0.014315104107792805,50.62359642982483,1000,"[16.2062029892745, 15.825701211189957, 15.825701211189955, 15.749089818624011, 15.749089818624011, 15.749089818624011, 15.749089818624011, 15.749089818624011, 15.749089818624011, 15.703171507334195]"
instance_741,9,13.59899,13.62814,9,0.002143541542423339,35.12344574928284,1000,"[14.605773898193629, 14.471459016387751, 14.141992063850404, 13.628135300372353, 13.628135300372353, 13.628135300372353, 13.628135300372353, 13.628135300372353, 13.628135300372353, 13.628135300372353]"
instance_739,11,19.57222,19.94499,11,0.019045872159622113,36.6259880065918,1000,"[20.164455534924226, 19.944992245705976, 19.944992245705972, 19.944992245705972, 19.944992245705972, 19.944992245705972, 19.944992245705972, 19.944992245705972, 19.944992245705972, 19.944992245705972]"
instance_719,9,11.70569,12.09073,10,0.03289340483132562,55.5634126663208,1000,"[12.315534859445387, 12.129717896398493, 12.090725132975173, 12.090725132975173, 12.090725132975173, 12.090725132975173, 12.090725132975173, 12.090725132975173, 12.090725132975173, 12.090725132975173]"
instance_735,9,14.23467,14.5557,10,0.022552682991597302,37.93886423110962,1000,"[15.258604728735286, 14.93330593806305, 14.93330593806305, 14.911933400869241, 14.633384088572063, 14.55569629724585, 14.55569629724585, 14.55569629724585, 14.55569629724585, 14.55569629724585]"
instance_742,8,12.01159,12.38644,10,0.03120735889253632,35.12881636619568,1000,"[12.680980552678015, 12.482130279364565, 12.482130279364565, 12.48189838316118, 12.437087975466, 12.437087975465998, 12.437087975465998, 12.437087975465998, 12.437087975465998, 12.386444380229472]"
instance_724,10,14.06414,14.495,10,0.030635360569505075,50.03276038169861,1000,"[15.326299237782356, 14.545371816593255, 14.545371816593255, 14.545371816593255, 14.545371816593255, 14.495003742665057, 14.495003742665057, 14.495003742665057, 14.495003742665055, 14.495003742665055]"
instance_726,8,11.18382,11.74528,9,0.05020288237829279,49.24805498123169,1000,"[12.282360924337317, 12.03637401461394, 11.745281992349394, 11.745281992349392, 11.74528199234939, 11.74528199234939, 11.74528199234939, 11.74528199234939, 11.74528199234939, 11.74528199234939]"
instance_720,9,14.74829,15.06596,10,0.021539446268007998,55.921234369277954,1000,"[15.841596817522836, 15.105955439714952, 15.10595543971495, 15.084313426810755, 15.065964207895725, 15.065964207895725, 15.065964207895725, 15.065964207895721, 15.065964207895721, 15.065964207895721]"
instance_723,8,10.70098,10.85002,9,0.013927696341830484,52.90007567405701,1000,"[11.04627992482055, 10.850017571784953, 10.850017571784953, 10.850017571784951, 10.850017571784951, 10.850017571784951, 10.850017571784951, 10.850017571784951, 10.850017571784951, 10.850017571784951]"
instance_727,11,18.3869,19.13287,11,0.04057073242362768,49.87485194206238,1000,"[19.88216111139407, 19.616958799395857, 19.609213792567598, 19.609213792567598, 19.609213792567598, 19.499334311288155, 19.132868092527435, 19.132868092527435, 19.132868092527435, 19.132868092527435]"
instance_725,9,14.11665,14.65232,10,0.037945971600910955,53.451266050338745,1000,"[14.923857735287873, 14.65231546170143, 14.652315461701427, 14.652315461701427, 14.652315461701427, 14.652315461701427, 14.652315461701427, 14.652315461701427, 14.652315461701427, 14.652315461701427]"
instance_729,9,11.81236,11.8278,9,0.0013071054387099527,51.0618782043457,1000,"[12.321497628793791, 12.035358705883244, 12.03535870588324, 11.827801971091693, 11.827801971091693, 11.827801971091693, 11.827801971091693, 11.827801971091693, 11.827801971091693, 11.827801971091693]"
instance_731,10,14.13571,14.47004,10,0.02365144729200016,51.05554533004761,1000,"[14.673440731467737, 14.552315272919015, 14.549234553058222, 14.549234553058222, 14.54923455305822, 14.54923455305822, 14.470040114597325, 14.470040114597321, 14.470040114597321, 14.470040114597321]"
instance_732,10,12.44498,12.67734,10,0.01867098219523052,49.820388317108154,1000,"[12.89896184846535, 12.882635024059967, 12.677344477763942, 12.677344477763942, 12.677344477763942, 12.677344477763942, 12.67734447776394, 12.67734447776394, 12.67734447776394, 12.67734447776394]"
instance_728,11,15.8331,16.35713,10,0.033097119325969114,54.99918270111084,1000,"[17.591954660973823, 17.0802682538474, 17.04229212882501, 17.040010045350886, 17.040010045350886, 16.47314136022387, 16.36621300330377, 16.36621300330377, 16.35712723270091, 16.35712723270091]"
instance_733,10,16.32135,16.67205,10,0.021487193154977977,51.06359887123108,1000,"[17.640105439612185, 16.98791254964628, 16.98791254964628, 16.98791254964628, 16.98791254964628, 16.98791254964628, 16.98791254964628, 16.672046443600284, 16.672046443600284, 16.672046443600284]"
instance_734,10,14.72288,15.14951,10,0.028977346823447544,50.955599546432495,1000,"[15.93035578915689, 15.517130135636979, 15.517130135636979, 15.517130135636979, 15.517130135636979, 15.295790604197691, 15.149514730478646, 15.149514730478646, 15.149514730478646, 15.149514730478646]"
instance_740,10,15.29912,15.60363,10,0.019903759170462124,49.41555142402649,1000,"[16.766823464310896, 15.653250717726907, 15.603633970406255, 15.603633970406255, 15.603633970406255, 15.603633970406255, 15.603633970406255, 15.603633970406255, 15.603633970406255, 15.603633970406255]"
instance_736,10,14.65214,14.97863,10,0.022282751871057847,51.139389753341675,1000,"[15.942620677069117, 15.540273804691493, 15.219433415009151, 14.978634136130806, 14.978634136130806, 14.978634136130806, 14.978634136130804, 14.978634136130804, 14.978634136130804, 14.978634136130804]"
instance_738,10,14.22289,15.1735,11,0.06683662743647747,51.977728843688965,1000,"[15.53919112881551, 15.4877244288267, 15.212525153939904, 15.173498145780083, 15.173498145780082, 15.173498145780082, 15.173498145780082, 15.173498145780082, 15.173498145780082, 15.173498145780082]"
instance_743,9,13.35693,13.63757,10,0.021010816108192526,50.11854124069214,1000,"[14.032620428405306, 13.790160434715409, 13.637570269378042, 13.637570269378042, 13.637570269378042, 13.637570269378042, 13.637570269378042, 13.637570269378042, 13.637570269378042, 13.637570269378042]"
instance_737,9,11.59028,12.09826,9,0.04382810423906928,53.85547161102295,1000,"[12.20954262863003, 12.098264168801176, 12.098264168801176, 12.098264168801176, 12.098264168801176, 12.098264168801176, 12.098264168801174, 12.098264168801174, 12.098264168801174, 12.098264168801174]"
instance_744,9,12.42246,12.45465,10,0.002591274192068376,51.045860052108765,1000,"[13.177079498839893, 12.851054992573633, 12.600797857371658, 12.600797857371658, 12.600797857371658, 12.555641360929538, 12.555641360929538, 12.454652218096523, 12.454652218096523, 12.454652218096523]"
instance_758,10,17.33006,17.86476,11,0.030853903564096192,36.79240870475769,1000,"[18.58619226539924, 18.510699003115256, 18.2594820238489, 18.140367568709394, 18.110315105826448, 18.110315105826448, 18.110315105826448, 18.110315105826448, 17.8647551254389, 17.8647551254389]"
instance_745,9,13.19866,13.71203,10,0.03889561516093301,51.553722620010376,1000,"[13.898939233718579, 13.717200449676088, 13.717200449676088, 13.717200449676088, 13.717200449676088, 13.71203053160263, 13.71203053160263, 13.71203053160263, 13.71203053160263, 13.71203053160263]"
instance_746,10,16.47221,16.89286,10,0.025536949808192003,51.623148918151855,1000,"[17.37773311322554, 17.36358796084274, 17.241707992994932, 17.036201415863115, 16.892856390414128, 16.892856390414128, 16.892856390414124, 16.892856390414124, 16.892856390414124, 16.892856390414124]"
instance_747,9,13.50963,13.84982,9,0.025181296601017183,51.31700944900513,1000,"[14.82161119398813, 14.787748085797553, 14.565917174712482, 14.472932355535752, 14.072826777879218, 13.849815339441507, 13.849815339441507, 13.849815339441507, 13.849815339441507, 13.849815339441507]"
instance_751,10,13.52917,13.74938,11,0.016276682161581218,50.11579728126526,1000,"[14.127203614086369, 14.083113374689773, 13.958192743614749, 13.749378347422088, 13.749378347422088, 13.749378347422088, 13.749378347422088, 13.749378347422088, 13.749378347422088, 13.749378347422088]"
instance_749,9,14.36337,14.97959,10,0.04290218799627109,50.87574791908264,1000,"[16.236769649054825, 15.786342353365658, 15.68348927765292, 15.045990908974533, 14.989314186652294, 14.979594624083253, 14.979594624083253, 14.979594624083251, 14.979594624083251, 14.979594624083251]"
instance_752,10,16.47625,17.34102,11,0.052485850845914575,51.46023488044739,1000,"[17.93931480306304, 17.847309035721167, 17.590073946783672, 17.347135428751564, 17.34101536156403, 17.341015361564025, 17.341015361564025, 17.341015361564025, 17.341015361564025, 17.341015361564025]"
instance_750,11,20.73343,21.29361,12,0.027018202005167625,54.09968829154968,1000,"[21.53315184458404, 21.505071390980156, 21.406363299673373, 21.293607605596513, 21.293607605596513, 21.293607605596513, 21.293607605596513, 21.293607605596513, 21.293607605596513, 21.293607605596513]"
instance_748,8,11.02641,11.5211,9,0.04486410354775491,57.25258660316467,1000,"[11.99047439872273, 11.605802804984735, 11.59089969920095, 11.570862599565066, 11.521104012927761, 11.521104012927761, 11.521104012927761, 11.521104012927761, 11.521104012927761, 11.521104012927761]"
instance_756,9,11.87119,12.33187,10,0.03880655604029587,50.68702530860901,1000,"[12.409577983779279, 12.409577983779277, 12.331873253212184, 12.331873253212184, 12.331873253212184, 12.331873253212184, 12.331873253212184, 12.331873253212184, 12.331873253212184, 12.331873253212184]"
instance_767,10,12.59403,12.96705,10,0.029618795572187804,37.39329195022583,1000,"[13.535709345938232, 13.487519523559117, 13.177824376390857, 13.13884547673284, 13.13884547673284, 13.138845476732836, 12.972903310420982, 12.972903310420982, 12.96704582288619, 12.96704582288619]"
instance_754,9,10.82507,10.90275,9,0.007175935120973729,52.87648797035217,1000,"[11.787565850385072, 11.545558147822593, 11.2968827547383, 11.228845788334464, 10.939091760521478, 10.939091760521478, 10.902748452403959, 10.902748452403959, 10.902748452403959, 10.902748452403959]"
instance_755,11,18.78535,19.13581,11,0.018656027170108527,52.32621240615845,1000,"[20.809130965956864, 19.970219363303904, 19.415377669522794, 19.192300164532483, 19.192300164532483, 19.192300164532483, 19.19230016453248, 19.19230016453248, 19.136075803098898, 19.135805367570818]"
instance_753,9,14.12588,14.46611,10,0.024085579093125527,54.02048349380493,1000,"[15.045069603581295, 14.757266193587668, 14.546291674372263, 14.546291674372263, 14.546291674372263, 14.546291674372263, 14.466106963255143, 14.466106963255143, 14.466106963255143, 14.466106963255143]"
instance_757,9,15.05164,15.51071,10,0.03049966648152618,51.270567417144775,1000,"[16.156033656353504, 15.888116421086625, 15.841526758816613, 15.597958579028148, 15.597958579028148, 15.597958579028148, 15.597958579028145, 15.597958579028145, 15.510712078344223, 15.510712078344223]"
instance_775,8,11.74457,12.40163,9,0.05594585412663055,34.6460542678833,1000,"[12.743599711266317, 12.724252788099573, 12.584889217278192, 12.436752650887064, 12.436752650887064, 12.436752650887064, 12.401631085805855, 12.401631085805855, 12.401631085805855, 12.401631085805855]"
instance_759,10,14.76532,14.89782,10,0.008973730335678488,52.19231915473938,1000,"[15.007490183573388, 14.943049318631827, 14.943049318631827, 14.943049318631825, 14.943049318631825, 14.943049318631825, 14.943049318631825, 14.943049318631825, 14.897819233982613, 14.897819233982613]"
instance_776,10,16.30701,16.66021,11,0.021659396787026015,34.58657693862915,1000,"[17.805988085696693, 16.944280087910602, 16.660211713084543, 16.66021171308454, 16.66021171308454, 16.66021171308454, 16.66021171308454, 16.66021171308454, 16.66021171308454, 16.66021171308454]"
instance_773,10,15.15947,15.60353,10,0.029292580809223447,37.568753480911255,1000,"[18.01692449427249, 16.727608103250986, 16.00376874583906, 15.723777784456878, 15.642901086985026, 15.642901086985026, 15.603525322187403, 15.603525322187403, 15.603525322187403, 15.603525322187403]"
instance_762,9,14.21825,15.0343,10,0.057394545742267905,49.643946409225464,1000,"[15.387986339553205, 15.266142855239362, 15.266142855239362, 15.058239860323074, 15.05012455869867, 15.05012455869867, 15.034301208562374, 15.034301208562374, 15.034301208562374, 15.034301208562374]"
instance_760,9,14.37566,14.51572,9,0.009742857023607965,53.81450581550598,1000,"[16.00238999195811, 15.318249206816203, 14.51692380821644, 14.516923808216436, 14.516923808216436, 14.516923808216436, 14.516923808216436, 14.51571920625383, 14.515719206253829, 14.515719206253829]"
instance_761,10,15.86153,15.96026,10,0.006224494106180158,53.88604235649109,1000,"[16.690409645893023, 16.50093741247803, 16.50093741247803, 16.310285981336, 15.977484219166339, 15.960259071015688, 15.960259071015688, 15.960259071015688, 15.960259071015688, 15.960259071015688]"
instance_764,8,10.9669,11.13504,9,0.015331588689602283,49.91631245613098,1000,"[11.304163494786216, 11.29442698999318, 11.29442698999318, 11.289876902357259, 11.263309123460155, 11.247432747030269, 11.174060813622695, 11.136321089446016, 11.136321089446016, 11.135038744572112]"
instance_772,9,13.20952,13.70026,10,0.03715047935125581,41.32274770736694,1000,"[14.712107380417892, 13.700282554199122, 13.700257958974383, 13.700257958974383, 13.700257958974383, 13.700257958974383, 13.700257958974381, 13.700257958974381, 13.700257958974381, 13.700257958974381]"
instance_770,11,16.88552,17.88616,12,0.059260241911412895,47.40212082862854,1000,"[18.521133025658987, 18.281179703568114, 17.886161491374928, 17.886161491374928, 17.886161491374924, 17.886161491374924, 17.886161491374924, 17.886161491374924, 17.886161491374924, 17.886161491374924]"
instance_763,9,12.85042,13.1386,10,0.02242572616303596,53.84414458274841,1000,"[14.008008351770028, 14.008008351770028, 13.869972084572645, 13.679144279476974, 13.138598138809494, 13.138598138809494, 13.138598138809494, 13.138598138809494, 13.138598138809494, 13.138598138809494]"
instance_769,9,12.63622,12.83154,9,0.015457154117291453,51.260786294937134,1000,"[13.46582587987708, 13.367225058815333, 13.162047077630717, 12.978415308043653, 12.914226221180721, 12.831540762264435, 12.831540762264435, 12.831540762264435, 12.831540762264435, 12.831540762264435]"
instance_766,9,12.33609,12.95833,11,0.050440617732198746,52.730488777160645,1000,"[13.204132289896195, 13.144585618252929, 12.999976352145229, 12.958326620354777, 12.958326620354775, 12.958326620354775, 12.958326620354775, 12.958326620354775, 12.958326620354775, 12.958326620354775]"
instance_765,9,12.33351,12.56568,9,0.01882432494885884,54.85780692100525,1000,"[13.513728638620607, 13.011717256154991, 12.642180373702436, 12.631835901314203, 12.631835901314203, 12.576020260396012, 12.565675788007775, 12.565675788007775, 12.565675788007775, 12.565675788007775]"
instance_771,10,14.26327,14.5927,10,0.02309638673319655,50.08699631690979,1000,"[14.999052387201196, 14.867228292549477, 14.838330889298572, 14.838330889298572, 14.59270429678245, 14.59270429678245, 14.59270429678245, 14.59270429678245, 14.59270429678245, 14.59270429678245]"
instance_768,9,11.44324,11.52291,9,0.00696218903037952,54.174264430999756,1000,"[11.858201018478145, 11.856833822719196, 11.791064044069099, 11.636828344179012, 11.552752898588754, 11.552752898588754, 11.552752898588754, 11.522907501891611, 11.522907501891611, 11.522907501891611]"
instance_774,11,16.29391,16.59006,11,0.01817550238095097,49.18097972869873,1000,"[18.077095796574824, 17.703681678925474, 17.15841329318942, 16.939725077663383, 16.939725077663383, 16.59006385319008, 16.590063853190077, 16.590063853190077, 16.590063853190077, 16.590063853190077]"
instance_778,10,16.96919,17.33918,11,0.021803633526408614,49.52975249290466,1000,"[18.384192756778283, 17.689625468661692, 17.450754666447818, 17.450754666447818, 17.450754666447818, 17.348528197700873, 17.339179300959845, 17.33917930095984, 17.33917930095984, 17.33917930095984]"
instance_780,9,13.44886,13.80682,9,0.026616382355084393,50.2782723903656,1000,"[14.688100994663607, 14.670193509944715, 14.404445886359204, 13.938499466685883, 13.938499466685883, 13.81292130740159, 13.806816228860818, 13.806816228860818, 13.806816228860818, 13.806816228860818]"
instance_782,9,11.80915,12.14609,10,0.02853211281082876,47.02225351333618,1000,"[12.161216370508654, 12.161216370508654, 12.161216370508653, 12.146092744030728, 12.146092744030728, 12.146092744030728, 12.146092744030728, 12.146092744030728, 12.146092744030728, 12.146092744030728]"
instance_779,10,14.66456,14.81692,10,0.010389674153196539,52.83066415786743,1000,"[15.050756098203928, 14.939342775546793, 14.939342775546793, 14.816919881198285, 14.816919881198285, 14.816919881198285, 14.816919881198285, 14.816919881198283, 14.816919881198283, 14.816919881198283]"
instance_781,10,16.24331,17.14305,10,0.05539141960597918,50.132041692733765,1000,"[17.15631487891158, 17.15631487891158, 17.149058058681426, 17.143054578686638, 17.143054578686638, 17.143054578686638, 17.143054578686638, 17.143054578686638, 17.143054578686638, 17.143054578686638]"
instance_795,12,20.52043,20.98968,12,0.022867454531898153,36.42464995384216,1000,"[22.3773522822743, 22.208593404689154, 22.148247427522126, 21.704199366441255, 21.704199366441255, 21.70419936644125, 21.70419936644125, 20.9955729238379, 20.989676869416687, 20.989676869416684]"
instance_777,10,12.57263,12.79306,10,0.017532528993535985,53.96127200126648,1000,"[13.182932741362684, 13.180178862927452, 13.180178862927452, 13.180178862927452, 13.180178862927452, 13.180178862927452, 13.14596334826681, 13.111524335881956, 12.842195213068793, 12.793061600719609]"
instance_783,9,12.08467,12.55001,9,0.03850663692099174,49.61241865158081,1000,"[12.832533677434839, 12.550007923814494, 12.550007923814494, 12.550007923814494, 12.550007923814494, 12.550007923814494, 12.550007923814494, 12.550007923814494, 12.550007923814494, 12.550007923814494]"
instance_784,10,15.91872,16.81997,11,0.05661573292325017,51.227258920669556,1000,"[17.8663928233027, 17.475483104947124, 17.25861243525066, 16.900297033086, 16.900297033086, 16.84397980375104, 16.82055364065657, 16.82055364065657, 16.819971239647412, 16.819971239647412]"
instance_821,8,10.22931,10.22397,8,-0.0005220293450878255,15.460074663162231,284,"[10.678465292723079, 10.352751287907495]"
instance_788,8,11.8784,12.32287,9,0.03741833917025869,51.42168736457825,1000,"[12.411017079002923, 12.322869054833314, 12.322869054833314, 12.322869054833314, 12.322869054833314, 12.322869054833314, 12.322869054833314, 12.322869054833314, 12.322869054833314, 12.322869054833314]"
instance_785,10,14.12285,14.43072,10,0.02179942433715583,54.18120551109314,1000,"[15.38276282952935, 14.430721345284578, 14.430721345284576, 14.430721345284576, 14.430721345284576, 14.430721345284576, 14.430721345284576, 14.430721345284576, 14.430721345284576, 14.430721345284576]"
instance_792,9,13.43688,14.29588,10,0.06392853102803626,47.52485489845276,1000,"[14.628099451447472, 14.372483575037, 14.366580867523355, 14.29703540641698, 14.295879402033476, 14.295879402033476, 14.295879402033476, 14.295879402033474, 14.295879402033474, 14.295879402033474]"
instance_786,10,14.87286,15.74299,10,0.05850455124300245,53.82776951789856,1000,"[16.17171981962473, 15.765740104149412, 15.742986493071626, 15.742986493071626, 15.742986493071626, 15.742986493071626, 15.742986493071626, 15.742986493071625, 15.742986493071625, 15.742986493071625]"
instance_787,9,11.67249,12.06761,9,0.03385053232001058,54.34368276596069,1000,"[12.51333612702342, 12.088384263881762, 12.076770718898366, 12.072190008127357, 12.072190008127357, 12.072190008127357, 12.067609622546948, 12.067609622546948, 12.067609622546948, 12.067609622546948]"
instance_805,10,14.60876,14.66573,10,0.0038997149655412055,35.54057693481445,1000,"[15.629172823833633, 14.84071644030342, 14.719808299481524, 14.667230961485537, 14.665725116298928, 14.665725116298928, 14.665725116298928, 14.665725116298928, 14.665725116298928, 14.665725116298928]"
instance_797,10,16.07747,16.70558,10,0.039067714012217064,43.84601044654846,1000,"[17.292229844578383, 17.008591638392097, 17.008591638392097, 16.857542321953773, 16.857542321953773, 16.857542321953773, 16.705578619333323, 16.705578619333323, 16.705578619333323, 16.705578619333323]"
instance_790,9,13.43432,13.97569,10,0.04029753645886063,52.79013657569885,1000,"[14.355640356586, 14.238374595844544, 14.238374595844542, 14.214672535433099, 13.979801850795086, 13.979801850795086, 13.978743512590626, 13.975691210171334, 13.975691210171334, 13.975691210171334]"
instance_789,10,15.45063,15.85706,11,0.026305076233137437,52.95772862434387,1000,"[15.966574283386105, 15.966574283386102, 15.908300079129969, 15.857055689544264, 15.85705568954426, 15.85705568954426, 15.85705568954426, 15.85705568954426, 15.85705568954426, 15.85705568954426]"
instance_791,10,11.22337,11.51914,9,0.026353047257641957,51.736944913864136,1000,"[12.115964153859782, 11.841478632271821, 11.75974346990466, 11.75974346990466, 11.75974346990466, 11.75974346990466, 11.732529058821022, 11.615653452375794, 11.52310189446229, 11.519141345586085]"
instance_793,9,12.80981,13.06779,9,0.020139252650898012,51.38284754753113,1000,"[14.210772534487134, 13.07877310953403, 13.07877310953403, 13.0677894016008, 13.0677894016008, 13.0677894016008, 13.0677894016008, 13.0677894016008, 13.0677894016008, 13.0677894016008]"
instance_794,9,13.60314,14.08572,10,0.035475632831831506,52.58332896232605,1000,"[14.106292265074442, 14.08571517700614, 14.08571517700614, 14.08571517700614, 14.08571517700614, 14.08571517700614, 14.08571517700614, 14.08571517700614, 14.08571517700614, 14.08571517700614]"
instance_810,9,11.73806,11.96533,10,0.01936180254658768,38.587141036987305,1000,"[13.017753297789085, 12.929029756739322, 12.684477514150801, 11.965325451571665, 11.965325451571665, 11.965325451571665, 11.965325451571665, 11.965325451571665, 11.965325451571665, 11.965325451571665]"
instance_798,12,19.38523,19.87721,12,0.025379115955807677,52.10079336166382,1000,"[20.544901991624997, 20.471301464647162, 20.26522050767595, 20.23442783330478, 20.026518566961784, 20.026518566961784, 20.026518566961784, 20.026518566961784, 20.026518566961784, 19.877213680757137]"
instance_800,10,12.58731,12.65172,10,0.005117058370692288,51.02406430244446,1000,"[13.362531037574952, 12.759121445329447, 12.759121445329447, 12.759121445329447, 12.759121445329447, 12.651722470163186, 12.651722470163186, 12.651722470163186, 12.651722470163186, 12.651722470163186]"
instance_796,9,11.414,11.71273,9,0.02617224461188022,56.42974328994751,1000,"[12.065119913063718, 11.877904395179192, 11.75743308591367, 11.75743308591367, 11.75743308591367, 11.75743308591367, 11.712734884829858, 11.712734884829857, 11.712734884829857, 11.712734884829857]"
instance_799,9,12.13822,12.79524,9,0.05412820001614728,53.015185832977295,1000,"[13.226129599838986, 12.890029950929293, 12.890029950929293, 12.89002995092929, 12.885361404620099, 12.885361404620099, 12.885361404620099, 12.795239412039665, 12.795239412039665, 12.795239412039665]"
instance_802,10,12.96103,13.28801,10,0.025227933273821657,50.104623317718506,1000,"[13.456753660703185, 13.406194467273695, 13.406194467273695, 13.406194467273695, 13.406194467273695, 13.406194467273695, 13.320667119670453, 13.320667119670453, 13.320667119670453, 13.288006633977771]"
instance_812,9,13.23719,13.8524,10,0.046475875922306724,43.840760707855225,1000,"[14.819217607423333, 14.692256603229387, 14.20952634070543, 13.9663150508689, 13.9663150508689, 13.9663150508689, 13.900562045831283, 13.855405013208628, 13.855405013208628, 13.852395595344591]"
instance_803,9,11.30288,11.4097,9,0.00945068867403713,50.58209991455078,1000,"[12.036864777361831, 12.016719629116057, 11.882886561427457, 11.882886561427455, 11.882050298148963, 11.87757487916228, 11.87757487916228, 11.87757487916228, 11.409699627168035, 11.409699627168033]"
instance_801,9,12.1906,12.69705,9,0.0415443046281562,53.35875606536865,1000,"[13.312843196458168, 12.76907494890497, 12.76907494890497, 12.76907494890497, 12.76907494890497, 12.76907494890497, 12.697047150933798, 12.697047150933797, 12.697047150933797, 12.697047150933797]"
instance_819,9,12.48773,12.76105,9,0.021887084362009604,37.558252811431885,1000,"[13.884614122220931, 13.030833850395029, 12.761053134842154, 12.761053134842154, 12.761053134842154, 12.761053134842154, 12.761053134842154, 12.761053134842154, 12.761053134842154, 12.761053134842154]"
instance_804,11,18.91767,19.40264,11,0.025635820901834135,50.65511631965637,1000,"[19.840776617455774, 19.83256209458728, 19.818161015601827, 19.40263786973001, 19.402637869730007, 19.402637869730007, 19.402637869730004, 19.402637869730004, 19.402637869730004, 19.402637869730004]"
instance_837,9,11.53476,11.53476,9,0.0,17.454744815826416,336,"[12.694554227276235, 12.184851005390765, 11.68708691028789]"
instance_813,10,15.72202,15.99807,11,0.017558176366650066,43.28306794166565,1000,"[16.514441566749447, 16.078160186597568, 16.078160186597565, 16.078160186597565, 16.044237805324475, 15.998073107297252, 15.998073107297252, 15.998073107297252, 15.99807310729725, 15.99807310729725]"
instance_808,9,11.46278,11.59224,9,0.011293944400921931,50.881789445877075,1000,"[12.571940424622559, 12.48543784885398, 12.336101230870739, 12.102580123572768, 11.988183733307178, 11.950393988814096, 11.612368185016631, 11.612368185016631, 11.612368185016631, 11.592239055248646]"
instance_809,9,15.49475,15.86403,10,0.023832588457380715,50.3139123916626,1000,"[16.779832069607817, 16.341950882565918, 16.039759553406252, 16.039759553406252, 15.864028466534702, 15.864028466534702, 15.864028466534702, 15.864028466534702, 15.864028466534702, 15.864028466534702]"
instance_806,11,19.96412,20.08246,11,0.00592763417571122,52.202136754989624,1000,"[22.175285632145787, 20.76834885515105, 20.644398855567342, 20.126719677490637, 20.085926268291328, 20.082463084849252, 20.082463084849252, 20.082463084849252, 20.082463084849252, 20.082463084849252]"
instance_807,10,17.74882,18.61867,11,0.04900889185872656,52.51071000099182,1000,"[19.166531623596914, 19.125290976864594, 18.919310861703245, 18.69235132180858, 18.61866982604324, 18.61866982604324, 18.61866982604324, 18.61866982604324, 18.61866982604324, 18.61866982604324]"
instance_811,10,15.57066,15.97267,11,0.02581843030417469,51.4504189491272,1000,"[17.065840814858284, 16.134170739577264, 15.988869160462352, 15.988869160462352, 15.988869160462352, 15.988869160462352, 15.972666019816199, 15.972666019816199, 15.972666019816199, 15.972666019816199]"
instance_828,10,14.12481,14.12481,10,0.0,35.382023096084595,719,"[15.00395662845425, 14.417827699800633, 14.417827699800633, 14.417827699800633, 14.416994885783486, 14.41329741572152, 14.41329741572152]"
instance_815,10,16.84026,17.37142,11,0.03154108071965634,49.410879135131836,1000,"[18.403934575516175, 17.371421638933274, 17.371421638933274, 17.371421638933274, 17.371421638933274, 17.371421638933274, 17.371421638933274, 17.371421638933274, 17.371421638933274, 17.371421638933274]"
instance_829,9,11.81197,11.9171,10,0.00890029351581481,36.34983038902283,1000,"[12.062296278944418, 11.936238340910327, 11.936238340910323, 11.936238340910323, 11.936238340910323, 11.920666156627332, 11.9170951037665, 11.9170951037665, 11.9170951037665, 11.9170951037665]"
instance_817,11,18.01008,18.02594,11,0.0008806179650506819,50.86217713356018,1000,"[18.693963641436614, 18.49404612616999, 18.49404612616999, 18.025937751147012, 18.025937751147012, 18.025937751147012, 18.025937751147012, 18.025937751147012, 18.025937751147012, 18.025937751147012]"
instance_818,9,14.5342,15.03432,10,0.03440987464050302,49.72515630722046,1000,"[15.328593827418068, 15.092458403605761, 15.092458403605761, 15.092458403605761, 15.092458403605761, 15.034317120350359, 15.034317120350359, 15.034317120350359, 15.034317120350359, 15.034317120350359]"
instance_816,9,13.68197,14.4925,10,0.05924073799313988,51.85615301132202,1000,"[14.955657709020164, 14.810159991141576, 14.581934094846124, 14.536137915664279, 14.536137915664279, 14.522969840512301, 14.5229698405123, 14.5229698405123, 14.5229698405123, 14.492496340032446]"
instance_814,9,14.13028,14.66374,10,0.03775296738635043,52.866047620773315,1000,"[15.128380832306059, 14.94478330173088, 14.76084889888319, 14.66374266575963, 14.66374266575963, 14.66374266575963, 14.66374266575963, 14.66374266575963, 14.663742665759628, 14.663742665759628]"
instance_832,8,12.1288,12.71928,9,0.04868412373853963,36.91350317001343,1000,"[13.302518669483177, 12.910003271609826, 12.908670693083458, 12.908670693083458, 12.719282461549307, 12.719282461549307, 12.719282461549305, 12.719282461549303, 12.719282461549303, 12.719282461549303]"
instance_820,9,14.01619,14.62713,11,0.043588164829386544,51.77343249320984,1000,"[15.375638299489868, 15.31331776228123, 15.313317762281228, 15.313317762281228, 14.877298123790117, 14.877298123790116, 14.62713263671277, 14.62713263671277, 14.62713263671277, 14.62713263671277]"
instance_822,10,16.19651,16.50021,10,0.018750953137435113,52.028255462646484,1000,"[17.17532516472288, 16.614835143818272, 16.500207858089663, 16.50020785808966, 16.50020785808966, 16.50020785808966, 16.50020785808966, 16.50020785808966, 16.50020785808966, 16.50020785808966]"
instance_823,8,11.19915,11.68946,9,0.04378100123670108,52.91868758201599,1000,"[11.825751394440825, 11.70710134919242, 11.689536692377473, 11.689462381181258, 11.689462381181258, 11.689462381181258, 11.689462381181258, 11.689462381181258, 11.689462381181258, 11.689462381181258]"
instance_825,11,17.99302,18.68143,11,0.03825983631430396,50.99481749534607,1000,"[20.15784340475651, 19.212428321408826, 18.697107404019853, 18.687907602564447, 18.681433413667094, 18.681433413667094, 18.681433413667094, 18.681433413667094, 18.681433413667094, 18.681433413667094]"
instance_826,10,15.00703,15.4169,10,0.027311866505231198,50.14742732048035,1000,"[17.129587631470717, 16.214467158355607, 15.887165114792994, 15.588190563399264, 15.522464537522055, 15.497692686993298, 15.497692686993298, 15.416900713319471, 15.416900713319471, 15.416900713319471]"
instance_824,9,13.90727,14.76561,10,0.06171879887281976,53.279916286468506,1000,"[15.777842804232852, 14.805619276111031, 14.80561927611103, 14.80561927611103, 14.789313315977335, 14.789313315977335, 14.76560517323429, 14.76560517323429, 14.76560517323429, 14.76560517323429]"
instance_842,10,12.68556,12.92428,10,0.0188182468885882,36.28225350379944,1000,"[12.924276060954531, 12.924276060954531, 12.924276060954531, 12.924276060954531, 12.924276060954531, 12.924276060954531, 12.924276060954531, 12.924276060954531, 12.924276060954531, 12.924276060954531]"
instance_827,9,14.07468,14.2628,10,0.013365845617804427,54.207953691482544,1000,"[15.14542004487314, 14.262798609031606, 14.262798609031606, 14.262798609031604, 14.262798609031604, 14.262798609031604, 14.262798609031604, 14.262798609031604, 14.262798609031604, 14.262798609031604]"
instance_831,10,18.08056,18.98471,11,0.0500067475786149,50.140655517578125,1000,"[20.802565167429655, 20.27461133097949, 19.033539900041863, 18.984712366596835, 18.984712366596835, 18.98471236659683, 18.98471236659683, 18.98471236659683, 18.98471236659683, 18.98471236659683]"
instance_830,9,13.87704,14.13223,10,0.018389368337916493,50.797266244888306,1000,"[14.590558665571892, 14.484733750338554, 14.44367070615817, 14.443670706158166, 14.443670706158166, 14.145561769183573, 14.132234715052364, 14.132234715052364, 14.132234715052364, 14.132234715052364]"
instance_833,10,12.22882,12.36007,10,0.01073284258006902,51.742974519729614,1000,"[12.671547658060915, 12.377904710978072, 12.36589600995497, 12.36589600995497, 12.360069589301213, 12.360069589301213, 12.360069589301213, 12.360069589301213, 12.360069589301213, 12.360069589301213]"
instance_849,10,13.6731,14.30029,10,0.045870358587299195,36.71910619735718,1000,"[14.441332684361226, 14.420943439783045, 14.321131561329267, 14.321131561329265, 14.300292481947846, 14.300292481947846, 14.300292481947846, 14.300292481947844, 14.300292481947844, 14.300292481947844]"
instance_836,10,14.1497,14.25988,10,0.007786737528004233,49.63108563423157,1000,"[15.194244369934522, 14.30015451885634, 14.30015451885634, 14.272476653102956, 14.272476653102956, 14.272476653102956, 14.259883994808124, 14.259883994808124, 14.259883994808124, 14.259883994808124]"
instance_835,12,22.44457,23.48812,13,0.046494541886968645,51.9305157661438,1000,"[24.605510903416523, 24.006259434208093, 23.684338257559315, 23.54902262923655, 23.54902262923655, 23.54902262923655, 23.488117531089102, 23.488117531089102, 23.488117531089102, 23.488117531089102]"
instance_834,10,15.66407,15.96609,10,0.019281068074899998,55.0797016620636,1000,"[16.840813883685, 16.72622107503514, 16.102160194700218, 15.976016614886907, 15.966093377926482, 15.96609337792648, 15.96609337792648, 15.96609337792648, 15.96609337792648, 15.96609337792648]"
instance_838,10,15.69567,15.85599,10,0.010214282028100773,50.42681932449341,1000,"[17.40262204833009, 16.294746835203917, 15.8559850842497, 15.8559850842497, 15.8559850842497, 15.8559850842497, 15.8559850842497, 15.8559850842497, 15.8559850842497, 15.8559850842497]"
instance_858,9,14.30333,14.87911,10,0.040254961606842596,34.94932794570923,1000,"[15.37286478733043, 15.28731780723614, 15.28731780723614, 15.28731780723614, 15.28731780723614, 15.28731780723614, 15.287317807236139, 15.287317807236139, 14.87911182369149, 14.87911182369149]"
instance_861,10,13.89345,14.20811,10,0.02264808236974977,34.628249168395996,1000,"[14.634511367753154, 14.330267058929206, 14.330267058929206, 14.330267058929206, 14.265564091664247, 14.265564091664247, 14.265564091664245, 14.265564091664245, 14.265564091664245, 14.20811174414667]"
instance_839,10,13.43739,13.62742,10,0.014141883207974177,52.061455488204956,1000,"[13.654399311210229, 13.627415670866048, 13.627415670866048, 13.627415670866048, 13.627415670866048, 13.627415670866048, 13.627415670866048, 13.627415670866048, 13.627415670866048, 13.627415670866048]"
instance_841,10,15.75847,16.46072,10,0.044563336415273665,51.126760959625244,1000,"[16.68385406194475, 16.60559844090807, 16.60559844090807, 16.60559844090807, 16.460724366337576, 16.460724366337576, 16.460724366337576, 16.460724366337576, 16.460724366337576, 16.460724366337576]"
instance_840,9,12.09691,12.4781,9,0.03151135289921146,51.86186242103577,1000,"[13.336981283138401, 13.336981283138401, 13.25840446766085, 12.611362659115352, 12.500066825703614, 12.500066825703614, 12.500066825703614, 12.500066825703614, 12.478096476077457, 12.478096476077457]"
instance_843,10,15.64391,15.92384,10,0.017893864129875474,51.33798885345459,1000,"[16.65362124997766, 16.504591324594706, 16.504591324594706, 16.40399471072088, 16.40399471072088, 16.40399471072088, 15.923842552639702, 15.923842552639702, 15.923842552639702, 15.923842552639702]"
instance_844,10,15.20516,15.40091,10,0.012873919116931379,51.275840759277344,1000,"[16.51216850187473, 15.81684988163472, 15.81684988163472, 15.81684988163472, 15.816849881634717, 15.698039694475272, 15.680594152586325, 15.400907831572182, 15.400907831572182, 15.400907831572182]"
instance_846,8,12.05026,12.09532,9,0.0037393384043165404,51.732067346572876,1000,"[12.187551243782432, 12.095315305175852, 12.095315305175852, 12.095315305175852, 12.095315305175852, 12.095315305175852, 12.095315305175852, 12.095315305175852, 12.095315305175852, 12.095315305175852]"
instance_847,9,14.51967,15.34036,10,0.05652263446758782,51.552427768707275,1000,"[15.775786982714932, 15.747722617567408, 15.729902915760897, 15.724416455435486, 15.724416455435486, 15.724416455435486, 15.660831713078178, 15.485853081477394, 15.485853081477394, 15.340357381362153]"
instance_845,9,11.89839,12.14787,10,0.020967542667537385,54.42029094696045,1000,"[12.203334083280126, 12.156523434488186, 12.156523434488186, 12.156523434488186, 12.156523434488186, 12.156523434488186, 12.147873903678388, 12.147873903678388, 12.147873903678388, 12.147873903678388]"
instance_848,10,16.5423,16.76035,10,0.013181359303119764,52.97603940963745,1000,"[17.964528637437173, 17.674396511669297, 17.65166607209868, 17.589176589712974, 17.589176589712974, 17.351948531769143, 17.165480993281708, 17.13640494617542, 16.76034720078789, 16.76034720078789]"
instance_869,9,11.97443,12.24815,9,0.022858708097170458,37.17856526374817,1000,"[12.552838758868045, 12.37222802770773, 12.25685421285404, 12.248151338144654, 12.248151338144654, 12.248151338144654, 12.248151338144654, 12.248151338144654, 12.248151338144654, 12.248151338144654]"
instance_852,9,14.73998,14.87115,10,0.008898926592844828,51.06862258911133,1000,"[15.498520497111482, 15.403135404870845, 15.400113628144378, 15.400113628144378, 15.400113628144378, 15.400113628144378, 15.36996732982224, 15.363289878240572, 15.363289878240572, 14.871146727610665]"
instance_850,10,15.95669,16.36145,10,0.02536616303255884,52.484105825424194,1000,"[17.14085888625467, 16.854354149446745, 16.63711095441469, 16.63711095441469, 16.361449007828053, 16.36144900782805, 16.36144900782805, 16.36144900782805, 16.36144900782805, 16.36144900782805]"
instance_853,9,13.39189,13.49407,10,0.007629990987082526,51.250240087509155,1000,"[14.53167229515859, 13.925235852840737, 13.86848118075304, 13.86848118075304, 13.86848118075304, 13.49924407510581, 13.494065565608487, 13.494065565608487, 13.494065565608487, 13.494065565608487]"
instance_851,9,12.09903,12.17575,9,0.00634100419620415,53.11006999015808,1000,"[12.590937779846398, 12.342343418909872, 12.175749588889682, 12.175749588889682, 12.175749588889682, 12.175749588889682, 12.175749588889682, 12.17574958888968, 12.17574958888968, 12.17574958888968]"
instance_856,9,11.83549,12.27226,9,0.03690341506773266,48.9142370223999,1000,"[12.765609316760296, 12.383234838328992, 12.320744901438356, 12.320744901438356, 12.27226406832299, 12.27226406832299, 12.27226406832299, 12.27226406832299, 12.27226406832299, 12.27226406832299]"
instance_874,10,14.76119,14.89034,10,0.008749294602941972,36.967851400375366,1000,"[16.274805097638176, 15.036548828089352, 15.03654882808935, 14.890341854181903, 14.890341854181903, 14.890341854181901, 14.890341854181901, 14.890341854181901, 14.890341854181901, 14.890341854181901]"
instance_894,10,13.05993,13.05993,10,0.0,12.520601034164429,234,"[14.150173354165196, 13.134371553898106]"
instance_857,9,11.20817,11.88528,10,0.06041218147119458,49.88155674934387,1000,"[12.216587816178798, 12.164672469736173, 12.136823039781737, 11.978816229411409, 11.978816229411409, 11.978816229411409, 11.885277396642863, 11.885277396642863, 11.885277396642863, 11.885277396642863]"
instance_854,10,14.34369,14.75236,11,0.028491273863280576,52.92214274406433,1000,"[14.955258363998942, 14.752363679387118, 14.752363679387118, 14.752363679387118, 14.752363679387118, 14.752363679387118, 14.752363679387118, 14.752363679387118, 14.752363679387118, 14.752363679387118]"
instance_855,10,14.55081,15.15831,10,0.04175025307869458,51.87088179588318,1000,"[15.338941341309441, 15.335158969303208, 15.231812948395639, 15.231812948395639, 15.231812948395639, 15.231812948395639, 15.231812948395639, 15.231812948395639, 15.210202791761358, 15.15830511198104]"
instance_859,10,18.42948,19.01304,11,0.03166448537886031,51.09104824066162,1000,"[19.493443353110575, 19.439001290019252, 19.28196932917273, 19.013039809964674, 19.013039809964674, 19.013039809964674, 19.013039809964674, 19.013039809964674, 19.013039809964674, 19.013039809964674]"
instance_860,10,17.05567,17.1251,10,0.004070787016868909,51.882869482040405,1000,"[18.126503386120042, 17.882095582069716, 17.410855468812432, 17.301258527223364, 17.301258527223364, 17.301258527223364, 17.125095723722698, 17.125095723722694, 17.125095723722694, 17.125095723722694]"
instance_863,10,17.58299,18.04546,11,0.026302124951444534,52.02172803878784,1000,"[19.775414914746413, 18.876984444404687, 18.49328015969953, 18.05238741714399, 18.05238741714399, 18.05238741714399, 18.045460441925172, 18.045460441925172, 18.045460441925172, 18.045460441925172]"
instance_871,9,13.62939,13.67034,9,0.003004536519976221,45.44251894950867,1000,"[14.724335864287415, 13.670452904512365, 13.670339399247071, 13.670339399247071, 13.670339399247071, 13.670339399247071, 13.670339399247071, 13.670339399247071, 13.670339399247071, 13.670339399247071]"
instance_862,9,13.18536,13.67447,10,0.03709492952790065,54.331695795059204,1000,"[14.513988059304198, 13.973950856998266, 13.937749090453925, 13.937749090453925, 13.893147047099715, 13.893147047099715, 13.893147047099715, 13.893147047099715, 13.893147047099715, 13.674470372657092]"
instance_868,10,16.28795,16.28243,10,-0.0003389008438752012,48.20829129219055,895,"[17.257367428740274, 16.486330581453235, 16.37594393531889, 16.345175733665425, 16.331268921439424, 16.331268921439424, 16.331268921439424, 16.331268921439424]"
instance_865,12,22.89873,23.54992,13,0.02843782166085192,53.212287187576294,1000,"[24.599748918248913, 23.75765422447949, 23.686782623288252, 23.61289401881762, 23.61289401881762, 23.61289401881762, 23.612894018817613, 23.612894018817613, 23.612894018817613, 23.54991516100728]"
instance_864,9,13.81225,14.0632,10,0.018168654636282977,54.34740948677063,1000,"[14.442474177522945, 14.378016376038302, 14.063204720068137, 14.063204720068137, 14.063204720068137, 14.063204720068137, 14.063204720068137, 14.063204720068137, 14.063204720068137, 14.063204720068137]"
instance_866,13,24.06524,24.52004,13,0.01889862723164208,50.55497407913208,1000,"[25.51742086538354, 24.67764755043105, 24.67764755043105, 24.67764755043105, 24.67764755043105, 24.67764755043105, 24.658249268592296, 24.658249268592296, 24.520460091118043, 24.520039070376704]"
instance_867,10,15.02221,15.41507,10,0.02615194435439264,51.1770293712616,1000,"[16.43786272979977, 15.595869834498934, 15.520369704083508, 15.520369704083508, 15.520023572022085, 15.520023572022085, 15.520023572022085, 15.520023572022085, 15.520023572022085, 15.415071331173094]"
instance_881,9,10.42718,10.51017,9,0.007959007133280576,37.47128200531006,1000,"[10.804149754871377, 10.510173068906353, 10.510173068906353, 10.510173068906353, 10.510173068906353, 10.510173068906353, 10.510173068906353, 10.510173068906353, 10.510173068906353, 10.510173068906353]"
instance_873,9,14.49343,14.86105,10,0.02536459623429378,51.45555520057678,1000,"[15.4803517369928, 15.273470082055907, 14.999314121503964, 14.999314121503964, 14.999314121503964, 14.999314121503964, 14.91585696037756, 14.863271419657417, 14.861048873755246, 14.861048873755246]"
instance_872,10,16.21022,17.1948,11,0.060738225637900115,51.71589946746826,1000,"[17.42219853762466, 17.245424893498488, 17.245424893498488, 17.245424893498488, 17.245424893498488, 17.245424893498488, 17.245424893498488, 17.245424893498488, 17.235054358800806, 17.19479570294633]"
instance_886,9,12.46326,12.47373,9,0.0008400691311903753,35.746119260787964,1000,"[13.818556828180387, 12.533960941526999, 12.473729933519145, 12.473729933519145, 12.473729933519145, 12.473729933519145, 12.473729933519145, 12.473729933519145, 12.473729933519145, 12.473729933519145]"
instance_875,9,11.08228,11.40948,9,0.029524610459219534,50.30343675613403,1000,"[11.6951558851638, 11.6951558851638, 11.409479909486597, 11.409479909486597, 11.409479909486597, 11.409479909486597, 11.409479909486597, 11.409479909486597, 11.409479909486597, 11.409479909486597]"
instance_876,9,12.12995,12.73857,10,0.050174980111212346,50.252692222595215,1000,"[12.822075752602709, 12.796511341349316, 12.796511341349316, 12.73857275096601, 12.73857275096601, 12.73857275096601, 12.73857275096601, 12.73857275096601, 12.73857275096601, 12.73857275096601]"
instance_870,9,12.56519,12.89614,9,0.026338638731288697,58.063292264938354,1000,"[14.0559798693914, 13.479320963260209, 13.356826449060478, 13.111569131735848, 13.04039334231919, 12.89613887094123, 12.89613887094123, 12.89613887094123, 12.89613887094123, 12.89613887094123]"
instance_878,10,16.68237,17.03613,10,0.02120562006477504,50.30315375328064,1000,"[17.418910500411712, 17.04355365749662, 17.036132670150682, 17.036132670150682, 17.036132670150682, 17.036132670150682, 17.036132670150682, 17.036132670150682, 17.036132670150682, 17.036132670150682]"
instance_877,8,12.05669,12.56958,9,0.04253986790736102,51.80648875236511,1000,"[13.014819314881883, 12.837851233979908, 12.671813885565488, 12.569577710795935, 12.569577710795935, 12.569577710795935, 12.569577710795935, 12.569577710795935, 12.569577710795935, 12.569577710795935]"
instance_880,10,14.58571,15.48071,10,0.06136142841178109,51.88113760948181,1000,"[16.1811940116361, 16.049932750918202, 15.969082024860525, 15.480707435253333, 15.480707435253333, 15.480707435253333, 15.480707435253333, 15.480707435253333, 15.480707435253333, 15.480707435253333]"
instance_883,10,16.12683,16.44156,11,0.019515924704358964,48.640865325927734,1000,"[17.073333541986447, 16.459949798753733, 16.459949798753733, 16.459949798753733, 16.459949798753733, 16.459949798753733, 16.459949798753733, 16.459949798753733, 16.441562581377383, 16.441562581377383]"
instance_892,9,13.21629,13.43034,9,0.016195921850988327,38.36179709434509,1000,"[13.827209638109872, 13.74867584583671, 13.748675845836708, 13.588283468950944, 13.588283468950944, 13.547263964586707, 13.547263964586707, 13.430337975969259, 13.430337975969259, 13.430337975969259]"
instance_879,9,12.40316,13.04245,10,0.05154251013451417,55.32399225234985,1000,"[13.660069719403335, 13.316226278637457, 13.316226278637457, 13.316226278637457, 13.042448438293174, 13.042448438293173, 13.042448438293173, 13.042448438293173, 13.042448438293173, 13.042448438293173]"
instance_884,9,13.28717,13.80695,10,0.039118939548451685,51.0517795085907,1000,"[14.316396336204859, 13.844136163657558, 13.844136163657558, 13.844136163657558, 13.831512776302626, 13.831512776302626, 13.806951564052167, 13.806951564052167, 13.806951564052167, 13.806951564052167]"
instance_885,9,12.28372,12.61311,10,0.026815166741019827,51.51413059234619,1000,"[13.437697151564675, 12.622493797834943, 12.613110976371724, 12.613110976371722, 12.613110976371722, 12.613110976371722, 12.613110976371722, 12.613110976371722, 12.613110976371722, 12.613110976371722]"
instance_891,10,16.37738,17.10607,11,0.044493685803223736,44.84927034378052,1000,"[17.740405009347302, 17.486232009773577, 17.311654354806674, 17.289102245537695, 17.253637526961057, 17.117113510140854, 17.117113510140854, 17.10606656762498, 17.10606656762498, 17.10606656762498]"
instance_887,10,16.51547,16.94225,10,0.0258412264380003,52.1710422039032,1000,"[18.18317568773181, 17.18300868981969, 17.03619231293993, 16.95829225174819, 16.942248312976314, 16.942248312976314, 16.942248312976314, 16.942248312976314, 16.942248312976314, 16.942248312976314]"
instance_882,10,12.75109,12.76561,10,0.0011387261794874772,59.0415461063385,1000,"[12.84511863232022, 12.767357517480393, 12.767357517480393, 12.765610814503312, 12.765610814503312, 12.76561081450331, 12.76561081450331, 12.76561081450331, 12.76561081450331, 12.76561081450331]"
instance_889,9,10.87654,11.21032,9,0.030688068080474036,50.88682818412781,1000,"[11.573428909765838, 11.401713601127838, 11.210322615678399, 11.210322615678397, 11.210322615678397, 11.210322615678397, 11.210322615678397, 11.210322615678397, 11.210322615678397, 11.210322615678397]"
instance_896,10,11.7236,11.99853,10,0.023450987751202808,47.613884925842285,1000,"[12.679054449504454, 12.149289606836476, 12.053732591781877, 12.010439469206693, 12.010439469206691, 12.010439469206691, 12.010439469206691, 12.010439469206691, 11.998534233487575, 11.998534233487575]"
instance_890,12,18.02399,18.32437,12,0.016665566281383697,51.878809690475464,1000,"[19.337577677590208, 18.497054521941504, 18.4970545219415, 18.480266814991527, 18.324371277540287, 18.324371277540287, 18.324371277540287, 18.324371277540287, 18.324371277540287, 18.324371277540287]"
instance_888,9,13.37872,13.41319,10,0.0025764796632264273,54.79835391044617,1000,"[13.81748735466836, 13.540502428126285, 13.540502428126285, 13.41318503962394, 13.41318503962394, 13.41318503962394, 13.41318503962394, 13.41318503962394, 13.41318503962394, 13.41318503962394]"
instance_893,8,10.6035,10.77271,9,0.015957938416560534,52.54480290412903,1000,"[10.93151914396157, 10.80882322504056, 10.80882322504056, 10.772712010174336, 10.772712010174336, 10.772712010174336, 10.772712010174336, 10.772712010174336, 10.772712010174336, 10.772712010174336]"
instance_897,10,15.21653,15.88888,10,0.04418550089935089,51.82712244987488,1000,"[17.178795214836725, 16.06913533866717, 15.888883454776982, 15.888883454776982, 15.888883454776982, 15.888883454776982, 15.888883454776982, 15.888883454776982, 15.888883454776982, 15.888883454776982]"
instance_895,9,11.72955,11.88348,10,0.01312326559842456,53.04703068733215,1000,"[12.173360475727698, 12.173360475727698, 11.883476573324291, 11.883476573324291, 11.883476573324291, 11.883476573324291, 11.883476573324291, 11.883476573324291, 11.883476573324291, 11.883476573324291]"
instance_900,11,18.6017,19.22012,11,0.03324534854341272,51.53066086769104,1000,"[19.780512872300903, 19.30826425428713, 19.27104946054346, 19.27104946054346, 19.27104946054346, 19.27104946054346, 19.27104946054346, 19.220116565079085, 19.220116565079085, 19.220116565079085]"
instance_899,11,18.59403,19.36723,12,0.04158323935155527,53.08658289909363,1000,"[19.482072524842557, 19.390894438565777, 19.390894438565777, 19.390894438565777, 19.390894438565777, 19.390894438565777, 19.390894438565777, 19.390894438565777, 19.390894438565777, 19.367229327714156]"
instance_908,10,15.80562,16.95533,11,0.07274058214736281,43.977696657180786,1000,"[17.35030096050218, 16.955329810301585, 16.955329810301585, 16.955329810301585, 16.955329810301585, 16.955329810301585, 16.955329810301585, 16.955329810301585, 16.955329810301585, 16.955329810301585]"
instance_898,10,13.19176,13.42737,10,0.017860391638416667,54.882354497909546,1000,"[13.805781463045356, 13.805781463045356, 13.805781463045356, 13.805781463045356, 13.781804649504526, 13.709365013450467, 13.443029283351207, 13.443029283351207, 13.443029283351207, 13.42737265107004]"
instance_902,9,11.32719,11.76787,10,0.03890461800322943,47.97225546836853,1000,"[11.912982093723375, 11.849350031646782, 11.849350031646782, 11.849350031646782, 11.849350031646782, 11.831284627101796, 11.767865556268564, 11.767865556268564, 11.767865556268564, 11.767865556268564]"
instance_916,10,15.99997,16.57736,11,0.03608694266301746,38.248446226119995,1000,"[17.42974563643789, 16.716803789788553, 16.57736234444274, 16.57736234444274, 16.57736234444274, 16.57736234444274, 16.57736234444274, 16.57736234444274, 16.57736234444274, 16.57736234444274]"
instance_901,9,14.75945,15.35514,10,0.04035990501001062,51.17114210128784,1000,"[16.385073700297976, 16.29784851852515, 16.284276805292222, 16.165044083844048, 16.141214188911242, 15.859335076006735, 15.79858660293932, 15.654468527429103, 15.372824045265363, 15.355135232337442]"
instance_903,12,19.83677,20.24661,12,0.020660621663708308,50.502249002456665,1000,"[20.94207159323976, 20.246609764409207, 20.246609764409207, 20.246609764409207, 20.246609764409207, 20.246609764409207, 20.246609764409207, 20.246609764409207, 20.246609764409207, 20.246609764409207]"
instance_907,9,11.82926,12.10833,9,0.02359150107445443,49.21171522140503,1000,"[12.671980309852925, 12.286973634314636, 12.190360736191987, 12.190360736191986, 12.10832547804659, 12.10832547804659, 12.10832547804659, 12.10832547804659, 12.10832547804659, 12.10832547804659]"
instance_923,9,11.55683,11.76801,9,0.01827317698711503,38.4800968170166,1000,"[12.51191345477385, 12.031715146759588, 11.76800673947887, 11.76800673947887, 11.76800673947887, 11.76800673947887, 11.76800673947887, 11.76800673947887, 11.76800673947887, 11.76800673947887]"
instance_905,9,13.55752,13.82071,9,0.019412842466763818,50.68572211265564,1000,"[14.533858199472547, 13.911976544633228, 13.820713685023122, 13.820713685023122, 13.820713685023122, 13.820713685023122, 13.820713685023122, 13.820713685023122, 13.820713685023122, 13.820713685023122]"
instance_910,9,15.85718,16.35678,10,0.03150623250792391,50.41355061531067,1000,"[18.013630758462455, 17.1419912322765, 17.1419912322765, 17.1419912322765, 16.378868047496923, 16.356784831537816, 16.356784831537816, 16.356784831537816, 16.356784831537816, 16.356784831537816]"
instance_909,10,17.4473,17.73436,10,0.016452975532030765,51.487977027893066,1000,"[19.381895820582248, 18.731283511175793, 18.58812371348069, 18.301565208251713, 18.250991688633178, 17.734759092507307, 17.734759092507307, 17.734759092507307, 17.734364540583133, 17.734364540583133]"
instance_906,9,11.83077,11.97979,9,0.012595967971653592,53.5554723739624,1000,"[12.324930415465193, 12.262882171516203, 12.262882171516203, 12.256282560243369, 11.979785550622676, 11.979785550622676, 11.979785550622676, 11.979785550622676, 11.979785550622676, 11.979785550622676]"
instance_904,9,12.10228,12.39393,9,0.024098764860836043,54.963053464889526,1000,"[12.899044785640664, 12.671633897777609, 12.660893837905308, 12.39393005490002, 12.393930054900018, 12.393930054900018, 12.393930054900018, 12.393930054900018, 12.393930054900018, 12.393930054900018]"
instance_914,9,11.27998,11.49342,9,0.018922019365282587,50.776238203048706,1000,"[12.131606259459984, 11.86365318122967, 11.493424951947368, 11.493424951947366, 11.493424951947366, 11.493424951947366, 11.493424951947365, 11.493424951947365, 11.493424951947365, 11.493424951947365]"
instance_926,11,19.22814,19.42813,11,0.01040090201132297,37.46975016593933,1000,"[20.839776261831762, 20.52576695252033, 19.428126965263004, 19.428126965263, 19.428126965263, 19.428126965263, 19.428126965263, 19.428126965263, 19.428126965263, 19.428126965262997]"
instance_911,10,16.74309,17.23291,11,0.02925505387595729,53.34779143333435,1000,"[17.958524773011447, 17.53533665590369, 17.535336655903688, 17.286199040961918, 17.286199040961915, 17.232913576390743, 17.232913576390743, 17.232913576390743, 17.232913576390743, 17.232913576390743]"
instance_912,9,14.22678,14.79258,10,0.03977006743620126,52.834850788116455,1000,"[14.792579331696196, 14.792579331696196, 14.792579331696196, 14.792579331696196, 14.792579331696196, 14.792579331696194, 14.792579331696194, 14.792579331696194, 14.792579331696194, 14.792579331696194]"
instance_915,10,17.3021,17.61266,10,0.01794926627403624,50.21618390083313,1000,"[18.864959553002286, 18.299276956215838, 18.129144760239306, 18.129144760239306, 18.114648815569986, 18.114648815569986, 18.11086574989343, 17.61266353810448, 17.612663538104478, 17.612663538104478]"
instance_913,10,11.61592,11.63637,10,0.0017605148795790866,53.49527907371521,1000,"[12.11883284191251, 12.099822495268914, 12.099822495268914, 12.099822495268914, 12.099822495268914, 12.099822495268914, 11.636366421505743, 11.636366421505743, 11.636366421505741, 11.636366421505741]"
instance_917,9,13.6627,13.8447,9,0.013320939492194105,50.1183967590332,1000,"[14.808148299035011, 13.844704603374081, 13.84470460337408, 13.84470460337408, 13.84470460337408, 13.84470460337408, 13.84470460337408, 13.84470460337408, 13.84470460337408, 13.84470460337408]"
instance_928,10,14.26102,14.64995,10,0.027272242798902196,39.12186121940613,1000,"[16.51603419253308, 15.940259892789104, 15.880931967886443, 15.880931967886443, 14.994309886685851, 14.704049988476054, 14.649945392671176, 14.649945392671174, 14.649945392671174, 14.649945392671174]"
instance_921,10,16.97196,17.44388,11,0.0278058633180847,51.25943636894226,1000,"[18.307379100025127, 17.501632525951557, 17.501632525951557, 17.501632525951557, 17.501632525951557, 17.501632525951557, 17.443875384162844, 17.443875384162844, 17.443875384162844, 17.443875384162844]"
instance_918,9,11.74553,12.21816,10,0.04023913778262869,51.84531283378601,1000,"[12.665052790250652, 12.45545657615501, 12.336085695322724, 12.335593060639074, 12.335593060639074, 12.226174246292162, 12.218157638236658, 12.218157638236658, 12.218157638236658, 12.218157638236658]"
instance_922,11,18.11416,18.38604,11,0.015009252430143215,50.276180267333984,1000,"[19.678404879732593, 18.827001614765642, 18.46543598573792, 18.46543598573792, 18.407699315872165, 18.40769931587216, 18.40769931587216, 18.40769931587216, 18.40769931587216, 18.386042296671302]"
instance_919,11,19.75328,21.15213,12,0.0708160872523449,52.74524688720703,1000,"[21.774615635519257, 21.472788658513547, 21.152130518920984, 21.152130518920984, 21.152130518920984, 21.152130518920984, 21.152130518920984, 21.152130518920984, 21.152130518920984, 21.152130518920984]"
instance_920,10,13.76171,14.06017,10,0.02168771177419075,52.61706876754761,1000,"[15.20370961501187, 14.98880290778905, 14.32957057932504, 14.204075949300126, 14.186453384305882, 14.186453384305882, 14.186453384305882, 14.186453384305882, 14.186453384305882, 14.060171771897368]"
instance_935,9,12.70561,12.59355,10,-0.008819726089499018,35.6177761554718,707,"[13.8395375371488, 13.199687062036837, 13.199687062036837, 13.199687062036837, 13.199687062036837, 13.199687062036837, 12.952097186358198]"
instance_934,9,11.11155,11.3109,9,0.01794079133874219,38.47188901901245,1000,"[11.933049118242272, 11.716949929808147, 11.405287644913345, 11.310895610612128, 11.310895610612128, 11.310895610612128, 11.310895610612127, 11.310895610612127, 11.310895610612127, 11.310895610612127]"
instance_924,10,17.74309,17.84521,10,0.005755480020672999,50.67857027053833,1000,"[18.062486217099845, 17.853583526755912, 17.84521189025106, 17.84521189025106, 17.845211890251058, 17.845211890251058, 17.845211890251058, 17.845211890251058, 17.845211890251058, 17.845211890251058]"
instance_927,10,16.04037,16.27551,10,0.01465926284742816,49.282822608947754,1000,"[17.173632264520993, 16.81127138079183, 16.347921227718935, 16.34792122771893, 16.34792122771893, 16.34792122771893, 16.34792122771893, 16.322960250397845, 16.27693284352737, 16.27550545979101]"
instance_925,11,18.64276,19.66569,12,0.05487009434225417,53.482163190841675,1000,"[20.25875738082621, 19.836770247042494, 19.665690535312617, 19.665690535312617, 19.665690535312617, 19.665690535312613, 19.665690535312613, 19.665690535312613, 19.665690535312613, 19.665690535312613]"
instance_931,9,14.11556,14.48206,10,0.025964255049038102,50.452354431152344,1000,"[15.37421390655113, 14.769647769648163, 14.71603726855887, 14.71603726855887, 14.482064124643058, 14.482064124643058, 14.482064124643058, 14.482064124643058, 14.482064124643058, 14.482064124643058]"
instance_929,10,13.1017,13.56774,10,0.03557095644076733,53.08292889595032,1000,"[13.972305505368336, 13.859901122297046, 13.859901122297046, 13.859901122297046, 13.859901122297046, 13.859901122297046, 13.859901122297046, 13.704109011703851, 13.567739545181022, 13.567739545181022]"
instance_942,10,15.24527,15.55011,10,0.019995710144851516,37.28955292701721,1000,"[16.13859896253732, 15.98432870060775, 15.664264810099745, 15.664264810099745, 15.648403265265934, 15.609951803956285, 15.604212855983713, 15.604212855983711, 15.550105855237586, 15.550105855237584]"
instance_933,9,12.48142,13.12906,10,0.051888326808968925,49.57076811790466,1000,"[13.519817118416203, 13.129058057653673, 13.129058057653673, 13.129058057653673, 13.129058057653673, 13.129058057653673, 13.129058057653673, 13.129058057653673, 13.129058057653673, 13.129058057653673]"
instance_930,9,11.24153,11.49173,10,0.022256756864946436,55.38975787162781,1000,"[11.62776505682075, 11.568158854480508, 11.564834388311189, 11.554793317688027, 11.554793317688024, 11.554793317688024, 11.554793317688024, 11.554793317688024, 11.554793317688024, 11.491726745124112]"
instance_955,8,10.37242,10.37242,8,0.0,26.691103219985962,494,"[10.95187303420098, 10.558973627213582, 10.451025076735842, 10.38404446723804]"
instance_932,9,12.41305,12.59892,9,0.01497375745686995,53.316084146499634,1000,"[13.718319858986423, 13.419590671557312, 13.419590671557312, 12.759388915765062, 12.633225940549746, 12.598918921116438, 12.598918921116438, 12.598918921116438, 12.598918921116438, 12.598918921116438]"
instance_936,11,16.80764,16.91055,11,0.006122810816985692,50.0811288356781,1000,"[18.381619566025755, 17.956099579848782, 17.407342234513575, 17.092136434551765, 16.91055419726296, 16.91055419726296, 16.91055419726296, 16.91055419726296, 16.91055419726296, 16.91055419726296]"
instance_950,10,17.15991,17.79179,11,0.036823036950659936,36.929457902908325,1000,"[18.0945880163497, 17.976551845734225, 17.791790853306033, 17.791790853306033, 17.791790853306033, 17.791790853306033, 17.791790853306033, 17.791790853306033, 17.791790853306033, 17.791790853306033]"
instance_937,9,13.28014,13.5823,10,0.022752772184630635,51.78131914138794,1000,"[14.119941950048068, 13.618494864335547, 13.614408689491489, 13.5823033085466, 13.5823033085466, 13.5823033085466, 13.5823033085466, 13.5823033085466, 13.5823033085466, 13.5823033085466]"
instance_957,10,15.1805,15.30298,10,0.008068245446460886,35.73551034927368,1000,"[15.719625395117198, 15.495201154337476, 15.302975725945247, 15.302975725945247, 15.302975725945247, 15.302975725945247, 15.302975725945245, 15.302975725945245, 15.302975725945245, 15.302975725945245]"
instance_939,10,15.8959,16.1842,10,0.018136752244289494,52.141830921173096,1000,"[16.622632861535724, 16.43903361793922, 16.418865962218636, 16.18420153650019, 16.184201536500186, 16.184201536500186, 16.184201536500186, 16.184201536500186, 16.184201536500186, 16.184201536500186]"
instance_940,10,17.09003,17.30899,11,0.012812148369546614,50.746901988983154,1000,"[19.79592807447205, 17.467059978383507, 17.467059978383507, 17.467059978383507, 17.331022719023366, 17.30899107084543, 17.30899107084543, 17.30899107084543, 17.30899107084543, 17.30899107084543]"
instance_941,10,15.93906,16.78585,11,0.05312672140013278,51.154001235961914,1000,"[17.496101456723466, 17.367688508548962, 16.85723445465158, 16.85723445465158, 16.85723445465158, 16.85723445465158, 16.78584578307362, 16.78584578307362, 16.78584578307362, 16.78584578307362]"
instance_943,9,13.60576,13.95752,10,0.025853756056258562,50.12102723121643,1000,"[14.466587405027317, 14.45058990068098, 13.957523760902317, 13.957523760902317, 13.957523760902317, 13.957523760902317, 13.957523760902317, 13.957523760902317, 13.957523760902317, 13.957523760902316]"
instance_938,9,12.73664,12.7696,9,0.0025878096578062183,57.63933205604553,1000,"[13.315847801014462, 12.926395942004703, 12.769595274455694, 12.769595274455693, 12.769595274455693, 12.769595274455693, 12.769595274455693, 12.769595274455693, 12.769595274455693, 12.769595274455693]"
instance_945,9,11.86277,12.24244,9,0.0320051724850099,50.33974003791809,1000,"[12.55255966563492, 12.418040847201093, 12.418040847201093, 12.254789776884845, 12.242439193253237, 12.242439193253237, 12.242439193253237, 12.242439193253237, 12.242439193253237, 12.242439193253237]"
instance_991,10,12.22601,12.15742,10,-0.00561017044808571,4.640784978866577,120,[12.610812530987692]
instance_944,10,16.19565,16.7743,11,0.035728729628017375,52.00839972496033,1000,"[17.000033741812697, 17.000033741812697, 16.87916717235132, 16.869929579780425, 16.859371002341703, 16.859371002341703, 16.825536153351326, 16.825536153351326, 16.77429879095962, 16.77429879095962]"
instance_964,9,13.2722,13.31415,9,0.0031607420020795295,36.14917969703674,1000,"[14.272633265483927, 13.67526555704153, 13.398631138704369, 13.398631138704369, 13.351400621471955, 13.351400621471955, 13.351400621471955, 13.314150400548648, 13.314150400548648, 13.314150400548648]"
instance_970,11,16.0221,16.01993,11,-0.00013543792636418206,33.39318490028381,912,"[17.471913994267112, 16.862894288025444, 16.60393714226338, 16.60393714226338, 16.35889553653611, 16.35889553653611, 16.35889553653611, 16.23985165401355, 16.11669812733288]"
instance_946,9,13.82367,13.93419,10,0.007994982519113902,51.02972149848938,1000,"[14.854504491231323, 14.32035844284268, 14.275645489304445, 14.275645489304445, 14.275645489304445, 13.93419427494922, 13.93419427494922, 13.93419427494922, 13.93419427494922, 13.93419427494922]"
instance_947,11,18.9646,19.43497,11,0.02480252681311491,53.04167318344116,1000,"[19.764777781436848, 19.524602423630256, 19.524602423630256, 19.524602423630256, 19.524602423630256, 19.48036243602332, 19.48036243602332, 19.434970707913802, 19.434970707913802, 19.434970707913802]"
instance_948,10,16.39645,16.45738,10,0.003716048290940968,50.89049983024597,1000,"[17.473812040518006, 16.620329400004547, 16.491171573136647, 16.457376769690796, 16.457376769690793, 16.457376769690793, 16.457376769690793, 16.457376769690793, 16.457376769690793, 16.457376769690793]"
instance_949,9,15.04368,16.51628,11,0.09788828265424405,50.852972984313965,1000,"[17.04792570495357, 16.657081683434235, 16.586090481648238, 16.586090481648235, 16.546956886975966, 16.546956886975966, 16.516279049176934, 16.516279049176934, 16.516279049176934, 16.51627904917693]"
instance_952,9,12.137,12.79214,10,0.05397874268764928,49.99773669242859,1000,"[12.996523279299586, 12.854941680233459, 12.792137844700015, 12.792137844700015, 12.792137844700015, 12.792137844700015, 12.792137844700015, 12.792137844700015, 12.792137844700015, 12.792137844700015]"
instance_954,10,15.96702,16.08856,10,0.007611940111555025,50.55344796180725,1000,"[16.826785980987797, 16.337550859005358, 16.19742047490748, 16.197420474907478, 16.197420474907478, 16.197420474907478, 16.09340868995598, 16.088561479628027, 16.088561479628027, 16.088561479628027]"
instance_951,8,11.65926,12.49951,9,0.07206718093601147,52.242796897888184,1000,"[12.968158730187184, 12.544580324848676, 12.499509139664365, 12.499509139664365, 12.499509139664365, 12.499509139664365, 12.499509139664365, 12.499509139664365, 12.499509139664365, 12.499509139664365]"
instance_953,11,17.15829,17.66374,11,0.029458063711477057,51.26823019981384,1000,"[19.201760347542837, 18.128021145163636, 18.128021145163636, 18.054372383851966, 18.048725565434466, 17.95854730714875, 17.95854730714875, 17.663742095080533, 17.663742095080533, 17.663742095080533]"
instance_958,9,11.41964,11.91091,9,0.04301974493066332,48.26685404777527,1000,"[12.962848867244707, 12.565221358530241, 11.910912298389274, 11.910912298389274, 11.910912298389274, 11.910912298389274, 11.910912298389274, 11.910912298389274, 11.910912298389272, 11.910912298389272]"
instance_960,9,13.32602,13.63872,10,0.023465370755859555,46.874521255493164,1000,"[13.796018621932312, 13.64576379371431, 13.64576379371431, 13.64576379371431, 13.64576379371431, 13.638716896354069, 13.638716896354069, 13.638716896354069, 13.638716896354069, 13.638716896354069]"
instance_977,9,13.13512,13.59629,10,0.035109690661371894,36.647045612335205,1000,"[13.63828164683165, 13.599713002498818, 13.599713002498817, 13.599713002498817, 13.599713002498817, 13.596294183025478, 13.596294183025478, 13.596294183025478, 13.596294183025478, 13.596294183025478]"
instance_961,9,12.07193,12.29385,10,0.018383141718018643,47.238693714141846,1000,"[12.293852085759818, 12.293852085759816, 12.293852085759816, 12.293852085759816, 12.293852085759816, 12.293852085759816, 12.293852085759816, 12.293852085759816, 12.293852085759816, 12.293852085759816]"
instance_962,10,13.73429,14.29561,10,0.0408699685240373,47.670997619628906,1000,"[14.433216522221027, 14.295608088034445, 14.295608088034443, 14.295608088034443, 14.295608088034443, 14.295608088034443, 14.295608088034443, 14.295608088034443, 14.295608088034443, 14.295608088034443]"
instance_956,10,13.8268,14.25001,10,0.0306079497786906,52.79276943206787,1000,"[15.179612282346161, 15.02313731570298, 15.018613823502248, 14.25189675683512, 14.25189675683512, 14.25189675683512, 14.25189675683512, 14.25189675683512, 14.25189675683512, 14.25000765871755]"
instance_959,9,12.59674,12.90583,9,0.02453730092071436,51.45784401893616,1000,"[13.26829598336594, 13.143243116405682, 13.143243116405682, 13.117378589585355, 12.905834329278045, 12.905834329278045, 12.905834329278045, 12.905834329278045, 12.905834329278045, 12.905834329278045]"
instance_967,10,15.42086,16.13874,10,0.04655252690187183,47.44652771949768,1000,"[16.461735006104135, 16.148969626058737, 16.148969626058737, 16.148969626058737, 16.148969626058733, 16.148969626058733, 16.1387443609822, 16.1387443609822, 16.1387443609822, 16.1387443609822]"
instance_965,11,19.84023,20.39505,11,0.027964393557937738,48.8710618019104,1000,"[21.234061170408168, 20.809770458311036, 20.405265156301592, 20.40526515630159, 20.40526515630159, 20.40526515630159, 20.40526515630159, 20.40526515630159, 20.395046218989357, 20.395046218989357]"
instance_994,9,11.20076,11.20076,9,0.0,18.97695231437683,399,"[11.521616532389555, 11.5177984436639, 11.51540810145093]"
instance_966,10,13.98657,14.52291,10,0.03834678552354145,50.287078857421875,1000,"[14.992934087914078, 14.976115241539556, 14.716068258063672, 14.698377718096225, 14.66798185812738, 14.66798185812738, 14.66798185812738, 14.66798185812738, 14.522912026065748, 14.522912026065748]"
instance_969,9,13.85348,15.16735,10,0.09484042998582316,47.78065037727356,1000,"[15.343269530758535, 15.25082350612557, 15.25082350612557, 15.25082350612557, 15.25082350612557, 15.25082350612557, 15.25082350612557, 15.220662753093489, 15.220662753093489, 15.167349579987764]"
instance_963,9,14.23497,14.55491,9,0.022475635705589754,52.01904273033142,1000,"[15.13414564089211, 14.867065675087492, 14.867065675087492, 14.676745791896192, 14.554914831187155, 14.554914831187151, 14.554914831187151, 14.554914831187151, 14.554914831187151, 14.554914831187151]"
instance_972,8,11.49232,11.60309,9,0.009638610828797013,49.100914001464844,1000,"[12.275838643626418, 11.63903972799495, 11.639039727994948, 11.639039727994948, 11.639039727994948, 11.639039727994948, 11.639039727994948, 11.639039727994948, 11.6030924994937, 11.6030924994937]"
instance_968,10,12.67625,12.8153,10,0.010969332412977104,52.89334964752197,1000,"[13.752239697480887, 13.752239697480883, 13.73543883781129, 13.73543883781129, 13.456547642566582, 13.33742167894224, 13.33742167894224, 12.997648430119249, 12.81530461049675, 12.81530461049675]"
instance_971,10,14.29452,14.98874,10,0.04856546424783761,49.480966567993164,1000,"[16.021066093133935, 15.281461900809312, 15.281461900809312, 15.281461900809312, 15.281461900809312, 15.281461900809312, 14.988744337272102, 14.988744337272102, 14.988744337272102, 14.988744337272102]"
instance_974,9,12.73903,12.75294,9,0.0010919198714502579,48.81714057922363,1000,"[12.974309511643064, 12.762650488177457, 12.762650488177455, 12.762650488177455, 12.762650488177455, 12.762650488177453, 12.762650488177453, 12.762650488177453, 12.752935013376879, 12.752935013376879]"
instance_973,13,24.67554,25.75751,13,0.04384787526433052,49.62498092651367,1000,"[26.465484592485858, 26.26064864765745, 25.757507733054585, 25.757507733054585, 25.757507733054585, 25.757507733054585, 25.757507733054585, 25.757507733054585, 25.757507733054585, 25.757507733054585]"
instance_976,9,12.04211,12.80631,9,0.06346063937300031,48.3095440864563,1000,"[12.913463563466863, 12.816284865523913, 12.812046119111821, 12.80630636969401, 12.80630636969401, 12.80630636969401, 12.80630636969401, 12.80630636969401, 12.80630636969401, 12.80630636969401]"
instance_975,9,15.09457,15.45802,10,0.02407819500654873,49.07403373718262,1000,"[15.82695783988183, 15.82695783988183, 15.82695783988183, 15.82695783988183, 15.82695783988183, 15.82695783988183, 15.82695783988183, 15.520583903831364, 15.491837297898305, 15.458022650452627]"
instance_983,9,12.0672,12.51717,9,0.037288683373110615,38.22985291481018,1000,"[13.138305905636692, 12.74101659842938, 12.517169924200555, 12.517169924200555, 12.517169924200555, 12.517169924200553, 12.517169924200553, 12.517169924200553, 12.517169924200553, 12.517169924200553]"
instance_979,9,12.86329,13.09052,9,0.017664998612330167,45.8200044631958,1000,"[13.41964513927244, 13.41964513927244, 13.41964513927244, 13.090516133423604, 13.090516133423604, 13.090516133423604, 13.090516133423604, 13.090516133423604, 13.090516133423604, 13.090516133423604]"
instance_978,9,13.89436,14.07882,10,0.01327589036126886,49.10571837425232,1000,"[14.274268481183784, 14.078820504049846, 14.078820504049846, 14.078820504049846, 14.078820504049846, 14.078820504049846, 14.078820504049846, 14.078820504049846, 14.078820504049846, 14.078820504049846]"
instance_980,10,17.06822,17.37962,11,0.018244433221507515,47.331037521362305,1000,"[17.896041377036244, 17.531848730622727, 17.469342437922084, 17.469342437922084, 17.38353065271993, 17.38353065271993, 17.379617773900993, 17.379617773900993, 17.379617773900993, 17.37961777390099]"
instance_982,9,15.90823,15.9825,9,0.004668652640802923,43.15328121185303,1000,"[17.56529904041813, 17.544210057385815, 17.417089071546155, 17.081673428941844, 16.90041377446166, 16.47015523714423, 16.30327125112656, 16.267812573305363, 16.109885204711272, 15.982496007792783]"
instance_989,9,13.38978,13.82124,9,0.032223083575682314,35.64841341972351,1000,"[14.565155401281933, 14.330465690598857, 14.255776612745374, 14.255776612745374, 14.255776612745374, 14.152880210957335, 14.149371331751809, 14.13901846623464, 13.91135559551698, 13.821239995176882]"
instance_984,10,12.08109,12.20705,10,0.01042621154217053,43.26956510543823,1000,"[12.648690638433134, 12.574098799552452, 12.234363163707918, 12.234363163707918, 12.234363163707918, 12.234363163707917, 12.234363163707917, 12.234363163707917, 12.234363163707917, 12.207047512467865]"
instance_981,9,13.73739,13.85188,9,0.008334188663203125,45.63724398612976,1000,"[14.914575832345808, 14.754499760871493, 14.663629834588386, 14.663629834588386, 14.663629834588384, 14.663629834588384, 13.866457272530793, 13.851884144745622, 13.851884144745622, 13.85188414474562]"
instance_986,11,20.85949,21.67048,12,0.03887870700578012,42.24082612991333,1000,"[22.406924404661304, 22.4069244046613, 21.902798237771457, 21.902798237771457, 21.902798237771457, 21.902798237771457, 21.902798237771457, 21.670484714951627, 21.670484714951627, 21.670484714951627]"
instance_985,11,16.98955,17.00642,11,0.0009929633215710408,45.40284252166748,1000,"[18.116516680606058, 17.92899965914358, 17.189719768919367, 17.006419223855367, 17.006419223855367, 17.006419223855367, 17.006419223855367, 17.006419223855367, 17.006419223855367, 17.006419223855364]"
instance_987,11,18.32019,18.74817,11,0.023361111429521093,44.0055046081543,1000,"[20.16524341656156, 19.246117530998443, 19.21513386952696, 19.21513386952696, 19.194304848074815, 19.143718335948268, 19.001850483656302, 19.0018504836563, 18.748169379343196, 18.748169379343196]"
instance_990,10,16.28763,16.7342,11,0.027417739720266315,40.06200814247131,1000,"[17.049997970900904, 16.807196643546597, 16.807196643546597, 16.807196643546597, 16.807196643546597, 16.770613020115746, 16.770613020115746, 16.770613020115743, 16.770613020115743, 16.73419860265454]"
instance_988,11,15.52341,15.87935,11,0.022929240418181337,46.08740305900574,1000,"[16.653733924961216, 16.15739077778658, 16.15739077778658, 16.15739077778658, 16.15739077778658, 16.15739077778658, 15.884495538854384, 15.879345564490357, 15.879345564490357, 15.879345564490357]"
instance_999,9,12.87995,12.97994,9,0.007763228894522109,35.88886642456055,1000,"[14.003267353502059, 13.751414250400202, 13.11385884826221, 12.992379151214857, 12.992379151214857, 12.992379151214857, 12.992379151214857, 12.992379151214857, 12.979943189873925, 12.979943189873925]"
instance_998,10,16.92805,18.32934,11,0.0827791742108512,37.25726532936096,1000,"[18.93459091993127, 18.356997834896568, 18.356997834896568, 18.329340932108437, 18.329340932108437, 18.329340932108437, 18.329340932108437, 18.329340932108437, 18.329340932108437, 18.329340932108437]"
instance_992,10,16.64279,17.61959,11,0.05869208227706996,41.53244066238403,1000,"[17.808773905637427, 17.646750653412123, 17.619594158241863, 17.619594158241863, 17.619594158241863, 17.619594158241863, 17.619594158241863, 17.619594158241863, 17.619594158241863, 17.619594158241863]"
instance_993,10,15.42451,15.86335,10,0.02845082274898851,41.55766272544861,1000,"[16.278900094726296, 16.236838377480602, 15.86335162310407, 15.86335162310407, 15.86335162310407, 15.86335162310407, 15.863351623104068, 15.863351623104068, 15.863351623104068, 15.863351623104068]"
instance_997,9,13.93327,14.47645,10,0.038984387728078156,39.648335456848145,1000,"[15.220709384172705, 15.06628523317276, 15.06628523317276, 15.06628523317276, 15.06628523317276, 15.06628523317276, 14.476451058035263, 14.476451058035263, 14.476451058035263, 14.476451058035263]"
instance_995,10,15.29046,15.37044,10,0.00523071248347014,42.422165632247925,1000,"[17.374586544326995, 16.224897410701605, 16.2248974107016, 16.2031647093019, 16.094660903054198, 16.094660903054194, 16.086976822064422, 15.637261583566412, 15.370443417538581, 15.37044341753858]"
instance_996,8,11.29994,11.5084,9,0.018447885563994192,41.06723880767822,1000,"[12.53297176170264, 11.677436102648802, 11.677436102648802, 11.6774361026488, 11.6774361026488, 11.508402346256585, 11.508402346256585, 11.508402346256585, 11.508402346256585, 11.508402346256585]"
