name,bestNVehicles,bestCost,algBestCost,algNVehicles,gap,time,iter,history
instance_37,8,10.41296,11.268927922018735,-1,-0.07596,221.63822841644287,500,"[11.268927574157715, 11.268927574157715, 11.268927574157715, 11.268927574157715, 11.268927574157715]"
instance_34,9,11.65874,11.931073685086114,-1,-0.02283,223.05602931976318,500,"[12.09273910522461, 11.931074142456055, 11.931074142456055, 11.931074142456055, 11.931074142456055]"
instance_38,10,12.09475,12.754965845216349,-1,-0.05176,222.9644968509674,500,"[12.754965782165527, 12.754965782165527, 12.754965782165527, 12.754965782165527, 12.754965782165527]"
instance_45,9,11.52795,11.616856194393785,-1,-0.00765,227.73819971084595,500,"[11.972942352294922, 11.759839057922363, 11.616856575012207, 11.616856575012207, 11.616856575012207]"
instance_6,9,11.81285,12.443952326099371,-1,-0.05072,239.89925479888916,500,"[12.443952560424805, 12.443952560424805, 12.443952560424805, 12.443952560424805, 12.443952560424805]"
instance_5,10,13.74613,14.59146266735684,-1,-0.05793,245.0194685459137,500,"[15.054194450378418, 14.631916999816895, 14.631916999816895, 14.631916999816895, 14.591463088989258]"
instance_30,10,17.41376,17.709425459742157,-1,-0.0167,251.40837788581848,500,"[18.5911808013916, 18.5911808013916, 17.74140167236328, 17.70942497253418, 17.70942497253418]"
instance_49,9,11.63856,11.859404208472169,-1,-0.01862,251.91214442253113,500,"[11.91275691986084, 11.859404563903809, 11.859404563903809, 11.859404563903809, 11.859404563903809]"
instance_17,10,15.82008,16.384882353667496,-1,-0.03447,257.1482803821564,500,"[17.117582321166992, 16.689180374145508, 16.689180374145508, 16.3848819732666, 16.3848819732666]"
instance_14,9,12.79713,13.22734245247821,-1,-0.03252,261.15437364578247,500,"[13.368972778320312, 13.241679191589355, 13.241679191589355, 13.241679191589355, 13.22734260559082]"
instance_42,10,14.52086,15.299918185033597,-1,-0.05092,266.20409536361694,500,"[15.97561264038086, 15.763872146606445, 15.299918174743652, 15.299918174743652, 15.299918174743652]"
instance_33,8,11.31095,11.716098702553161,-1,-0.03458,268.1481442451477,500,"[11.9577054977417, 11.866292953491211, 11.866292953491211, 11.866292953491211, 11.71609878540039]"
instance_23,10,15.41076,16.133874449767895,-1,-0.04482,271.6798691749573,500,"[16.797420501708984, 16.434978485107422, 16.133874893188477, 16.133874893188477, 16.133874893188477]"
instance_19,10,14.67818,15.332365454040195,-1,-0.04267,271.4666666984558,500,"[15.332365036010742, 15.332365036010742, 15.332365036010742, 15.332365036010742, 15.332365036010742]"
instance_3,9,13.17629,13.9524076631197,-1,-0.05563,273.66920256614685,500,"[13.952407836914062, 13.952407836914062, 13.952407836914062, 13.952407836914062, 13.952407836914062]"
instance_1,9,13.87083,14.54737358351206,-1,-0.04651,276.09237241744995,500,"[14.980521202087402, 14.86231803894043, 14.54737377166748, 14.54737377166748, 14.54737377166748]"
instance_21,10,15.14194,15.750897370531371,-1,-0.03866,277.0545165538788,500,"[16.030698776245117, 16.030698776245117, 16.030698776245117, 16.02701759338379, 15.750897407531738]"
instance_47,9,13.49384,14.22359743014885,-1,-0.05131,279.1492919921875,500,"[14.24018383026123, 14.24018383026123, 14.24018383026123, 14.24018383026123, 14.223597526550293]"
instance_40,10,16.20394,16.434628898850097,-1,-0.01404,282.4427397251129,500,"[17.180831909179688, 17.180831909179688, 16.987045288085938, 16.864145278930664, 16.434629440307617]"
instance_9,11,19.28038,19.78523916921739,-1,-0.02552,283.7381374835968,500,"[20.426860809326172, 20.426860809326172, 19.9473819732666, 19.78523826599121, 19.78523826599121]"
instance_35,10,15.21221,15.404649316345168,-1,-0.01249,283.58564496040344,500,"[15.40464973449707, 15.40464973449707, 15.40464973449707, 15.40464973449707, 15.40464973449707]"
instance_32,11,14.90966,15.28926015181398,-1,-0.02483,284.64289116859436,500,"[16.036949157714844, 15.879194259643555, 15.572674751281738, 15.289259910583496, 15.289259910583496]"
instance_31,8,10.55501,10.847056447256058,-1,-0.02692,287.1067945957184,500,"[11.567992210388184, 10.84705638885498, 10.84705638885498, 10.84705638885498, 10.84705638885498]"
instance_29,10,16.11435,16.822892668816426,-1,-0.04212,286.4746940135956,500,"[16.955663681030273, 16.955663681030273, 16.955663681030273, 16.955663681030273, 16.822893142700195]"
instance_28,10,13.64997,14.07728974618706,-1,-0.03036,290.0696678161621,500,"[14.156553268432617, 14.153626441955566, 14.077289581298828, 14.077289581298828, 14.077289581298828]"
instance_48,9,10.5795,11.091132076454775,-1,-0.04613,291.0712401866913,500,"[11.092704772949219, 11.092704772949219, 11.092704772949219, 11.091132164001465, 11.091132164001465]"
instance_36,9,12.90923,13.48558850838493,-1,-0.04274,290.90670561790466,500,"[13.909578323364258, 13.485588073730469, 13.485588073730469, 13.485588073730469, 13.485588073730469]"
instance_39,10,15.59636,16.37080280448498,-1,-0.04731,291.9760570526123,500,"[17.286436080932617, 16.71060562133789, 16.37080192565918, 16.37080192565918, 16.37080192565918]"
instance_20,10,16.54424,17.19536939160941,-1,-0.03787,295.65105628967285,500,"[17.527742385864258, 17.527742385864258, 17.448776245117188, 17.448776245117188, 17.195369720458984]"
instance_43,9,12.33874,12.655103307059882,-1,-0.025,295.7285108566284,500,"[13.13665771484375, 12.65510368347168, 12.65510368347168, 12.65510368347168, 12.65510368347168]"
instance_13,8,10.83843,11.199177166842802,-1,-0.03221,298.1411657333374,500,"[12.023926734924316, 11.199176788330078, 11.199176788330078, 11.199176788330078, 11.199176788330078]"
instance_0,9,12.97768,13.332650077528806,-1,-0.02662,297.77299332618713,500,"[13.841544151306152, 13.332650184631348, 13.332650184631348, 13.332650184631348, 13.332650184631348]"
instance_2,10,13.85897,14.92589430393509,-1,-0.07148,297.86454010009766,500,"[15.202366828918457, 15.202366828918457, 14.925894737243652, 14.925894737243652, 14.925894737243652]"
instance_22,9,13.0112,13.22072340315324,-1,-0.01585,298.6610748767853,500,"[13.220723152160645, 13.220723152160645, 13.220723152160645, 13.220723152160645, 13.220723152160645]"
instance_41,11,19.1914,19.93599978192955,-1,-0.03735,299.41177558898926,500,"[20.298625946044922, 20.043943405151367, 20.043943405151367, 19.935998916625977, 19.935998916625977]"
instance_27,9,11.65378,12.12607020245901,-1,-0.03895,301.41310453414917,500,"[12.126070022583008, 12.126070022583008, 12.126070022583008, 12.126070022583008, 12.126070022583008]"
instance_46,10,15.98919,16.61143485272017,-1,-0.03746,300.8505210876465,500,"[17.087575912475586, 16.960954666137695, 16.73505401611328, 16.73505401611328, 16.611434936523438]"
instance_10,10,14.02086,14.891700131072424,-1,-0.05848,301.2160358428955,500,"[15.246834754943848, 15.242057800292969, 14.89169979095459, 14.89169979095459, 14.89169979095459]"
instance_12,9,11.35384,11.66497163985576,-1,-0.02667,304.95573902130127,500,"[11.950005531311035, 11.664971351623535, 11.664971351623535, 11.664971351623535, 11.664971351623535]"
instance_18,9,15.78119,16.53586590122604,-1,-0.04564,307.3116526603699,500,"[16.535865783691406, 16.535865783691406, 16.535865783691406, 16.535865783691406, 16.535865783691406]"
instance_7,11,19.98492,20.119420042130756,-1,-0.00669,307.9417221546173,500,"[20.504880905151367, 20.424732208251953, 20.11941909790039, 20.11941909790039, 20.11941909790039]"
instance_24,10,15.78968,16.344252413294292,-1,-0.03393,310.25157833099365,500,"[16.49875831604004, 16.34425163269043, 16.34425163269043, 16.34425163269043, 16.34425163269043]"
instance_11,9,11.69137,11.783503434128646,-1,-0.00782,310.1007225513458,500,"[11.783503532409668, 11.783503532409668, 11.783503532409668, 11.783503532409668, 11.783503532409668]"
instance_15,10,17.39714,18.387551034864362,-1,-0.05386,310.8656632900238,500,"[18.564191818237305, 18.40292739868164, 18.40292739868164, 18.40292739868164, 18.387550354003906]"
instance_44,9,13.97738,14.548430515736014,-1,-0.03925,313.4917039871216,500,"[14.548430442810059, 14.548430442810059, 14.548430442810059, 14.548430442810059, 14.548430442810059]"
instance_16,9,13.54043,13.986428216624185,-1,-0.03189,313.59885454177856,500,"[14.404780387878418, 14.404780387878418, 14.404780387878418, 13.986428260803223, 13.986428260803223]"
instance_8,9,10.60986,10.99988374942525,-1,-0.03546,315.61759400367737,500,"[10.999883651733398, 10.999883651733398, 10.999883651733398, 10.999883651733398, 10.999883651733398]"
instance_4,12,19.83124,20.84838265704432,-1,-0.04879,315.90813517570496,500,"[20.937450408935547, 20.8483829498291, 20.8483829498291, 20.8483829498291, 20.8483829498291]"
instance_25,10,14.64106,14.870726223327559,-1,-0.01544,316.16067695617676,500,"[15.223997116088867, 15.223997116088867, 14.870726585388184, 14.870726585388184, 14.870726585388184]"
instance_26,11,18.96056,19.92329437335959,-1,-0.04832,334.56951808929443,500,"[21.027603149414062, 19.923294067382812, 19.923294067382812, 19.923294067382812, 19.923294067382812]"
instance_52,10,16.79583,17.44596533504232,-1,-0.03727,235.64312314987183,500,"[17.54800033569336, 17.445964813232422, 17.445964813232422, 17.445964813232422, 17.445964813232422]"
instance_50,10,16.9031,17.72415514471034,-1,-0.04632,261.06268095970154,500,"[17.76957893371582, 17.76957893371582, 17.76957893371582, 17.72415542602539, 17.72415542602539]"
instance_65,12,19.23697,20.045635539037065,-1,-0.04034,231.55573892593384,500,"[20.702295303344727, 20.23587417602539, 20.23587417602539, 20.23587417602539, 20.045635223388672]"
instance_51,8,11.3894,11.855872651804821,-1,-0.03935,294.11747908592224,500,"[11.899173736572266, 11.899173736572266, 11.899173736572266, 11.855873107910156, 11.855873107910156]"
instance_56,10,16.5407,16.59923670687658,-1,-0.00353,266.9647388458252,500,"[17.068803787231445, 16.706270217895508, 16.5992374420166, 16.5992374420166, 16.5992374420166]"
instance_54,9,9.91682,10.451804734169716,-1,-0.05119,287.5562217235565,500,"[10.514009475708008, 10.514009475708008, 10.514009475708008, 10.514009475708008, 10.451805114746094]"
instance_55,11,18.73178,19.780647165490247,-1,-0.05302,283.9580719470978,500,"[19.89617156982422, 19.89617156982422, 19.78064727783203, 19.78064727783203, 19.78064727783203]"
instance_59,10,16.52662,16.81547162883138,-1,-0.01718,267.0836412906647,500,"[17.645984649658203, 17.485218048095703, 17.485218048095703, 17.25261116027832, 16.815471649169922]"
instance_57,11,17.65336,18.422321577249157,-1,-0.04174,279.67598509788513,500,"[18.838613510131836, 18.614137649536133, 18.614137649536133, 18.422321319580078, 18.422321319580078]"
instance_53,10,14.77536,15.408578426847791,-1,-0.0411,308.30625557899475,500,"[15.408578872680664, 15.408578872680664, 15.408578872680664, 15.408578872680664, 15.408578872680664]"
instance_82,10,16.21008,16.348484090658594,-1,-0.00847,236.41151595115662,500,"[17.895627975463867, 17.05019760131836, 17.05019760131836, 17.05019760131836, 16.34848403930664]"
instance_60,10,13.38037,13.726336754422334,-1,-0.0252,269.0393443107605,500,"[13.751823425292969, 13.726336479187012, 13.726336479187012, 13.726336479187012, 13.726336479187012]"
instance_69,12,21.18672,21.96756009764164,-1,-0.03555,251.71125674247742,500,"[21.967559814453125, 21.967559814453125, 21.967559814453125, 21.967559814453125, 21.967559814453125]"
instance_61,11,15.5093,16.349520744667217,-1,-0.05139,270.9464428424835,500,"[16.547727584838867, 16.34952163696289, 16.34952163696289, 16.34952163696289, 16.34952163696289]"
instance_80,9,11.53434,12.291119288589972,-1,-0.06157,242.40846586227417,500,"[12.305198669433594, 12.305198669433594, 12.305198669433594, 12.305198669433594, 12.291119575500488]"
instance_85,8,10.08938,10.373251473682785,-1,-0.02737,245.3098587989807,500,"[10.373251914978027, 10.373251914978027, 10.373251914978027, 10.373251914978027, 10.373251914978027]"
instance_68,11,20.13917,21.57520350389079,-1,-0.06656,270.55274868011475,500,"[22.252887725830078, 21.57520294189453, 21.57520294189453, 21.57520294189453, 21.57520294189453]"
instance_66,8,11.58903,12.048191308263291,-1,-0.03811,273.98147797584534,500,"[12.04819107055664, 12.04819107055664, 12.04819107055664, 12.04819107055664, 12.04819107055664]"
instance_76,11,19.74764,20.14756948340186,-1,-0.01985,253.03495264053345,500,"[20.14756965637207, 20.14756965637207, 20.14756965637207, 20.14756965637207, 20.14756965637207]"
instance_77,10,12.18912,12.310460883097143,-1,-0.00986,263.3221073150635,500,"[12.310461044311523, 12.310461044311523, 12.310461044311523, 12.310461044311523, 12.310461044311523]"
instance_81,9,12.65953,12.969630747918425,-1,-0.02391,258.56037187576294,500,"[13.109891891479492, 13.038700103759766, 12.96963119506836, 12.96963119506836, 12.96963119506836]"
instance_70,8,11.70101,11.970310418289472,-1,-0.0225,272.57495403289795,500,"[12.624920845031738, 11.97031021118164, 11.97031021118164, 11.97031021118164, 11.97031021118164]"
instance_58,9,14.81952,15.420128032910313,-1,-0.03895,298.801805973053,500,"[15.85168743133545, 15.85168743133545, 15.48481273651123, 15.420127868652344, 15.420127868652344]"
instance_71,8,11.65388,12.13738107694691,-1,-0.03984,274.52541947364807,500,"[12.331912994384766, 12.302957534790039, 12.302957534790039, 12.302957534790039, 12.137381553649902]"
instance_67,9,11.05465,11.576097489731298,-1,-0.04505,283.7770481109619,500,"[11.57609748840332, 11.57609748840332, 11.57609748840332, 11.57609748840332, 11.57609748840332]"
instance_74,9,10.35285,10.667604757624236,-1,-0.02951,274.6054530143738,500,"[10.86202335357666, 10.86202335357666, 10.86202335357666, 10.794146537780762, 10.667604446411133]"
instance_91,9,10.86262,11.260744809929108,-1,-0.03536,256.20111179351807,500,"[11.443755149841309, 11.443755149841309, 11.26074504852295, 11.26074504852295, 11.26074504852295]"
instance_64,11,17.5237,17.836840906904946,-1,-0.01756,295.21681690216064,500,"[18.93670654296875, 17.836841583251953, 17.836841583251953, 17.836841583251953, 17.836841583251953]"
instance_84,9,12.27808,12.489376840900642,-1,-0.01692,272.38830304145813,500,"[12.599236488342285, 12.545731544494629, 12.545731544494629, 12.545731544494629, 12.48937702178955]"
instance_63,10,15.17898,15.687528915949507,-1,-0.03242,300.84363174438477,500,"[15.988008499145508, 15.978839874267578, 15.978839874267578, 15.687528610229492, 15.687528610229492]"
instance_90,11,18.38011,19.532592258930478,-1,-0.059,267.01681542396545,500,"[19.648618698120117, 19.5325927734375, 19.5325927734375, 19.5325927734375, 19.5325927734375]"
instance_83,9,12.18328,12.666971504467964,-1,-0.03819,277.79108572006226,500,"[13.089828491210938, 12.945982933044434, 12.666971206665039, 12.666971206665039, 12.666971206665039]"
instance_79,11,19.61187,20.75520269105177,-1,-0.05509,288.41525650024414,500,"[21.315933227539062, 21.085166931152344, 20.802888870239258, 20.755203247070312, 20.755203247070312]"
instance_75,10,16.85436,18.319285895382706,-1,-0.07997,296.04397344589233,500,"[18.580955505371094, 18.33384132385254, 18.319286346435547, 18.319286346435547, 18.319286346435547]"
instance_97,10,12.3109,12.893672275605626,-1,-0.0452,272.96918773651123,500,"[12.91326904296875, 12.91326904296875, 12.893671989440918, 12.893671989440918, 12.893671989440918]"
instance_98,11,16.70805,16.861047537640825,-1,-0.00907,267.4558115005493,500,"[17.30853843688965, 17.30853843688965, 17.30853843688965, 16.861047744750977, 16.861047744750977]"
instance_86,9,13.57309,14.12280951600527,-1,-0.03892,291.09027004241943,500,"[14.450258255004883, 14.320631980895996, 14.122809410095215, 14.122809410095215, 14.122809410095215]"
instance_72,10,13.54972,14.351761898303836,-1,-0.05588,307.4750974178314,500,"[14.989316940307617, 14.66635799407959, 14.626114845275879, 14.626114845275879, 14.351761817932129]"
instance_89,10,14.96718,15.465325351823928,-1,-0.03221,288.2874946594238,500,"[15.958381652832031, 15.741008758544922, 15.700587272644043, 15.465325355529785, 15.465325355529785]"
instance_87,12,22.94986,23.692098844849653,-1,-0.03133,293.0983078479767,500,"[24.162490844726562, 23.69209861755371, 23.69209861755371, 23.69209861755371, 23.69209861755371]"
instance_73,9,12.28518,12.637304820118851,-1,-0.02786,308.0391161441803,500,"[12.735791206359863, 12.735791206359863, 12.735791206359863, 12.735791206359863, 12.63730525970459]"
instance_78,10,14.17134,14.533109118548433,-1,-0.02489,303.89077258110046,500,"[14.533108711242676, 14.533108711242676, 14.533108711242676, 14.533108711242676, 14.533108711242676]"
instance_62,11,18.65394,18.991767937049417,-1,-0.01779,330.14652729034424,500,"[19.15576934814453, 19.15576934814453, 18.99176788330078, 18.99176788330078, 18.99176788330078]"
instance_95,9,13.22542,14.148146897036376,-1,-0.06522,289.0248906612396,500,"[14.277132034301758, 14.277132034301758, 14.148146629333496, 14.148146629333496, 14.148146629333496]"
instance_93,10,15.39845,15.71970344264328,-1,-0.02044,300.17757511138916,500,"[16.00571632385254, 15.983197212219238, 15.983197212219238, 15.983197212219238, 15.719703674316406]"
instance_88,12,21.58906,21.77665534116617,-1,-0.00861,309.8660843372345,500,"[22.824703216552734, 22.824703216552734, 21.926437377929688, 21.776655197143555, 21.776655197143555]"
instance_96,10,13.41449,13.469521345445573,-1,-0.00409,300.19019889831543,500,"[13.6476411819458, 13.469521522521973, 13.469521522521973, 13.469521522521973, 13.469521522521973]"
instance_92,11,16.21058,16.952050874417253,-1,-0.04374,325.5326852798462,500,"[17.215137481689453, 16.996620178222656, 16.996620178222656, 16.996620178222656, 16.952051162719727]"
instance_99,9,14.23369,14.879412880497771,-1,-0.0434,331.01767325401306,500,"[15.504050254821777, 15.002403259277344, 14.923532485961914, 14.923532485961914, 14.879412651062012]"
instance_94,10,15.40639,15.583249698398397,-1,-0.01135,357.0547752380371,500,"[15.747711181640625, 15.583250045776367, 15.583250045776367, 15.583250045776367, 15.583250045776367]"
instance_100,9,13.80502,14.158079257013865,-1,-0.02494,243.6940312385559,500,"[14.158079147338867, 14.158079147338867, 14.158079147338867, 14.158079147338867, 14.158079147338867]"
instance_101,9,13.10547,13.595866462223047,-1,-0.03607,229.6883463859558,500,"[13.808632850646973, 13.789729118347168, 13.748475074768066, 13.595866203308105, 13.595866203308105]"
instance_114,9,10.77291,11.265789969803162,-1,-0.04375,202.96034717559814,500,"[11.76558780670166, 11.76558780670166, 11.265789985656738, 11.265789985656738, 11.265789985656738]"
instance_102,9,11.76878,11.9687566090746,-1,-0.01671,262.68119597435,500,"[12.429377555847168, 12.351984977722168, 12.351984977722168, 11.968756675720215, 11.968756675720215]"
instance_106,10,16.17494,16.352203866496723,-1,-0.01084,251.40381145477295,500,"[16.461833953857422, 16.461833953857422, 16.461833953857422, 16.461833953857422, 16.352203369140625]"
instance_103,8,11.67636,11.95717814284095,-1,-0.02349,262.6250445842743,500,"[12.237472534179688, 12.195757865905762, 12.154290199279785, 11.957178115844727, 11.957178115844727]"
instance_111,9,10.86537,11.17785962849272,-1,-0.02796,247.75170850753784,500,"[11.227483749389648, 11.200199127197266, 11.200199127197266, 11.17785930633545, 11.17785930633545]"
instance_109,11,20.49685,20.75711783025041,-1,-0.01254,255.3789472579956,500,"[21.374481201171875, 21.374481201171875, 21.374481201171875, 20.757118225097656, 20.757118225097656]"
instance_113,9,15.32113,16.471829819832127,-1,-0.06986,252.23751497268677,500,"[16.507902145385742, 16.507902145385742, 16.507902145385742, 16.507902145385742, 16.471830368041992]"
instance_108,11,18.20718,18.632020438365227,-1,-0.0228,264.7073369026184,500,"[19.094396591186523, 18.85248374938965, 18.85248374938965, 18.632020950317383, 18.632020950317383]"
instance_107,9,14.62714,15.283519284715819,-1,-0.04295,282.3285357952118,500,"[15.903624534606934, 15.437803268432617, 15.283519744873047, 15.283519744873047, 15.283519744873047]"
instance_122,10,12.84394,13.3735426627062,-1,-0.0396,256.0926194190979,500,"[13.56312084197998, 13.56312084197998, 13.373542785644531, 13.373542785644531, 13.373542785644531]"
instance_119,8,11.80179,12.692928100683453,-1,-0.07021,269.41609954833984,500,"[12.900116920471191, 12.900116920471191, 12.900116920471191, 12.692928314208984, 12.692928314208984]"
instance_104,9,10.86146,10.915133717476245,-1,-0.00492,303.53846192359924,500,"[11.599876403808594, 11.423027992248535, 11.423027992248535, 11.036602973937988, 10.915133476257324]"
instance_121,9,11.47331,11.914408922568471,-1,-0.03702,273.3869607448578,500,"[12.578237533569336, 12.07905101776123, 12.07905101776123, 11.94511604309082, 11.914408683776855]"
instance_110,10,18.20738,18.971550522253704,-1,-0.04028,301.3017017841339,500,"[19.22325897216797, 18.975095748901367, 18.97154998779297, 18.97154998779297, 18.97154998779297]"
instance_125,9,11.42674,11.676650951338106,-1,-0.0214,272.38113713264465,500,"[12.023130416870117, 11.76781940460205, 11.76781940460205, 11.676651000976562, 11.676651000976562]"
instance_112,11,16.73284,17.63258929426549,-1,-0.05103,300.2218120098114,500,"[18.704364776611328, 17.63258934020996, 17.63258934020996, 17.63258934020996, 17.63258934020996]"
instance_131,10,13.49519,14.720951717799528,-1,-0.08327,262.7159914970398,500,"[14.720952033996582, 14.720952033996582, 14.720952033996582, 14.720952033996582, 14.720952033996582]"
instance_123,9,12.13068,12.593194649227296,-1,-0.03673,284.09283328056335,500,"[12.926498413085938, 12.720539093017578, 12.720539093017578, 12.64464282989502, 12.593194961547852]"
instance_118,9,14.16645,14.863652962213003,-1,-0.04691,291.8217177391052,500,"[15.584405899047852, 15.17229175567627, 14.863653182983398, 14.863653182983398, 14.863653182983398]"
instance_136,9,13.1506,13.687712400748625,-1,-0.03924,254.74189829826355,500,"[13.804710388183594, 13.804710388183594, 13.687712669372559, 13.687712669372559, 13.687712669372559]"
instance_105,9,14.47361,15.229074417013205,-1,-0.04961,323.7179203033447,500,"[15.253373146057129, 15.253373146057129, 15.253373146057129, 15.230208396911621, 15.229074478149414]"
instance_138,9,11.67581,11.969427814175175,-1,-0.02453,260.2112340927124,500,"[12.114546775817871, 12.078694343566895, 12.002643585205078, 11.969428062438965, 11.969428062438965]"
instance_137,9,12.28611,12.480689264182072,-1,-0.01559,260.9250452518463,500,"[12.699348449707031, 12.48068904876709, 12.48068904876709, 12.48068904876709, 12.48068904876709]"
instance_126,10,14.04615,14.606692108105504,-1,-0.03838,296.85344314575195,500,"[14.873331069946289, 14.79429817199707, 14.60669231414795, 14.60669231414795, 14.60669231414795]"
instance_129,10,17.62755,18.57252401779235,-1,-0.05088,289.42391777038574,500,"[19.35858726501465, 18.57252311706543, 18.57252311706543, 18.57252311706543, 18.57252311706543]"
instance_141,9,13.8237,14.336385035255844,-1,-0.03576,266.578816652298,500,"[14.557065963745117, 14.336384773254395, 14.336384773254395, 14.336384773254395, 14.336384773254395]"
instance_116,10,14.68463,15.438945327478846,-1,-0.04886,315.0534474849701,500,"[15.50918960571289, 15.50918960571289, 15.438945770263672, 15.438945770263672, 15.438945770263672]"
instance_128,10,16.1701,16.482298572872768,-1,-0.01894,297.97518730163574,500,"[17.452316284179688, 16.59684181213379, 16.482297897338867, 16.482297897338867, 16.482297897338867]"
instance_134,9,13.00058,13.328491982263273,-1,-0.0246,279.82386589050293,500,"[13.727563858032227, 13.328492164611816, 13.328492164611816, 13.328492164611816, 13.328492164611816]"
instance_124,11,14.73411,15.182363674437205,-1,-0.02952,306.3005619049072,500,"[15.71153736114502, 15.253841400146484, 15.182363510131836, 15.182363510131836, 15.182363510131836]"
instance_127,8,11.99366,12.419856869264148,-1,-0.03432,299.4068262577057,500,"[12.58072566986084, 12.419857025146484, 12.419857025146484, 12.419857025146484, 12.419857025146484]"
instance_130,10,14.84297,15.050445538785333,-1,-0.01379,296.40375876426697,500,"[15.180864334106445, 15.050445556640625, 15.050445556640625, 15.050445556640625, 15.050445556640625]"
instance_133,12,19.56635,21.12726977907636,-1,-0.07388,287.78054428100586,500,"[21.393245697021484, 21.127269744873047, 21.127269744873047, 21.127269744873047, 21.127269744873047]"
instance_132,10,14.65971,14.991501483852966,-1,-0.02213,291.4232666492462,500,"[14.991501808166504, 14.991501808166504, 14.991501808166504, 14.991501808166504, 14.991501808166504]"
instance_140,10,14.56053,15.386826156837511,-1,-0.0537,281.7614834308624,500,"[16.16234588623047, 16.001264572143555, 15.633870124816895, 15.410595893859863, 15.386826515197754]"
instance_135,9,14.15698,14.312723669578403,-1,-0.01088,285.39461159706116,500,"[14.530110359191895, 14.530110359191895, 14.530110359191895, 14.530110359191895, 14.312724113464355]"
instance_145,9,13.54033,13.948334016641104,-1,-0.02925,267.3762547969818,500,"[14.69837760925293, 14.26247501373291, 13.948333740234375, 13.948333740234375, 13.948333740234375]"
instance_115,9,12.11507,12.368782942826943,-1,-0.02051,341.6206269264221,500,"[13.393003463745117, 12.826822280883789, 12.826822280883789, 12.368782997131348, 12.368782997131348]"
instance_120,8,10.21144,10.429245718500784,-1,-0.02088,338.4487900733948,500,"[10.590189933776855, 10.549466133117676, 10.480071067810059, 10.429245948791504, 10.429245948791504]"
instance_146,11,21.79603,22.763848278198665,-1,-0.04252,284.9430658817291,500,"[22.76384735107422, 22.76384735107422, 22.76384735107422, 22.76384735107422, 22.76384735107422]"
instance_142,9,14.84262,15.38526815073812,-1,-0.03527,301.6025631427765,500,"[16.136428833007812, 16.00480842590332, 15.385268211364746, 15.385268211364746, 15.385268211364746]"
instance_144,11,18.42752,19.618378237509496,-1,-0.0607,301.608521938324,500,"[19.76763343811035, 19.76763343811035, 19.618377685546875, 19.618377685546875, 19.618377685546875]"
instance_143,10,14.14226,14.184260941093658,-1,-0.00296,318.0423393249512,500,"[14.184261322021484, 14.184261322021484, 14.184261322021484, 14.184261322021484, 14.184261322021484]"
instance_147,9,12.55893,13.225318987939154,-1,-0.05039,297.1816096305847,500,"[13.294405937194824, 13.294405937194824, 13.225318908691406, 13.225318908691406, 13.225318908691406]"
instance_149,9,14.08857,14.910184001671446,-1,-0.0551,264.4867753982544,500,"[15.769186019897461, 15.469209671020508, 15.469209671020508, 15.047980308532715, 14.910183906555176]"
instance_139,11,19.6731,20.498080100619717,-1,-0.04025,361.8406915664673,500,"[21.260833740234375, 20.685068130493164, 20.498079299926758, 20.498079299926758, 20.498079299926758]"
instance_150,10,18.44002,18.94816471221976,-1,-0.02682,255.96485877037048,500,"[18.9785213470459, 18.9785213470459, 18.9785213470459, 18.972261428833008, 18.948163986206055]"
instance_148,9,14.24155,14.579643520777495,-1,-0.02319,303.3680028915405,500,"[14.579643249511719, 14.579643249511719, 14.579643249511719, 14.579643249511719, 14.579643249511719]"
instance_151,9,11.63029,11.969394024022629,-1,-0.02833,274.81114649772644,500,"[12.06401538848877, 11.969393730163574, 11.969393730163574, 11.969393730163574, 11.969393730163574]"
instance_152,9,11.56914,11.774986861354932,-1,-0.01748,260.5493106842041,500,"[11.77498722076416, 11.77498722076416, 11.77498722076416, 11.77498722076416, 11.77498722076416]"
instance_153,10,11.66988,11.963283062880954,-1,-0.02453,262.48627185821533,500,"[12.01231575012207, 11.96328353881836, 11.96328353881836, 11.96328353881836, 11.96328353881836]"
instance_158,9,13.18251,13.774111827852593,-1,-0.04295,241.87905192375183,500,"[14.148585319519043, 13.926136016845703, 13.926136016845703, 13.926136016845703, 13.7741117477417]"
instance_159,11,20.30424,20.759946520011397,-1,-0.02195,241.5767765045166,500,"[21.343212127685547, 20.759946823120117, 20.759946823120117, 20.759946823120117, 20.759946823120117]"
instance_181,10,11.82098,11.820976761985664,-1,0.0,175.22126626968384,377,"[12.328723907470703, 12.328723907470703, 12.328723907470703]"
instance_154,10,16.8455,17.489187427613675,-1,-0.0368,271.8925440311432,500,"[17.710359573364258, 17.489187240600586, 17.489187240600586, 17.489187240600586, 17.489187240600586]"
instance_156,10,11.81689,12.001188435725856,-1,-0.01536,277.987282037735,500,"[12.205758094787598, 12.014422416687012, 12.001188278198242, 12.001188278198242, 12.001188278198242]"
instance_155,11,18.35889,19.185889883215573,-1,-0.0431,290.2864155769348,500,"[19.5343074798584, 19.185890197753906, 19.185890197753906, 19.185890197753906, 19.185890197753906]"
instance_157,11,18.68673,20.277070598310747,-1,-0.07843,283.50750207901,500,"[20.60881996154785, 20.60881996154785, 20.277070999145508, 20.277070999145508, 20.277070999145508]"
instance_165,9,14.04833,14.735603953999876,-1,-0.04664,243.74806666374207,500,"[15.10356616973877, 14.735604286193848, 14.735604286193848, 14.735604286193848, 14.735604286193848]"
instance_161,8,11.26154,11.919707506140181,-1,-0.05522,264.93557572364807,500,"[12.002937316894531, 12.002937316894531, 11.919707298278809, 11.919707298278809, 11.919707298278809]"
instance_173,9,10.23505,10.709959757207303,-1,-0.04434,228.2615761756897,500,"[10.7708158493042, 10.7708158493042, 10.7708158493042, 10.7708158493042, 10.709959983825684]"
instance_163,9,11.97558,12.732221140687923,-1,-0.05943,272.8770709037781,500,"[13.168663024902344, 12.921806335449219, 12.762761116027832, 12.732221603393555, 12.732221603393555]"
instance_169,9,14.42268,15.078918325408205,-1,-0.04352,252.4755802154541,500,"[15.2085599899292, 15.2085599899292, 15.2085599899292, 15.2085599899292, 15.07891845703125]"
instance_168,9,12.2333,12.922585825668,-1,-0.05334,257.83683800697327,500,"[13.037850379943848, 13.037850379943848, 13.037850379943848, 13.037850379943848, 12.922585487365723]"
instance_162,10,16.80344,17.220378493301684,-1,-0.02421,275.36162638664246,500,"[17.8286075592041, 17.767114639282227, 17.767114639282227, 17.57187843322754, 17.220378875732422]"
instance_171,9,10.62997,10.703641823897406,-1,-0.00688,255.48594999313354,500,"[11.20676326751709, 11.043318748474121, 11.043318748474121, 10.706181526184082, 10.703641891479492]"
instance_180,13,25.4352,26.287239085315562,-1,-0.03241,242.41492772102356,500,"[27.267885208129883, 27.153045654296875, 26.28723907470703, 26.28723907470703, 26.28723907470703]"
instance_183,10,13.1705,13.53010245721181,-1,-0.02658,247.3134789466858,500,"[13.796393394470215, 13.668938636779785, 13.530102729797363, 13.530102729797363, 13.530102729797363]"
instance_182,10,16.63959,17.160444818350584,-1,-0.03035,259.96966886520386,500,"[17.663990020751953, 17.43515968322754, 17.427162170410156, 17.25604820251465, 17.160444259643555]"
instance_166,10,15.72798,17.1436684805701,-1,-0.08258,293.7154052257538,500,"[17.20249366760254, 17.20249366760254, 17.20249366760254, 17.14366912841797, 17.14366912841797]"
instance_167,13,26.12206,26.891592844957156,-1,-0.02862,292.98178577423096,500,"[26.891592025756836, 26.891592025756836, 26.891592025756836, 26.891592025756836, 26.891592025756836]"
instance_160,10,16.09409,17.10854208162299,-1,-0.0593,323.2047793865204,500,"[17.10854148864746, 17.10854148864746, 17.10854148864746, 17.10854148864746, 17.10854148864746]"
instance_188,9,14.05567,14.545701804342409,-1,-0.03369,249.63430905342102,500,"[15.316805839538574, 15.316805839538574, 14.54570198059082, 14.54570198059082, 14.54570198059082]"
instance_175,10,14.79957,14.839710051281859,-1,-0.0027,275.3918662071228,500,"[15.197237968444824, 14.839710235595703, 14.839710235595703, 14.839710235595703, 14.839710235595703]"
instance_177,10,17.05795,17.98806526631629,-1,-0.05171,272.6372697353363,500,"[18.402666091918945, 18.402666091918945, 18.118207931518555, 17.988065719604492, 17.988065719604492]"
instance_185,9,12.25309,12.601133817261081,-1,-0.02762,275.2930839061737,500,"[12.601133346557617, 12.601133346557617, 12.601133346557617, 12.601133346557617, 12.601133346557617]"
instance_178,11,20.29598,21.265261595457908,-1,-0.04558,281.68170738220215,500,"[21.386503219604492, 21.386503219604492, 21.265260696411133, 21.265260696411133, 21.265260696411133]"
instance_190,10,13.97384,14.409135351573314,-1,-0.03021,257.6366448402405,500,"[14.834792137145996, 14.816827774047852, 14.409135818481445, 14.409135818481445, 14.409135818481445]"
instance_184,10,16.43871,17.057339895521597,-1,-0.03627,276.8968722820282,500,"[17.639385223388672, 17.361225128173828, 17.15323829650879, 17.15323829650879, 17.057340621948242]"
instance_164,9,14.62053,15.2095358930953,-1,-0.03873,322.2592751979828,500,"[15.209535598754883, 15.209535598754883, 15.209535598754883, 15.209535598754883, 15.209535598754883]"
instance_179,10,15.60981,15.886439601248473,-1,-0.01741,288.8858971595764,500,"[16.008773803710938, 16.008773803710938, 15.92361068725586, 15.886439323425293, 15.886439323425293]"
instance_176,9,12.6825,13.424052449101582,-1,-0.05524,298.787296295166,500,"[13.961466789245605, 13.941526412963867, 13.551752090454102, 13.551752090454102, 13.424052238464355]"
instance_186,11,20.11108,20.786435836956056,-1,-0.03249,285.05250096321106,500,"[21.456451416015625, 21.180150985717773, 21.180150985717773, 21.10538673400879, 20.786436080932617]"
instance_172,11,16.18279,17.04691460525991,-1,-0.05069,312.8766498565674,500,"[17.211135864257812, 17.04691505432129, 17.04691505432129, 17.04691505432129, 17.04691505432129]"
instance_193,10,15.27879,15.66176156661472,-1,-0.02445,251.132976770401,500,"[15.880501747131348, 15.880501747131348, 15.78172779083252, 15.661761283874512, 15.661761283874512]"
instance_189,10,18.75922,19.783871383291363,-1,-0.05179,284.4992980957031,500,"[19.870813369750977, 19.783870697021484, 19.783870697021484, 19.783870697021484, 19.783870697021484]"
instance_170,12,23.21819,24.282043012153082,-1,-0.04381,327.0828423500061,500,"[24.926233291625977, 24.28204345703125, 24.28204345703125, 24.28204345703125, 24.28204345703125]"
instance_192,10,16.55933,17.459780817783404,-1,-0.05157,281.33353447914124,500,"[17.550657272338867, 17.503950119018555, 17.503950119018555, 17.503950119018555, 17.459781646728516]"
instance_187,11,18.0769,18.465679662889148,-1,-0.02105,306.6473560333252,500,"[18.49937629699707, 18.465679168701172, 18.465679168701172, 18.465679168701172, 18.465679168701172]"
instance_197,9,11.57332,11.938316667682374,-1,-0.03057,235.17400789260864,500,"[12.407588005065918, 12.209534645080566, 11.938316345214844, 11.938316345214844, 11.938316345214844]"
instance_174,9,13.94588,14.524383792522235,-1,-0.03983,343.8218517303467,500,"[14.524383544921875, 14.524383544921875, 14.524383544921875, 14.524383544921875, 14.524383544921875]"
instance_199,9,11.95589,12.099599032047978,-1,-0.01188,231.9872031211853,500,"[12.647600173950195, 12.229554176330566, 12.09959888458252, 12.09959888458252, 12.09959888458252]"
instance_198,9,11.56238,12.120372235388896,-1,-0.04604,243.93743658065796,500,"[12.12037181854248, 12.12037181854248, 12.12037181854248, 12.12037181854248, 12.12037181854248]"
instance_195,10,17.10949,17.90387343406964,-1,-0.04437,279.1754560470581,500,"[18.336645126342773, 17.917417526245117, 17.917417526245117, 17.903873443603516]"
instance_191,9,13.82315,14.378705827284408,-1,-0.03864,316.0753381252289,500,"[14.473390579223633, 14.473390579223633, 14.436624526977539, 14.436624526977539, 14.378705978393555]"
instance_194,10,14.52028,15.078746463458085,-1,-0.03704,295.6645691394806,500,"[15.407570838928223, 15.078746795654297, 15.078746795654297, 15.078746795654297, 15.078746795654297]"
instance_196,9,15.19674,15.611075902448398,-1,-0.02654,286.48383808135986,500,"[15.885284423828125, 15.885284423828125, 15.885284423828125, 15.611076354980469, 15.611076354980469]"
instance_117,8,10.03264,16.059986989476425,-1,-0.3753,678.7995870113373,500,"[10.622414588928223, 10.604349136352539, 10.604349136352539, 10.604349136352539, 10.604349136352539]"
instance_200,11,15.45799,15.866633002539768,-1,-0.02575,276.7770652770996,500,"[16.47821617126465, 16.086992263793945, 15.866633415222168, 15.866633415222168, 15.866633415222168]"
instance_202,9,11.8451,12.273414630494878,-1,-0.0349,281.751904964447,500,"[12.344682693481445, 12.273414611816406, 12.273414611816406, 12.273414611816406, 12.273414611816406]"
instance_201,9,10.99666,11.422768020773077,-1,-0.0373,304.7769706249237,500,"[11.587112426757812, 11.587112426757812, 11.495827674865723, 11.422767639160156, 11.422767639160156]"
instance_210,9,11.22555,11.817410466652863,-1,-0.05008,240.5391390323639,500,"[11.817545890808105, 11.817545890808105, 11.817545890808105, 11.817410469055176, 11.817410469055176]"
instance_204,10,16.88759,17.71710226111007,-1,-0.04682,287.81685161590576,500,"[18.077524185180664, 17.84247398376465, 17.71710205078125, 17.71710205078125, 17.71710205078125]"
instance_207,10,17.69393,18.178949006604274,-1,-0.02668,264.41012692451477,500,"[19.01723861694336, 18.867090225219727, 18.21762466430664, 18.1789493560791, 18.1789493560791]"
instance_206,9,11.22805,11.507757832960136,-1,-0.02431,292.44033765792847,500,"[12.084269523620605, 12.070786476135254, 12.070786476135254, 11.507758140563965, 11.507758140563965]"
instance_203,11,17.8007,18.3567148248421,-1,-0.03029,311.0935525894165,500,"[18.356714248657227, 18.356714248657227, 18.356714248657227, 18.356714248657227, 18.356714248657227]"
instance_216,9,13.72685,15.048138199620128,-1,-0.0878,255.96500778198242,500,"[15.173181533813477, 15.173181533813477, 15.173181533813477, 15.173181533813477, 15.048138618469238]"
instance_205,10,15.29523,16.021226978024448,-1,-0.04531,310.84739780426025,500,"[16.02122688293457, 16.02122688293457, 16.02122688293457, 16.02122688293457, 16.02122688293457]"
instance_208,9,12.75837,13.11458250002045,-1,-0.02716,287.68541646003723,500,"[13.40565299987793, 13.315228462219238, 13.286699295043945, 13.279340744018555, 13.114582061767578]"
instance_221,9,11.79419,12.143509808612436,-1,-0.02877,239.26117157936096,500,"[12.754992485046387, 12.172151565551758, 12.143509864807129, 12.143509864807129, 12.143509864807129]"
instance_211,9,11.92993,12.141073388233028,-1,-0.01739,289.548868894577,500,"[12.185604095458984, 12.185604095458984, 12.185604095458984, 12.185604095458984, 12.141073226928711]"
instance_212,8,10.11739,10.742107739006466,-1,-0.05816,291.1793236732483,500,"[11.23320198059082, 10.856708526611328, 10.856708526611328, 10.742107391357422, 10.742107391357422]"
instance_215,9,12.25511,12.705965009302759,-1,-0.03548,279.00234270095825,500,"[12.81399917602539, 12.81399917602539, 12.705965042114258, 12.705965042114258, 12.705965042114258]"
instance_213,10,13.30366,13.688911538131936,-1,-0.02814,287.2091658115387,500,"[14.514141082763672, 14.514141082763672, 14.08111572265625, 13.688911437988281, 13.688911437988281]"
instance_218,10,16.86993,17.2463773967861,-1,-0.02183,282.1055996417999,500,"[18.259159088134766, 17.64984130859375, 17.64984130859375, 17.24637794494629, 17.24637794494629]"
instance_214,9,13.83632,13.983396378329513,-1,-0.01052,297.22035479545593,500,"[14.188450813293457, 14.188450813293457, 14.188450813293457, 13.983396530151367, 13.983396530151367]"
instance_222,13,26.02997,26.77262909807874,-1,-0.02774,268.21522521972656,500,"[26.95294952392578, 26.95294952392578, 26.95294952392578, 26.84792137145996, 26.772628784179688]"
instance_225,9,13.10297,14.141663400116308,-1,-0.07345,262.4851973056793,500,"[14.681949615478516, 14.518977165222168, 14.518977165222168, 14.141663551330566, 14.141663551330566]"
instance_217,10,15.41199,16.03783374981571,-1,-0.03902,297.8408694267273,500,"[16.043813705444336, 16.03783416748047, 16.03783416748047, 16.03783416748047, 16.03783416748047]"
instance_219,10,15.02592,15.806145262093109,-1,-0.04936,279.5152063369751,500,"[16.40513038635254, 16.130979537963867, 16.130979537963867, 16.130979537963867, 15.806145668029785]"
instance_224,12,22.76359,23.864675715788234,-1,-0.04614,267.335679769516,500,"[23.90532875061035, 23.90532875061035, 23.90532875061035, 23.90532875061035, 23.864675521850586]"
instance_209,11,20.33199,21.578063992013583,-1,-0.05775,325.92592334747314,500,"[22.136564254760742, 22.020626068115234, 21.57806396484375, 21.57806396484375, 21.57806396484375]"
instance_230,10,13.58052,13.796991354595344,-1,-0.01569,253.7388620376587,500,"[14.220714569091797, 13.796991348266602, 13.796991348266602, 13.796991348266602, 13.796991348266602]"
instance_232,9,11.55692,12.056017129029613,-1,-0.0414,250.26371002197266,500,"[12.288911819458008, 12.288911819458008, 12.288911819458008, 12.288911819458008, 12.05601692199707]"
instance_220,11,14.76264,15.446089032804469,-1,-0.04425,293.8853449821472,500,"[15.709492683410645, 15.700020790100098, 15.531484603881836, 15.531484603881836, 15.446088790893555]"
instance_235,10,13.48257,13.906035370755777,-1,-0.03045,261.67837953567505,500,"[13.906035423278809, 13.906035423278809, 13.906035423278809, 13.906035423278809, 13.906035423278809]"
instance_228,9,12.24182,12.701470313516563,-1,-0.03619,275.45933294296265,500,"[13.104022979736328, 13.083459854125977, 13.083459854125977, 12.701470375061035, 12.701470375061035]"
instance_240,10,14.95758,15.927323386584021,-1,-0.06089,243.75775957107544,500,"[15.963151931762695, 15.927323341369629, 15.927323341369629, 15.927323341369629, 15.927323341369629]"
instance_226,9,13.45423,13.697087644432166,-1,-0.01773,291.4337296485901,500,"[14.074345588684082, 14.032201766967773, 13.738597869873047, 13.697087287902832, 13.697087287902832]"
instance_223,10,16.36773,17.304811852402985,-1,-0.05415,298.7703232765198,500,"[17.472688674926758, 17.472688674926758, 17.46195411682129, 17.342782974243164, 17.304811477661133]"
instance_237,9,14.48867,15.338762681311547,-1,-0.05542,261.42457485198975,500,"[15.579268455505371, 15.338762283325195, 15.338762283325195, 15.338762283325195, 15.338762283325195]"
instance_234,10,14.48045,15.977173714326804,-1,-0.09368,283.30966901779175,500,"[16.154245376586914, 16.06049346923828, 16.06049346923828, 16.00033950805664, 15.977173805236816]"
instance_231,10,15.1687,15.30194725839187,-1,-0.00871,293.190260887146,500,"[15.301947593688965, 15.301947593688965, 15.301947593688965, 15.301947593688965, 15.301947593688965]"
instance_236,10,12.11004,12.558945835572388,-1,-0.03574,283.4644899368286,500,"[12.568643569946289, 12.568643569946289, 12.568643569946289, 12.558945655822754, 12.558945655822754]"
instance_227,9,12.83084,13.376302489054956,-1,-0.04078,299.5368435382843,500,"[13.54262924194336, 13.506004333496094, 13.506004333496094, 13.376302719116211, 13.376302719116211]"
instance_242,9,11.46913,11.663083507209485,-1,-0.01663,249.40809273719788,500,"[11.66308307647705, 11.66308307647705, 11.66308307647705, 11.66308307647705, 11.66308307647705]"
instance_233,9,12.71833,12.831675997537833,-1,-0.00883,289.4026143550873,500,"[12.83167552947998, 12.83167552947998, 12.83167552947998, 12.83167552947998, 12.83167552947998]"
instance_244,9,13.06589,13.176049541586028,-1,-0.00836,245.7521457672119,500,"[13.793010711669922, 13.535026550292969, 13.17604923248291, 13.17604923248291, 13.17604923248291]"
instance_229,10,14.1301,14.700616846346582,-1,-0.03881,305.0612704753876,500,"[14.99793815612793, 14.99793815612793, 14.986071586608887, 14.936371803283691, 14.700616836547852]"
instance_238,10,16.05638,16.484144281526927,-1,-0.02595,292.5265460014343,500,"[16.617359161376953, 16.607454299926758, 16.607454299926758, 16.607454299926758, 16.48414421081543]"
instance_248,9,10.98095,11.411915275421187,-1,-0.03776,246.67510318756104,500,"[12.18066692352295, 11.520467758178711, 11.411914825439453, 11.411914825439453, 11.411914825439453]"
instance_241,10,16.49694,17.152378130912084,-1,-0.03821,283.5601439476013,500,"[18.255386352539062, 17.89608383178711, 17.15237808227539, 17.15237808227539, 17.15237808227539]"
instance_245,9,15.23898,15.857503148092533,-1,-0.03901,269.755131483078,500,"[15.857502937316895, 15.857502937316895, 15.857502937316895, 15.857502937316895, 15.857502937316895]"
instance_239,10,12.60274,13.151729560094854,-1,-0.04174,303.28521037101746,500,"[13.482230186462402, 13.151729583740234, 13.151729583740234, 13.151729583740234, 13.151729583740234]"
instance_243,10,16.28864,16.41311307871434,-1,-0.00758,288.9625391960144,500,"[16.875240325927734, 16.41311264038086, 16.41311264038086, 16.41311264038086, 16.41311264038086]"
instance_249,11,16.91028,17.873001285009387,-1,-0.05386,276.5473909378052,500,"[17.873001098632812, 17.873001098632812, 17.873001098632812, 17.873001098632812, 17.873001098632812]"
instance_246,12,21.65634,22.895679848215323,-1,-0.05413,289.4585654735565,500,"[23.96578598022461, 23.944644927978516, 23.916322708129883, 22.895679473876953, 22.895679473876953]"
instance_247,9,11.94401,12.073499263585393,-1,-0.01073,301.53897285461426,500,"[12.092047691345215, 12.076499938964844, 12.076499938964844, 12.07349967956543, 12.07349967956543]"
instance_250,9,12.89083,13.816986289259987,-1,-0.06703,256.05555033683777,500,"[13.878792762756348, 13.816986083984375, 13.816986083984375, 13.816986083984375, 13.816986083984375]"
instance_253,9,11.1945,11.553712625140802,-1,-0.03109,248.29794883728027,500,"[11.715895652770996, 11.628582000732422, 11.588481903076172, 11.588481903076172, 11.553712844848633]"
instance_257,9,11.16842,11.37743884767602,-1,-0.01837,238.25759482383728,500,"[11.37743854522705, 11.37743854522705, 11.37743854522705, 11.37743854522705, 11.37743854522705]"
instance_251,11,20.24143,20.77095583088701,-1,-0.02549,271.07367968559265,500,"[20.942224502563477, 20.942224502563477, 20.942224502563477, 20.942224502563477, 20.77095603942871]"
instance_252,10,11.76553,12.083616593039917,-1,-0.02632,284.1673815250397,500,"[12.640864372253418, 12.083616256713867, 12.083616256713867, 12.083616256713867, 12.083616256713867]"
instance_258,10,13.50378,13.972528448611122,-1,-0.03355,244.96433806419373,500,"[14.757349967956543, 14.528632164001465, 14.314215660095215, 14.314215660095215, 13.972528457641602]"
instance_255,9,14.22341,14.622479236274536,-1,-0.02729,286.08219361305237,500,"[14.760056495666504, 14.723180770874023, 14.622479438781738, 14.622479438781738, 14.622479438781738]"
instance_254,9,11.01086,11.0981232545972,-1,-0.00786,296.83500266075134,500,"[11.46639347076416, 11.45473861694336, 11.45473861694336, 11.098123550415039, 11.098123550415039]"
instance_270,9,12.003,12.569760899988301,-1,-0.04509,220.23144793510437,500,"[12.727127075195312, 12.727127075195312, 12.668050765991211, 12.665694236755371, 12.569761276245117]"
instance_262,10,13.56364,14.483286852599713,-1,-0.0635,259.9910283088684,500,"[14.48328685760498, 14.48328685760498, 14.48328685760498, 14.48328685760498, 14.48328685760498]"
instance_260,10,16.16399,16.698953232561827,-1,-0.03204,276.79438877105713,500,"[17.125810623168945, 16.69895362854004, 16.69895362854004, 16.69895362854004, 16.69895362854004]"
instance_275,10,16.48723,17.555245900756383,-1,-0.06084,233.80678176879883,500,"[17.712234497070312, 17.659290313720703, 17.659290313720703, 17.555246353149414, 17.555246353149414]"
instance_256,11,18.71821,19.642335233886957,-1,-0.04705,312.86341094970703,500,"[20.01311492919922, 19.811967849731445, 19.811967849731445, 19.811967849731445, 19.642335891723633]"
instance_268,10,12.75434,13.539589784662803,-1,-0.058,259.83213353157043,500,"[13.718502044677734, 13.669500350952148, 13.669500350952148, 13.539589881896973, 13.539589881896973]"
instance_265,9,11.28016,11.678243640568482,-1,-0.03409,276.5092189311981,500,"[11.816136360168457, 11.725568771362305, 11.725568771362305, 11.725568771362305, 11.678243637084961]"
instance_263,10,16.31257,16.70746202553134,-1,-0.02364,291.00414848327637,500,"[16.974451065063477, 16.974451065063477, 16.974451065063477, 16.974451065063477, 16.707462310791016]"
instance_272,9,14.13922,14.884983502256416,-1,-0.0501,268.18847155570984,500,"[14.995229721069336, 14.88498306274414, 14.88498306274414, 14.88498306274414, 14.88498306274414]"
instance_285,9,11.37755,11.776438152215789,-1,-0.03387,223.1103630065918,500,"[11.865188598632812, 11.865188598632812, 11.842122077941895, 11.809823989868164, 11.776437759399414]"
instance_278,9,10.61531,11.353710235481683,-1,-0.06504,257.4722628593445,500,"[11.529528617858887, 11.36918830871582, 11.36918830871582, 11.353710174560547, 11.353710174560547]"
instance_264,9,13.09663,13.461202694172496,-1,-0.02708,308.8011968135834,500,"[13.8749361038208, 13.792586326599121, 13.461202621459961, 13.461202621459961, 13.461202621459961]"
instance_261,10,14.84263,15.783976476108338,-1,-0.05964,318.1507134437561,500,"[16.127552032470703, 15.783976554870605, 15.783976554870605, 15.783976554870605, 15.783976554870605]"
instance_266,9,12.08219,12.759027713650143,-1,-0.05305,295.4824113845825,500,"[12.931219100952148, 12.759027481079102, 12.759027481079102, 12.759027481079102, 12.759027481079102]"
instance_267,8,11.17618,11.8735104930273,-1,-0.05873,294.1885061264038,500,"[12.158185958862305, 11.990453720092773, 11.918510437011719, 11.918510437011719, 11.873510360717773]"
instance_280,10,14.45869,15.244334688689726,-1,-0.05154,259.8747544288635,500,"[16.020130157470703, 16.020130157470703, 15.928014755249023, 15.24433422088623, 15.24433422088623]"
instance_271,9,13.10998,13.64908002576207,-1,-0.0395,288.7265787124634,500,"[13.954328536987305, 13.795147895812988, 13.766907691955566, 13.766907691955566, 13.649080276489258]"
instance_269,10,15.067,15.536244670071369,-1,-0.0302,297.94201374053955,500,"[15.550812721252441, 15.550812721252441, 15.550812721252441, 15.53624439239502, 15.53624439239502]"
instance_259,11,17.86291,18.705398325271503,-1,-0.04504,342.64579916000366,500,"[18.880035400390625, 18.705398559570312, 18.705398559570312, 18.705398559570312, 18.705398559570312]"
instance_273,10,14.83243,15.505384339873746,-1,-0.0434,299.813321352005,500,"[15.925196647644043, 15.50538444519043, 15.50538444519043, 15.50538444519043, 15.50538444519043]"
instance_274,9,13.76282,14.433509109538885,-1,-0.04647,301.07966446876526,500,"[15.307947158813477, 14.658644676208496, 14.551589012145996, 14.551589012145996, 14.43350887298584]"
instance_283,10,11.66862,11.886134130814723,-1,-0.0183,262.370258808136,500,"[11.91223430633545, 11.91223430633545, 11.91223430633545, 11.886134147644043, 11.886134147644043]"
instance_281,9,14.34252,14.947726906092928,-1,-0.04049,284.4538927078247,500,"[15.474991798400879, 15.474991798400879, 15.181927680969238, 15.181927680969238, 14.94772720336914]"
instance_279,10,16.07655,16.883548668103543,-1,-0.0478,293.3538362979889,500,"[17.8924503326416, 17.384151458740234, 17.384151458740234, 17.384151458740234, 16.883548736572266]"
instance_282,10,17.40841,18.136686758189967,-1,-0.04015,293.388081073761,500,"[18.361093521118164, 18.361093521118164, 18.136686325073242, 18.136686325073242, 18.136686325073242]"
instance_290,10,18.56469,19.02801307279671,-1,-0.02435,277.3300986289978,500,"[19.3059024810791, 19.3059024810791, 19.056549072265625, 19.056549072265625, 19.028013229370117]"
instance_291,9,14.56239,15.409356628588087,-1,-0.05496,269.8006854057312,500,"[15.823725700378418, 15.409357070922852, 15.409357070922852, 15.409357070922852, 15.409357070922852]"
instance_277,13,20.60697,21.843902961054454,-1,-0.05663,312.1975908279419,500,"[22.489046096801758, 21.843902587890625, 21.843902587890625, 21.843902587890625, 21.843902587890625]"
instance_294,9,12.49876,12.958931892331494,-1,-0.03551,260.00390815734863,500,"[13.26867389678955, 13.1259126663208, 12.996357917785645, 12.996357917785645, 12.958931922912598]"
instance_287,9,14.75434,15.002946226932947,-1,-0.01657,299.7678949832916,500,"[15.996726989746094, 15.996726989746094, 15.225076675415039, 15.002945899963379, 15.002945899963379]"
instance_284,9,13.79765,14.793653041018873,-1,-0.06733,308.82730317115784,500,"[15.032273292541504, 15.007218360900879, 14.969730377197266, 14.79365348815918, 14.79365348815918]"
instance_289,10,11.92657,11.988391479230566,-1,-0.00516,309.11545634269714,500,"[12.590170860290527, 12.389240264892578, 12.329375267028809, 12.329375267028809, 11.988391876220703]"
instance_276,10,14.97966,15.450732062706733,-1,-0.03049,338.9156720638275,500,"[16.128780364990234, 15.94910717010498, 15.499547004699707, 15.450732231140137, 15.450732231140137]"
instance_295,11,19.35113,19.864012466712282,-1,-0.02582,280.3169753551483,500,"[20.083892822265625, 19.908023834228516, 19.908023834228516, 19.864011764526367, 19.864011764526367]"
instance_288,9,12.86328,13.200694501142788,-1,-0.02556,319.2930693626404,500,"[13.583765029907227, 13.583765029907227, 13.488822937011719, 13.21328353881836, 13.20069408416748]"
instance_293,9,14.99034,15.93333645652728,-1,-0.05918,295.6475875377655,500,"[16.084339141845703, 15.93333625793457, 15.93333625793457, 15.93333625793457, 15.93333625793457]"
instance_286,9,13.86459,14.384300533998605,-1,-0.03613,337.01242852211,500,"[14.41464614868164, 14.391338348388672, 14.391338348388672, 14.384300231933594, 14.384300231933594]"
instance_299,9,11.31886,11.683311255727961,-1,-0.03119,271.556880235672,500,"[11.683311462402344, 11.683311462402344, 11.683311462402344, 11.683311462402344, 11.683311462402344]"
instance_296,10,16.90366,17.434133295216313,-1,-0.03043,289.08725571632385,500,"[17.941713333129883, 17.434133529663086, 17.434133529663086, 17.434133529663086, 17.434133529663086]"
instance_298,9,13.09464,13.737213195527538,-1,-0.04678,296.4106707572937,500,"[14.591025352478027, 14.07071590423584, 13.969646453857422, 13.737213134765625, 13.737213134765625]"
instance_292,9,11.00286,11.029439610756866,-1,-0.00241,334.484956741333,500,"[11.350011825561523, 11.029439926147461, 11.029439926147461, 11.029439926147461, 11.029439926147461]"
instance_297,9,14.11545,14.787366716447815,-1,-0.04544,300.45631313323975,500,"[15.062901496887207, 15.062901496887207, 15.062901496887207, 14.852011680603027, 14.78736686706543]"
instance_300,10,12.93143,13.26080432848635,-1,-0.02484,280.966748714447,500,"[13.260804176330566, 13.260804176330566, 13.260804176330566, 13.260804176330566, 13.260804176330566]"
instance_303,10,13.40197,13.713818800018082,-1,-0.02274,268.3378207683563,500,"[14.431221008300781, 14.431221008300781, 14.075153350830078, 14.075153350830078, 13.713818550109863]"
instance_306,9,13.56004,14.128551308893675,-1,-0.04024,265.0684006214142,500,"[14.128551483154297, 14.128551483154297, 14.128551483154297, 14.128551483154297, 14.128551483154297]"
instance_304,10,14.58132,15.248203498566753,-1,-0.04374,284.5581085681915,500,"[15.24820327758789, 15.24820327758789, 15.24820327758789, 15.24820327758789, 15.24820327758789]"
instance_302,9,12.43878,13.151299494051168,-1,-0.05418,301.1563951969147,500,"[13.151299476623535, 13.151299476623535, 13.151299476623535, 13.151299476623535, 13.151299476623535]"
instance_309,10,17.96785,18.754215768685928,-1,-0.04193,257.9351809024811,500,"[19.1690616607666, 19.14910125732422, 19.14910125732422, 18.754215240478516, 18.754215240478516]"
instance_305,9,14.11491,15.354486931398103,-1,-0.08073,296.126745223999,500,"[15.354486465454102, 15.354486465454102, 15.354486465454102, 15.354486465454102, 15.354486465454102]"
instance_317,9,11.37429,11.43681618455358,-1,-0.00547,227.91645979881287,500,"[11.436816215515137, 11.436816215515137, 11.436816215515137, 11.436816215515137, 11.436816215515137]"
instance_308,9,12.11937,12.532568941822579,-1,-0.03297,280.07493114471436,500,"[12.53256893157959, 12.53256893157959, 12.53256893157959, 12.53256893157959, 12.53256893157959]"
instance_307,10,14.74475,15.127522007249611,-1,-0.0253,282.7857472896576,500,"[15.127522468566895, 15.127522468566895, 15.127522468566895, 15.127522468566895, 15.127522468566895]"
instance_312,8,10.20123,10.201228090996501,-1,0.0,248.7722795009613,485,"[11.092382431030273, 10.866588592529297, 10.344908714294434, 10.344908714294434]"
instance_318,10,14.4913,15.500497135772884,-1,-0.06511,230.91111087799072,500,"[15.828896522521973, 15.723945617675781, 15.500496864318848, 15.500496864318848, 15.500496864318848]"
instance_322,9,12.12092,12.336504342316518,-1,-0.01748,241.3538749217987,500,"[12.616209030151367, 12.616209030151367, 12.593850135803223, 12.336503982543945, 12.336503982543945]"
instance_301,8,11.89169,12.261416036213614,-1,-0.03015,363.37906217575073,500,"[12.2614164352417, 12.2614164352417, 12.2614164352417, 12.2614164352417, 12.2614164352417]"
instance_311,9,13.94447,14.56516655187087,-1,-0.04262,280.7421815395355,500,"[14.835756301879883, 14.835756301879883, 14.812557220458984, 14.565166473388672, 14.565166473388672]"
instance_321,9,11.9345,12.518142949791002,-1,-0.04662,256.95403838157654,500,"[12.684591293334961, 12.518142700195312, 12.518142700195312, 12.518142700195312, 12.518142700195312]"
instance_313,10,15.76714,16.20975740058164,-1,-0.02731,289.78581738471985,500,"[17.093332290649414, 16.718725204467773, 16.665515899658203, 16.20975685119629, 16.20975685119629]"
instance_310,9,14.44132,15.155974273107471,-1,-0.04715,314.8849937915802,500,"[15.698163032531738, 15.613728523254395, 15.594710350036621, 15.594710350036621, 15.155974388122559]"
instance_323,9,11.62627,12.051147441938081,-1,-0.03526,268.56091141700745,500,"[12.135896682739258, 12.081085205078125, 12.081085205078125, 12.0511474609375, 12.0511474609375]"
instance_320,9,13.16081,13.56133700354454,-1,-0.02953,275.03443694114685,500,"[13.96910572052002, 13.96910572052002, 13.5613374710083, 13.5613374710083, 13.5613374710083]"
instance_324,10,13.4982,13.711749626700724,-1,-0.01557,274.0679843425751,500,"[14.423063278198242, 14.344003677368164, 14.306617736816406, 13.711750030517578, 13.711750030517578]"
instance_327,10,14.01008,14.182522638795557,-1,-0.01216,263.7908113002777,500,"[15.386524200439453, 15.15164566040039, 15.011672973632812, 14.687668800354004, 14.182522773742676]"
instance_314,13,27.37585,28.748068684478028,-1,-0.04773,305.03076577186584,500,"[28.941753387451172, 28.941753387451172, 28.941753387451172, 28.74806785583496, 28.74806785583496]"
instance_330,9,10.35149,10.357149924359918,-1,-0.00055,257.4371521472931,500,"[11.09435749053955, 10.565199851989746, 10.565199851989746, 10.35779094696045, 10.357150077819824]"
instance_319,8,10.8484,11.177308956134517,-1,-0.02943,295.3642876148224,500,"[11.179243087768555, 11.179243087768555, 11.179243087768555, 11.177309036254883, 11.177309036254883]"
instance_315,10,16.6017,18.15743658941561,-1,-0.08568,321.6924571990967,500,"[18.23537826538086, 18.23537826538086, 18.177888870239258, 18.177888870239258, 18.15743637084961]"
instance_325,9,11.47446,11.639539562287387,-1,-0.01418,289.9615800380707,500,"[12.16749382019043, 11.98595905303955, 11.63953971862793, 11.63953971862793, 11.63953971862793]"
instance_316,9,11.37087,11.38214620005679,-1,-0.00099,325.68145513534546,500,"[12.206557273864746, 11.382145881652832, 11.382145881652832, 11.382145881652832, 11.382145881652832]"
instance_333,9,13.00994,13.512519570594124,-1,-0.03719,265.15702080726624,500,"[14.231796264648438, 13.84379768371582, 13.815361022949219, 13.512519836425781, 13.512519836425781]"
instance_326,10,17.95768,18.549292985500774,-1,-0.03189,301.2296824455261,500,"[18.588499069213867, 18.588499069213867, 18.588499069213867, 18.549293518066406, 18.549293518066406]"
instance_336,10,14.16299,14.814928039237474,-1,-0.04401,259.6666965484619,500,"[14.81492805480957, 14.81492805480957, 14.81492805480957, 14.81492805480957, 14.81492805480957]"
instance_332,10,15.77208,16.3495057091913,-1,-0.03532,278.0308222770691,500,"[17.120431900024414, 16.349506378173828, 16.349506378173828, 16.349506378173828, 16.349506378173828]"
instance_337,9,11.64069,11.940298864068467,-1,-0.02509,253.10129189491272,500,"[12.350788116455078, 12.191666603088379, 12.13547134399414, 11.940299034118652, 11.940299034118652]"
instance_329,8,10.24317,10.249094962381035,-1,-0.00058,314.3326292037964,500,"[10.316152572631836, 10.24909496307373, 10.24909496307373, 10.24909496307373, 10.24909496307373]"
instance_328,9,12.20741,12.436289022797828,-1,-0.0184,320.7420074939728,500,"[12.729903221130371, 12.729903221130371, 12.506667137145996, 12.438286781311035, 12.436288833618164]"
instance_343,10,17.41253,18.532125212430582,-1,-0.06041,261.21661043167114,500,"[18.53212547302246, 18.53212547302246, 18.53212547302246, 18.53212547302246, 18.53212547302246]"
instance_331,9,13.19417,13.932920603259594,-1,-0.05302,310.94777059555054,500,"[13.932920455932617, 13.932920455932617, 13.932920455932617, 13.932920455932617, 13.932920455932617]"
instance_335,9,13.66543,14.030067468434712,-1,-0.02599,298.57055258750916,500,"[14.519535064697266, 14.519535064697266, 14.420147895812988, 14.420147895812988, 14.030067443847656]"
instance_334,12,22.55006,24.04284735703928,-1,-0.06209,301.8866534233093,500,"[25.05244255065918, 24.654983520507812, 24.263965606689453, 24.0428466796875, 24.0428466796875]"
instance_346,10,12.84363,13.056774868022773,-1,-0.01632,247.06636428833008,500,"[13.275973320007324, 13.056775093078613, 13.056775093078613, 13.056775093078613, 13.056775093078613]"
instance_342,11,15.06334,15.642695256229466,-1,-0.03704,271.7037580013275,500,"[15.642695426940918, 15.642695426940918, 15.642695426940918, 15.642695426940918, 15.642695426940918]"
instance_340,9,11.30352,11.395269865004325,-1,-0.00805,277.0177836418152,500,"[11.395269393920898, 11.395269393920898, 11.395269393920898, 11.395269393920898, 11.395269393920898]"
instance_341,9,13.10491,13.60959510924439,-1,-0.03708,277.45750546455383,500,"[13.60959529876709, 13.60959529876709, 13.60959529876709, 13.60959529876709, 13.60959529876709]"
instance_344,10,19.0272,19.841188687050686,-1,-0.04103,262.4892330169678,500,"[20.124629974365234, 19.841188430786133, 19.841188430786133, 19.841188430786133, 19.841188430786133]"
instance_348,10,11.90411,12.353343975272807,-1,-0.03637,243.59277391433716,500,"[12.678672790527344, 12.353343963623047, 12.353343963623047, 12.353343963623047, 12.353343963623047]"
instance_338,9,13.71382,13.843551093589905,-1,-0.00937,306.90762639045715,500,"[14.157419204711914, 13.843550682067871, 13.843550682067871, 13.843550682067871, 13.843550682067871]"
instance_345,10,17.08975,17.387972434633785,-1,-0.01715,287.6901168823242,500,"[17.63468360900879, 17.387971878051758, 17.387971878051758, 17.387971878051758, 17.387971878051758]"
instance_349,9,12.27425,12.876253745140914,-1,-0.04675,278.41343808174133,500,"[12.99577808380127, 12.99577808380127, 12.876254081726074, 12.876254081726074, 12.876254081726074]"
instance_350,9,14.20597,14.410627992410717,-1,-0.0142,283.86406898498535,500,"[15.260339736938477, 14.990957260131836, 14.638522148132324, 14.410628318786621, 14.410628318786621]"
instance_339,10,14.52886,15.3039349557047,-1,-0.05065,336.99038672447205,500,"[15.303935050964355, 15.303935050964355, 15.303935050964355, 15.303935050964355, 15.303935050964355]"
instance_356,9,13.14281,13.66388386965003,-1,-0.03814,211.58260679244995,500,"[13.734114646911621, 13.701231002807617, 13.701231002807617, 13.663884162902832, 13.663884162902832]"
instance_351,10,18.60639,19.559830902875202,-1,-0.04874,259.6763958930969,500,"[19.675199508666992, 19.675199508666992, 19.57685661315918, 19.559831619262695, 19.559831619262695]"
instance_355,10,15.62309,16.52181184104774,-1,-0.0544,244.89220428466797,500,"[16.964786529541016, 16.842498779296875, 16.73309326171875, 16.73309326171875, 16.521812438964844]"
instance_347,10,16.16845,16.24162080515653,-1,-0.00451,332.8400857448578,500,"[16.241621017456055, 16.241621017456055, 16.241621017456055, 16.241621017456055, 16.241621017456055]"
instance_401,9,12.41666,12.416662605910387,-1,0.0,36.234033823013306,119,[12.418951034545898]
instance_352,10,16.76105,17.38242917133713,-1,-0.03575,283.52367520332336,500,"[17.5931396484375, 17.382429122924805, 17.382429122924805, 17.382429122924805, 17.382429122924805]"
instance_359,10,13.49082,14.273752590350535,-1,-0.05485,258.91926312446594,500,"[14.273752212524414, 14.273752212524414, 14.273752212524414, 14.273752212524414, 14.273752212524414]"
instance_354,10,18.73919,19.65917529001481,-1,-0.0468,285.45755410194397,500,"[19.718664169311523, 19.718664169311523, 19.718664169311523, 19.718664169311523, 19.659175872802734]"
instance_357,12,21.16427,21.392037831306904,-1,-0.01065,275.96302819252014,500,"[22.205350875854492, 21.937253952026367, 21.86976432800293, 21.619873046875, 21.392038345336914]"
instance_353,10,15.66306,16.417337629646582,-1,-0.04594,295.62686824798584,500,"[16.859390258789062, 16.53090476989746, 16.53090476989746, 16.53090476989746, 16.41733741760254]"
instance_360,9,11.03767,11.487034927756866,-1,-0.03912,294.44711208343506,500,"[11.721490859985352, 11.721490859985352, 11.49772834777832, 11.487034797668457, 11.487034797668457]"
instance_358,10,16.17547,16.512372195919877,-1,-0.0204,304.60769605636597,500,"[17.445919036865234, 16.512372970581055, 16.512372970581055, 16.512372970581055, 16.512372970581055]"
instance_362,10,14.42706,14.624004029438053,-1,-0.01347,280.09705662727356,500,"[15.540389060974121, 15.374019622802734, 14.624004364013672, 14.624004364013672, 14.624004364013672]"
instance_365,9,11.99741,12.142582601076573,-1,-0.01196,267.99345111846924,500,"[13.016695022583008, 12.142582893371582, 12.142582893371582, 12.142582893371582, 12.142582893371582]"
instance_367,9,13.59821,14.01593597453761,-1,-0.0298,274.35890889167786,500,"[14.015935897827148, 14.015935897827148, 14.015935897827148, 14.015935897827148, 14.015935897827148]"
instance_363,10,15.72169,16.310800271084982,-1,-0.03612,295.5709340572357,500,"[16.42889976501465, 16.334932327270508, 16.310800552368164, 16.310800552368164, 16.310800552368164]"
instance_371,9,13.23997,13.501173039297171,-1,-0.01935,271.5291302204132,500,"[14.025369644165039, 13.50117301940918, 13.50117301940918, 13.50117301940918, 13.50117301940918]"
instance_373,9,11.24879,11.592381357128623,-1,-0.02964,260.5757339000702,500,"[11.592381477355957, 11.592381477355957, 11.592381477355957, 11.592381477355957, 11.592381477355957]"
instance_368,10,17.61166,18.535853204372806,-1,-0.04986,283.5609004497528,500,"[19.109142303466797, 19.109142303466797, 19.109142303466797, 18.535852432250977, 18.535852432250977]"
instance_361,9,12.44425,13.425201957286236,-1,-0.07307,327.15730905532837,500,"[13.450815200805664, 13.450815200805664, 13.436574935913086, 13.436574935913086, 13.425202369689941]"
instance_364,11,18.38152,19.156728796989633,-1,-0.04047,319.36527013778687,500,"[19.277183532714844, 19.277183532714844, 19.277183532714844, 19.277183532714844, 19.156728744506836]"
instance_366,12,19.53718,19.567459725675366,-1,-0.00155,305.34342527389526,500,"[21.281343460083008, 19.567459106445312, 19.567459106445312, 19.567459106445312, 19.567459106445312]"
instance_369,9,13.57171,14.219360343018497,-1,-0.04555,294.07815384864807,500,"[14.800445556640625, 14.527857780456543, 14.268649101257324, 14.268649101257324, 14.2193603515625]"
instance_375,9,11.98069,12.237707546005453,-1,-0.021,279.6659941673279,500,"[12.237707138061523, 12.237707138061523, 12.237707138061523, 12.237707138061523, 12.237707138061523]"
instance_387,10,12.54879,13.389601055099975,-1,-0.0628,238.39776229858398,500,"[13.974885940551758, 13.918776512145996, 13.521690368652344, 13.38960075378418, 13.38960075378418]"
instance_372,11,17.49566,18.052220457591797,-1,-0.03083,306.7150876522064,500,"[18.317697525024414, 18.317697525024414, 18.317697525024414, 18.317697525024414, 18.052221298217773]"
instance_376,11,18.13435,18.888208699379785,-1,-0.03991,284.00609016418457,500,"[19.572763442993164, 18.888208389282227, 18.888208389282227, 18.888208389282227, 18.888208389282227]"
instance_377,9,14.5617,14.764662291628577,-1,-0.01375,281.6893262863159,500,"[15.298685073852539, 14.784370422363281, 14.764662742614746, 14.764662742614746, 14.764662742614746]"
instance_374,11,17.50115,17.933771478297178,-1,-0.02412,297.86428713798523,500,"[18.413400650024414, 17.99433708190918, 17.99433708190918, 17.99433708190918, 17.93377113342285]"
instance_378,10,16.88399,17.24263086942029,-1,-0.0208,282.4014046192169,500,"[18.42867088317871, 17.732145309448242, 17.475801467895508, 17.321130752563477, 17.242630004882812]"
instance_382,11,16.80097,17.416579479847865,-1,-0.03535,271.36531352996826,500,"[17.84368896484375, 17.416580200195312, 17.416580200195312, 17.416580200195312, 17.416580200195312]"
instance_384,9,12.89384,13.1402744519162,-1,-0.01875,265.3725264072418,500,"[13.59358024597168, 13.59358024597168, 13.142827033996582, 13.142827033996582, 13.140274047851562]"
instance_380,10,13.02377,13.477522149966967,-1,-0.03367,291.2575116157532,500,"[13.477521896362305, 13.477521896362305, 13.477521896362305, 13.477521896362305, 13.477521896362305]"
instance_370,10,16.37499,16.74309471791376,-1,-0.02199,329.3391811847687,500,"[16.761415481567383, 16.74309539794922, 16.74309539794922, 16.74309539794922, 16.74309539794922]"
instance_391,9,12.54866,12.927818689971764,-1,-0.02933,259.3176989555359,500,"[12.927818298339844, 12.927818298339844, 12.927818298339844, 12.927818298339844, 12.927818298339844]"
instance_379,9,14.83872,15.264930243498693,-1,-0.02792,300.854207277298,500,"[15.647808074951172, 15.26492977142334, 15.26492977142334, 15.26492977142334, 15.26492977142334]"
instance_389,11,16.13837,16.95847320713358,-1,-0.04836,267.1829454898834,500,"[17.15201759338379, 17.15201759338379, 16.958473205566406, 16.958473205566406, 16.958473205566406]"
instance_390,9,13.9077,14.241171326094726,-1,-0.02342,264.7701036930084,500,"[14.73151969909668, 14.73151969909668, 14.453511238098145, 14.25417423248291, 14.241170883178711]"
instance_424,9,10.83142,10.831419935466254,-1,0.0,34.56742787361145,138,[11.155427932739258]
instance_386,10,16.66126,17.662666946912225,-1,-0.0567,278.22963786125183,500,"[18.83049774169922, 18.37672996520996, 17.66266632080078, 17.66266632080078, 17.66266632080078]"
instance_385,9,11.02454,11.198799169739848,-1,-0.01556,281.90026235580444,500,"[11.198799133300781, 11.198799133300781, 11.198799133300781, 11.198799133300781, 11.198799133300781]"
instance_383,9,11.02875,11.371831484842678,-1,-0.03017,299.1046214103699,500,"[11.383113861083984, 11.383113861083984, 11.383113861083984, 11.383113861083984, 11.371831893920898]"
instance_397,10,15.14532,16.05100886578976,-1,-0.05643,241.50965523719788,500,"[16.20808219909668, 16.20503807067871, 16.051008224487305, 16.051008224487305, 16.051008224487305]"
instance_381,11,21.39047,22.52832731713226,-1,-0.05051,326.7311198711395,500,"[23.055065155029297, 22.66670036315918, 22.66670036315918, 22.52832794189453, 22.52832794189453]"
instance_399,10,15.71089,16.48600811175888,-1,-0.04702,236.93590903282166,500,"[17.155359268188477, 16.849328994750977, 16.599733352661133, 16.599733352661133, 16.486007690429688]"
instance_388,9,14.19911,14.904185891608483,-1,-0.04731,302.4099655151367,500,"[15.253996849060059, 14.927845001220703, 14.904186248779297, 14.904186248779297, 14.904186248779297]"
instance_395,9,10.84114,11.200220473605865,-1,-0.03206,293.2623019218445,500,"[11.69115924835205, 11.354239463806152, 11.354239463806152, 11.260716438293457, 11.200220108032227]"
instance_393,10,18.32358,18.98646036210806,-1,-0.03491,309.54136991500854,500,"[19.024316787719727, 18.986459732055664, 18.986459732055664, 18.986459732055664, 18.986459732055664]"
instance_394,11,17.28583,18.05852883614715,-1,-0.04279,318.21381163597107,500,"[18.51605987548828, 18.3334903717041, 18.152935028076172, 18.058528900146484, 18.058528900146484]"
instance_396,10,17.75138,18.4814648166318,-1,-0.0395,298.95015931129456,500,"[19.606815338134766, 19.343921661376953, 18.561851501464844, 18.561851501464844, 18.481464385986328]"
instance_398,9,13.04079,13.792638667463635,-1,-0.05451,288.20794463157654,500,"[14.089461326599121, 14.051604270935059, 14.051604270935059, 14.051604270935059, 13.792638778686523]"
instance_392,10,13.54899,13.82452297501645,-1,-0.01993,349.69257259368896,500,"[13.91888427734375, 13.88720989227295, 13.849449157714844, 13.824522972106934, 13.824522972106934]"
instance_402,11,17.82708,18.793239475620382,-1,-0.05141,274.01153111457825,500,"[19.730955123901367, 19.318546295166016, 18.79323959350586, 18.79323959350586, 18.79323959350586]"
instance_409,8,12.08701,12.888242404836225,-1,-0.06217,237.4649682044983,500,"[13.050741195678711, 13.007468223571777, 12.888242721557617, 12.888242721557617, 12.888242721557617]"
instance_403,10,18.13001,19.17961009946563,-1,-0.05472,283.0921938419342,500,"[19.345041275024414, 19.345041275024414, 19.20359992980957, 19.20359992980957, 19.179609298706055]"
instance_400,11,18.23907,18.504333157246833,-1,-0.01434,311.2643074989319,500,"[19.02354621887207, 18.50433349609375, 18.50433349609375, 18.50433349609375, 18.50433349609375]"
instance_404,9,12.41547,12.560212478031133,-1,-0.01152,295.04040360450745,500,"[12.560212135314941, 12.560212135314941, 12.560212135314941, 12.560212135314941, 12.560212135314941]"
instance_407,10,11.38528,11.786862139745809,-1,-0.03407,277.3715612888336,500,"[11.78686237335205, 11.78686237335205, 11.78686237335205, 11.78686237335205, 11.78686237335205]"
instance_408,11,17.79592,18.95883680853907,-1,-0.06134,275.3226783275604,500,"[19.01719856262207, 18.958837509155273, 18.958837509155273, 18.958837509155273, 18.958837509155273]"
instance_412,9,12.08072,12.34130022420566,-1,-0.02111,248.14208817481995,500,"[12.341300010681152, 12.341300010681152, 12.341300010681152, 12.341300010681152, 12.341300010681152]"
instance_405,9,13.77726,14.397540778178048,-1,-0.04308,315.9416778087616,500,"[14.594441413879395, 14.562267303466797, 14.397541046142578, 14.397541046142578, 14.397541046142578]"
instance_416,11,16.20989,16.790846132031565,-1,-0.0346,244.73935461044312,500,"[17.58924674987793, 16.79084587097168, 16.79084587097168, 16.79084587097168, 16.79084587097168]"
instance_406,11,20.97116,22.34266661715853,-1,-0.06139,322.8951270580292,500,"[22.5059871673584, 22.342666625976562, 22.342666625976562, 22.342666625976562, 22.342666625976562]"
instance_410,10,14.90396,15.783613218710094,-1,-0.05573,301.0822055339813,500,"[15.981220245361328, 15.808406829833984, 15.808406829833984, 15.783613204956055, 15.783613204956055]"
instance_423,10,15.95717,16.58684305514452,-1,-0.03796,239.83899903297424,500,"[17.071670532226562, 16.586843490600586, 16.586843490600586, 16.586843490600586, 16.586843490600586]"
instance_418,9,10.86624,11.390613539349076,-1,-0.04604,276.9722752571106,500,"[11.404755592346191, 11.404755592346191, 11.390613555908203, 11.390613555908203, 11.390613555908203]"
instance_417,9,13.61489,13.934215307088644,-1,-0.02292,283.3706192970276,500,"[14.134788513183594, 14.046904563903809, 13.934215545654297, 13.934215545654297, 13.934215545654297]"
instance_413,11,19.01842,19.311201940793957,-1,-0.01516,305.2290983200073,500,"[19.860260009765625, 19.860260009765625, 19.311201095581055, 19.311201095581055, 19.311201095581055]"
instance_415,11,17.18996,18.090233800146628,-1,-0.04977,295.93734526634216,500,"[18.090232849121094, 18.090232849121094, 18.090232849121094, 18.090232849121094, 18.090232849121094]"
instance_429,9,12.35098,12.8670652280206,-1,-0.04011,243.38475275039673,500,"[12.932229995727539, 12.932229995727539, 12.932229995727539, 12.8670654296875, 12.8670654296875]"
instance_428,9,12.86847,12.984738478026824,-1,-0.00895,245.25527811050415,500,"[13.419591903686523, 12.98473834991455, 12.98473834991455, 12.98473834991455, 12.98473834991455]"
instance_414,8,11.14402,11.915150189276208,-1,-0.06472,298.50841760635376,500,"[11.91515064239502, 11.91515064239502, 11.91515064239502, 11.91515064239502, 11.91515064239502]"
instance_419,10,13.71412,14.001839693415631,-1,-0.02055,286.066210269928,500,"[14.917284965515137, 14.295588493347168, 14.295588493347168, 14.001839637756348, 14.001839637756348]"
instance_422,10,16.24911,17.33922116586839,-1,-0.06287,275.49126839637756,500,"[17.438640594482422, 17.438640594482422, 17.406902313232422, 17.406902313232422, 17.339221954345703]"
instance_411,12,23.37217,24.758240709079228,-1,-0.05598,330.6378378868103,500,"[24.758241653442383, 24.758241653442383, 24.758241653442383, 24.758241653442383, 24.758241653442383]"
instance_421,10,15.83131,16.385077689553228,-1,-0.0338,282.3618938922882,500,"[16.91362762451172, 16.91362762451172, 16.735868453979492, 16.735868453979492, 16.38507843017578]"
instance_427,10,13.42965,14.019641733826024,-1,-0.04208,262.2685673236847,500,"[14.096231460571289, 14.019641876220703, 14.019641876220703, 14.019641876220703, 14.019641876220703]"
instance_420,9,11.01138,11.244004359110736,-1,-0.02069,291.2477922439575,500,"[11.532065391540527, 11.244004249572754, 11.244004249572754, 11.244004249572754, 11.244004249572754]"
instance_432,10,15.44917,15.917228758404864,-1,-0.02941,249.43198418617249,500,"[16.578392028808594, 16.578392028808594, 16.041067123413086, 16.041067123413086, 15.917228698730469]"
instance_431,9,15.47398,15.616171803434735,-1,-0.00911,259.5943102836609,500,"[16.27896499633789, 16.27896499633789, 15.616171836853027, 15.616171836853027, 15.616171836853027]"
instance_426,9,13.53438,14.22715875607626,-1,-0.04869,285.2743229866028,500,"[14.227158546447754, 14.227158546447754, 14.227158546447754, 14.227158546447754, 14.227158546447754]"
instance_425,10,12.84505,12.94553101344039,-1,-0.00776,287.03678846359253,500,"[12.945530891418457, 12.945530891418457, 12.945530891418457, 12.945530891418457, 12.945530891418457]"
instance_435,11,17.40713,18.335069916063944,-1,-0.05061,276.900897026062,500,"[18.33506965637207, 18.33506965637207, 18.33506965637207, 18.33506965637207, 18.33506965637207]"
instance_436,11,17.69924,18.841417577177374,-1,-0.06062,275.922340631485,500,"[19.087997436523438, 18.84141731262207, 18.84141731262207, 18.84141731262207, 18.84141731262207]"
instance_430,9,11.74978,12.091337015180246,-1,-0.02825,297.37251138687134,500,"[12.570507049560547, 12.091337203979492, 12.091337203979492, 12.091337203979492, 12.091337203979492]"
instance_439,9,13.43784,13.638197269871178,-1,-0.01469,281.71187710762024,500,"[14.0811767578125, 13.63819694519043, 13.63819694519043, 13.63819694519043, 13.63819694519043]"
instance_447,11,16.50655,16.988440439865183,-1,-0.02837,239.51088333129883,500,"[17.271730422973633, 16.988439559936523, 16.988439559936523, 16.988439559936523, 16.988439559936523]"
instance_441,12,18.46342,19.597831331575687,-1,-0.05788,276.6471974849701,500,"[20.26215934753418, 20.26215934753418, 20.035688400268555, 19.754104614257812, 19.59783172607422]"
instance_448,9,12.25765,13.065042649631687,-1,-0.0618,238.22767162322998,500,"[13.170827865600586, 13.065042495727539, 13.065042495727539, 13.065042495727539, 13.065042495727539]"
instance_438,11,17.44488,18.03761134942997,-1,-0.03286,301.28464245796204,500,"[18.857505798339844, 18.480241775512695, 18.287443161010742, 18.287443161010742, 18.03761100769043]"
instance_444,9,11.37335,11.524761758560569,-1,-0.01314,273.844468832016,500,"[11.808961868286133, 11.757105827331543, 11.524762153625488, 11.524762153625488, 11.524762153625488]"
instance_443,11,20.50586,21.75339931332543,-1,-0.05735,282.2909343242645,500,"[21.755964279174805, 21.753398895263672, 21.753398895263672, 21.753398895263672, 21.753398895263672]"
instance_437,9,13.60399,14.647729956449073,-1,-0.07126,312.45373582839966,500,"[15.219413757324219, 14.647729873657227, 14.647729873657227, 14.647729873657227, 14.647729873657227]"
instance_442,10,17.74257,18.775899514360766,-1,-0.05503,293.94884872436523,500,"[18.77589988708496, 18.77589988708496, 18.77589988708496, 18.77589988708496, 18.77589988708496]"
instance_434,10,16.16269,16.88241826754554,-1,-0.04263,324.12880992889404,500,"[17.017227172851562, 16.882417678833008, 16.882417678833008, 16.882417678833008, 16.882417678833008]"
instance_445,11,15.59818,15.696021780078638,-1,-0.00623,289.88512349128723,500,"[16.75802993774414, 15.696022033691406, 15.696022033691406, 15.696022033691406, 15.696022033691406]"
instance_446,9,11.56063,11.6327322711783,-1,-0.0062,296.0443229675293,500,"[12.153340339660645, 12.153340339660645, 12.09972095489502, 11.632732391357422, 11.632732391357422]"
instance_450,9,12.78143,13.11523126950054,-1,-0.02545,270.20669412612915,500,"[13.281819343566895, 13.265604972839355, 13.265604972839355, 13.11523151397705, 13.11523151397705]"
instance_451,9,11.48199,11.507992443012814,-1,-0.00226,267.82278966903687,500,"[12.048786163330078, 11.854793548583984, 11.5079927444458, 11.5079927444458, 11.5079927444458]"
instance_452,11,16.14953,16.770274636901984,-1,-0.03701,259.7275125980377,500,"[17.558629989624023, 16.770275115966797, 16.770275115966797, 16.770275115966797, 16.770275115966797]"
instance_455,10,15.12367,15.609847957163476,-1,-0.03115,249.15276646614075,500,"[16.61071014404297, 16.126676559448242, 15.841422080993652, 15.609848022460938, 15.609848022460938]"
instance_440,10,16.1917,17.040546436089617,-1,-0.04981,360.42715525627136,500,"[17.11260414123535, 17.11260414123535, 17.040546417236328, 17.040546417236328, 17.040546417236328]"
instance_449,9,12.52364,13.1642031587328,-1,-0.04866,301.4231209754944,500,"[13.35867977142334, 13.297823905944824, 13.20080852508545, 13.164202690124512, 13.164202690124512]"
instance_454,10,17.27495,18.3663043393466,-1,-0.05942,267.0073893070221,500,"[18.366304397583008, 18.366304397583008, 18.366304397583008, 18.366304397583008, 18.366304397583008]"
instance_462,9,13.27453,14.010701983682736,-1,-0.05254,209.90393137931824,500,"[14.307417869567871, 14.010702133178711, 14.010702133178711, 14.010702133178711, 14.010702133178711]"
instance_453,10,14.88033,15.252737117886532,-1,-0.02442,293.38350343704224,500,"[16.03056526184082, 15.538125038146973, 15.252737045288086, 15.252737045288086, 15.252737045288086]"
instance_456,10,13.65844,14.1181960541323,-1,-0.03256,260.1807436943054,500,"[14.351126670837402, 14.351126670837402, 14.118196487426758, 14.118196487426758, 14.118196487426758]"
instance_460,10,17.46257,18.263478273518725,-1,-0.04385,235.95690631866455,500,"[18.72416877746582, 18.263477325439453, 18.263477325439453, 18.263477325439453, 18.263477325439453]"
instance_461,9,11.97579,12.318805636382441,-1,-0.02784,237.19198179244995,500,"[12.388322830200195, 12.318805694580078, 12.318805694580078, 12.318805694580078, 12.318805694580078]"
instance_457,10,12.15356,12.71957270794484,-1,-0.0445,275.17316579818726,500,"[12.827956199645996, 12.719573020935059, 12.719573020935059, 12.719573020935059, 12.719573020935059]"
instance_458,10,14.08197,14.61424996623846,-1,-0.03642,290.49281215667725,500,"[15.16426944732666, 15.16426944732666, 15.16426944732666, 15.153053283691406, 14.614250183105469]"
instance_459,10,17.83847,18.510804217810005,-1,-0.03632,300.43092370033264,500,"[19.677827835083008, 19.50444221496582, 19.50444221496582, 18.510805130004883, 18.510805130004883]"
instance_463,9,11.0313,11.660563425355534,-1,-0.05397,260.2649915218353,500,"[12.018614768981934, 11.961543083190918, 11.918729782104492, 11.660563468933105, 11.660563468933105]"
instance_471,10,15.09393,15.708715243441775,-1,-0.03914,237.507985830307,500,"[16.382343292236328, 15.708715438842773, 15.708715438842773, 15.708715438842773, 15.708715438842773]"
instance_464,9,12.64208,13.129923122669393,-1,-0.03716,270.521365404129,500,"[13.50820255279541, 13.283079147338867, 13.237369537353516, 13.215424537658691, 13.129922866821289]"
instance_433,9,12.79567,13.536160892581456,-1,-0.0547,488.583655834198,500,"[13.759357452392578, 13.536160469055176, 13.536160469055176, 13.536160469055176]"
instance_469,10,14.6505,15.110056487976962,-1,-0.03041,266.47158098220825,500,"[15.405255317687988, 15.11005687713623, 15.11005687713623, 15.11005687713623, 15.11005687713623]"
instance_466,10,15.70183,16.96464132076912,-1,-0.07444,274.3616466522217,500,"[17.037797927856445, 17.037797927856445, 17.037797927856445, 16.964641571044922, 16.964641571044922]"
instance_473,10,16.13597,16.683244891925835,-1,-0.0328,261.0534896850586,500,"[17.090930938720703, 16.683244705200195, 16.683244705200195, 16.683244705200195, 16.683244705200195]"
instance_476,9,13.83406,14.076705926152874,-1,-0.01724,251.52267217636108,500,"[14.500802993774414, 14.076705932617188, 14.076705932617188, 14.076705932617188, 14.076705932617188]"
instance_474,9,11.97651,12.249183968720743,-1,-0.02226,266.4188838005066,500,"[12.249183654785156, 12.249183654785156, 12.249183654785156, 12.249183654785156, 12.249183654785156]"
instance_467,9,15.84104,16.671878824117304,-1,-0.04983,286.74010944366455,500,"[17.11561393737793, 16.671878814697266, 16.671878814697266, 16.671878814697266, 16.671878814697266]"
instance_472,9,13.52224,13.885002585866252,-1,-0.02613,276.0361020565033,500,"[14.552825927734375, 13.885002136230469, 13.885002136230469, 13.885002136230469, 13.885002136230469]"
instance_470,10,13.28605,13.766262676053481,-1,-0.03488,282.6679103374481,500,"[14.428709983825684, 14.347126960754395, 14.347126960754395, 13.766263008117676, 13.766263008117676]"
instance_468,10,13.99166,14.204480637992768,-1,-0.01498,289.1400508880615,500,"[15.120763778686523, 14.362597465515137, 14.362597465515137, 14.2586669921875, 14.204480171203613]"
instance_475,10,14.60594,14.994913600998839,-1,-0.02594,278.33769249916077,500,"[15.602343559265137, 15.305012702941895, 15.305012702941895, 15.243915557861328, 14.994914054870605]"
instance_478,9,12.88419,13.308698446236983,-1,-0.0319,274.8267228603363,500,"[13.308698654174805, 13.308698654174805, 13.308698654174805, 13.308698654174805, 13.308698654174805]"
instance_465,10,16.12334,17.0767942089435,-1,-0.05583,304.5150098800659,500,"[17.5449161529541, 17.5449161529541, 17.076793670654297, 17.076793670654297, 17.076793670654297]"
instance_479,9,11.60749,11.634355801599758,-1,-0.00231,276.0947308540344,500,"[11.634355545043945, 11.634355545043945, 11.634355545043945, 11.634355545043945, 11.634355545043945]"
instance_483,8,10.86415,11.34058414133136,-1,-0.04201,250.20701718330383,500,"[11.552218437194824, 11.340583801269531, 11.340583801269531, 11.340583801269531, 11.340583801269531]"
instance_487,8,11.8149,12.180469895351477,-1,-0.03001,240.86737775802612,500,"[12.355393409729004, 12.32270622253418, 12.238237380981445, 12.180469512939453, 12.180469512939453]"
instance_481,9,11.78633,11.841422026224024,-1,-0.00465,282.5798714160919,500,"[12.412949562072754, 12.412949562072754, 12.287031173706055, 11.841422080993652, 11.841422080993652]"
instance_480,9,14.09278,14.938465813223289,-1,-0.05661,286.120010137558,500,"[14.93846607208252, 14.93846607208252, 14.93846607208252, 14.93846607208252, 14.93846607208252]"
instance_477,13,25.58588,26.736202967738286,-1,-0.04302,302.6341767311096,500,"[26.736202239990234, 26.736202239990234, 26.736202239990234, 26.736202239990234, 26.736202239990234]"
instance_482,10,17.17357,18.607098586100356,-1,-0.07704,284.9368829727173,500,"[18.683231353759766, 18.683231353759766, 18.683231353759766, 18.607099533081055, 18.607099533081055]"
instance_484,10,16.25681,16.653568758836318,-1,-0.02382,288.2426586151123,500,"[17.781816482543945, 17.781816482543945, 16.653568267822266, 16.653568267822266, 16.653568267822266]"
instance_488,10,15.56825,16.597282084313864,-1,-0.062,289.7983932495117,500,"[16.906024932861328, 16.60909652709961, 16.60909652709961, 16.59728240966797, 16.59728240966797]"
instance_491,10,17.64292,18.54899355454261,-1,-0.04885,279.18814420700073,500,"[18.632719039916992, 18.548994064331055, 18.548994064331055, 18.548994064331055, 18.548994064331055]"
instance_493,10,11.78283,11.8421374213869,-1,-0.00501,276.9281692504883,500,"[12.199217796325684, 11.989372253417969, 11.958736419677734, 11.842137336730957, 11.842137336730957]"
instance_490,9,12.07835,12.395444561025338,-1,-0.02558,290.0452060699463,500,"[12.568208694458008, 12.395444869995117, 12.395444869995117, 12.395444869995117, 12.395444869995117]"
instance_485,10,15.89066,16.4997957424463,-1,-0.03692,311.8595221042633,500,"[16.82380485534668, 16.82380485534668, 16.49979591369629, 16.49979591369629, 16.49979591369629]"
instance_495,9,13.84851,14.862486889716086,-1,-0.06822,277.45787525177,500,"[15.298343658447266, 15.102727890014648, 14.862486839294434, 14.862486839294434, 14.862486839294434]"
instance_497,9,10.8703,11.250953657796552,-1,-0.03383,255.9621663093567,500,"[11.530274391174316, 11.530274391174316, 11.250953674316406, 11.250953674316406, 11.250953674316406]"
instance_486,9,13.54992,13.551897988912815,-1,-0.00015,315.3143858909607,500,"[14.801615715026855, 13.714177131652832, 13.551898002624512, 13.551898002624512, 13.551898002624512]"
instance_494,10,14.47272,14.937392664141555,-1,-0.03111,288.3667743206024,500,"[15.153985977172852, 15.153985977172852, 14.978470802307129, 14.937392234802246, 14.937392234802246]"
instance_489,8,11.99321,12.38854089074335,-1,-0.03191,305.4135146141052,500,"[12.388541221618652, 12.388541221618652, 12.388541221618652, 12.388541221618652]"
instance_492,10,14.99078,15.602492022819892,-1,-0.03921,310.0236871242523,500,"[15.80782699584961, 15.80782699584961, 15.602492332458496, 15.602492332458496, 15.602492332458496]"
instance_496,9,12.05124,12.097534475986505,-1,-0.00383,278.7748296260834,500,"[12.625757217407227, 12.0975341796875, 12.0975341796875, 12.0975341796875, 12.0975341796875]"
instance_504,10,12.44041,12.857755675802306,-1,-0.03246,247.1630871295929,500,"[12.857755661010742, 12.857755661010742, 12.857755661010742, 12.857755661010742]"
instance_498,9,13.88006,14.154558792330125,-1,-0.01939,281.83224725723267,500,"[14.180074691772461, 14.180074691772461, 14.154559135437012, 14.154559135437012, 14.154559135437012]"
instance_501,9,13.09561,13.753190476745953,-1,-0.04781,277.9509770870209,500,"[14.002547264099121, 13.753190040588379, 13.753190040588379, 13.753190040588379, 13.753190040588379]"
instance_499,10,15.6858,16.050230576569025,-1,-0.02271,288.05068731307983,500,"[17.09526252746582, 16.050230026245117, 16.050230026245117, 16.050230026245117, 16.050230026245117]"
instance_500,10,15.75277,15.907157712495602,-1,-0.00971,286.1803677082062,500,"[16.74373435974121, 16.267616271972656, 15.907157897949219, 15.907157897949219, 15.907157897949219]"
instance_502,9,14.06448,14.97145864455564,-1,-0.06058,281.5667371749878,500,"[15.378510475158691, 14.971458435058594, 14.971458435058594, 14.971458435058594, 14.971458435058594]"
instance_508,9,10.01385,10.226922155043098,-1,-0.02083,265.8895342350006,500,"[10.386343955993652, 10.386343955993652, 10.375187873840332, 10.303387641906738, 10.226922035217285]"
instance_503,9,13.3872,13.46904940984809,-1,-0.00608,307.4389350414276,500,"[13.539573669433594, 13.539573669433594, 13.539573669433594, 13.469049453735352, 13.469049453735352]"
instance_506,10,16.41022,17.63292005083069,-1,-0.06934,294.32800817489624,500,"[18.314477920532227, 17.990589141845703, 17.632919311523438, 17.632919311523438, 17.632919311523438]"
instance_505,10,12.55084,12.78204873382927,-1,-0.01809,299.604923248291,500,"[12.782049179077148, 12.782049179077148, 12.782049179077148, 12.782049179077148, 12.782049179077148]"
instance_507,10,14.01168,14.32674159801924,-1,-0.02199,299.16376972198486,500,"[14.334866523742676, 14.334866523742676, 14.334866523742676, 14.334866523742676, 14.326741218566895]"
instance_513,9,13.80805,14.100332135967887,-1,-0.02073,271.0011782646179,500,"[14.40209674835205, 14.100332260131836, 14.100332260131836, 14.100332260131836, 14.100332260131836]"
instance_516,9,12.60397,12.795888432055332,-1,-0.015,254.2201406955719,500,"[12.963568687438965, 12.963568687438965, 12.963568687438965, 12.963568687438965, 12.795888900756836]"
instance_517,10,13.58531,13.90791291401792,-1,-0.0232,251.4645059108734,500,"[13.911271095275879, 13.911271095275879, 13.907913208007812, 13.907913208007812, 13.907913208007812]"
instance_514,8,12.06182,12.969178696887068,-1,-0.06996,270.22619915008545,500,"[13.391579627990723, 13.11628246307373, 13.11628246307373, 12.969179153442383, 12.969179153442383]"
instance_524,9,14.41493,14.923148051208287,-1,-0.03406,237.22718739509583,500,"[15.33450984954834, 14.923447608947754, 14.923148155212402, 14.923148155212402, 14.923148155212402]"
instance_523,10,13.23822,13.413897207021083,-1,-0.0131,247.00263047218323,500,"[13.79831314086914, 13.480392456054688, 13.413897514343262, 13.413897514343262, 13.413897514343262]"
instance_511,12,18.0374,18.540686900126417,-1,-0.02714,305.775514125824,500,"[19.056865692138672, 19.056865692138672, 18.55398941040039, 18.540687561035156, 18.540687561035156]"
instance_509,10,16.48941,16.632515167649498,-1,-0.0086,345.0297477245331,500,"[17.34207534790039, 16.89754295349121, 16.63251495361328, 16.63251495361328, 16.63251495361328]"
instance_533,10,12.69577,12.875163260012274,-1,-0.01393,222.15273213386536,500,"[12.875163078308105, 12.875163078308105, 12.875163078308105, 12.875163078308105, 12.875163078308105]"
instance_515,10,18.55322,19.12285760573108,-1,-0.02979,289.06189465522766,500,"[20.46726417541504, 19.963876724243164, 19.963876724243164, 19.674358367919922, 19.12285804748535]"
instance_519,9,14.08353,14.435524860271828,-1,-0.02438,273.4089925289154,500,"[15.287344932556152, 15.194156646728516, 15.194156646728516, 14.435524940490723, 14.435524940490723]"
instance_527,9,11.55986,11.683440332788395,-1,-0.01058,252.72347450256348,500,"[11.683440208435059, 11.683440208435059, 11.683440208435059, 11.683440208435059, 11.683440208435059]"
instance_520,10,13.64068,13.83347586004025,-1,-0.01394,271.33642077445984,500,"[15.097745895385742, 14.056163787841797, 13.993233680725098, 13.96813678741455, 13.833476066589355]"
instance_510,10,14.92456,15.471179608613937,-1,-0.03533,338.10680890083313,500,"[16.02487564086914, 15.471179962158203, 15.471179962158203, 15.471179962158203, 15.471179962158203]"
instance_522,9,14.3871,14.696554699224224,-1,-0.02106,285.9916949272156,500,"[15.775175094604492, 15.107477188110352, 14.696555137634277, 14.696555137634277, 14.696555137634277]"
instance_518,10,16.28465,17.300719560258834,-1,-0.05873,300.1407070159912,500,"[17.551868438720703, 17.551868438720703, 17.478260040283203, 17.309770584106445, 17.30072021484375]"
instance_521,12,20.44904,21.606032319415625,-1,-0.05355,290.8879370689392,500,"[21.785459518432617, 21.60603141784668, 21.60603141784668, 21.60603141784668, 21.60603141784668]"
instance_512,11,19.43948,20.043066196683597,-1,-0.03011,337.2817826271057,500,"[20.043066024780273, 20.043066024780273, 20.043066024780273, 20.043066024780273, 20.043066024780273]"
instance_528,9,11.63102,12.003553931613308,-1,-0.03104,270.80213618278503,500,"[12.444540977478027, 12.239977836608887, 12.239977836608887, 12.003554344177246, 12.003554344177246]"
instance_531,9,12.24516,12.478828107532404,-1,-0.01873,267.90669870376587,500,"[12.5412015914917, 12.5412015914917, 12.478828430175781, 12.478828430175781, 12.478828430175781]"
instance_532,9,11.60245,11.747797178193773,-1,-0.01237,270.5659110546112,500,"[12.129189491271973, 12.129189491271973, 11.747797012329102, 11.747797012329102, 11.747797012329102]"
instance_525,12,22.22872,22.325398625473856,-1,-0.00433,304.64202523231506,500,"[23.122529983520508, 22.58348846435547, 22.58348846435547, 22.58348846435547, 22.32539939880371]"
instance_526,9,12.14254,12.480478080263323,-1,-0.02708,304.3929007053375,500,"[12.908568382263184, 12.538533210754395, 12.538533210754395, 12.480478286743164, 12.480478286743164]"
instance_530,10,14.50609,14.589866096645217,-1,-0.00574,283.78905510902405,500,"[15.226957321166992, 14.589865684509277, 14.589865684509277, 14.589865684509277, 14.589865684509277]"
instance_529,10,15.92757,16.221878890579426,-1,-0.01814,300.2928841114044,500,"[16.67594337463379, 16.299829483032227, 16.221878051757812, 16.221878051757812, 16.221878051757812]"
instance_535,10,13.97142,14.131091578510521,-1,-0.0113,271.7785322666168,500,"[14.910940170288086, 14.131091117858887, 14.131091117858887, 14.131091117858887, 14.131091117858887]"
instance_538,11,20.99374,21.752178737582266,-1,-0.03487,243.03334164619446,500,"[21.961891174316406, 21.752178192138672, 21.752178192138672, 21.752178192138672, 21.752178192138672]"
instance_542,9,11.97101,12.658398054033153,-1,-0.0543,238.66842317581177,500,"[12.690657615661621, 12.690657615661621, 12.690657615661621, 12.658397674560547, 12.658397674560547]"
instance_536,9,12.40488,12.608657607303325,-1,-0.01616,262.8268735408783,500,"[13.174684524536133, 13.000837326049805, 13.000837326049805, 13.000837326049805, 12.608657836914062]"
instance_540,10,13.83515,14.230500126161907,-1,-0.02778,256.0255343914032,500,"[14.591012954711914, 14.591012954711914, 14.304161071777344, 14.304161071777344, 14.230500221252441]"
instance_541,8,10.8044,11.247502539186822,-1,-0.0394,261.9257266521454,500,"[12.016460418701172, 11.300985336303711, 11.300985336303711, 11.247502326965332, 11.247502326965332]"
instance_551,9,12.34341,13.099430194256197,-1,-0.05771,213.84689044952393,500,"[13.737726211547852, 13.441614151000977, 13.256498336791992, 13.099430084228516, 13.099430084228516]"
instance_534,8,12.13439,12.17962606338524,-1,-0.00371,309.63104462623596,500,"[12.340465545654297, 12.322078704833984, 12.322078704833984, 12.17962646484375, 12.17962646484375]"
instance_539,9,14.05368,14.56796744071613,-1,-0.0353,266.9463129043579,500,"[15.20045280456543, 14.786945343017578, 14.567967414855957, 14.567967414855957, 14.567967414855957]"
instance_544,10,17.60245,18.33888561573818,-1,-0.04016,264.53420853614807,500,"[19.209386825561523, 19.004674911499023, 18.338886260986328, 18.338886260986328, 18.338886260986328]"
instance_547,10,16.77854,17.39254701822989,-1,-0.0353,248.78982734680176,500,"[18.241172790527344, 17.664066314697266, 17.664066314697266, 17.5605525970459, 17.392547607421875]"
instance_548,9,13.13268,13.233785398876925,-1,-0.00764,258.4642596244812,500,"[13.906474113464355, 13.82909870147705, 13.233785629272461, 13.233785629272461, 13.233785629272461]"
instance_552,10,16.97447,17.44676099501016,-1,-0.02707,248.27123069763184,500,"[17.478761672973633, 17.446760177612305, 17.446760177612305, 17.446760177612305, 17.446760177612305]"
instance_549,10,14.57926,15.268746357740682,-1,-0.04516,261.19653606414795,500,"[15.316816329956055, 15.316816329956055, 15.268746376037598, 15.268746376037598, 15.268746376037598]"
instance_537,10,16.18317,16.63016764458677,-1,-0.02688,312.66225814819336,500,"[16.851940155029297, 16.63016700744629, 16.63016700744629, 16.63016700744629, 16.63016700744629]"
instance_545,11,19.68539,20.46375891216314,-1,-0.03804,290.33456921577454,500,"[20.507020950317383, 20.46375846862793, 20.46375846862793, 20.46375846862793, 20.46375846862793]"
instance_543,9,12.68586,13.139293409341246,-1,-0.03451,300.4678695201874,500,"[13.808143615722656, 13.153730392456055, 13.139293670654297, 13.139293670654297, 13.139293670654297]"
instance_546,10,15.01122,15.748259805688917,-1,-0.0468,297.3015751838684,500,"[16.223703384399414, 16.223703384399414, 16.183313369750977, 15.785978317260742, 15.748259544372559]"
instance_550,9,13.92745,14.60661728952578,-1,-0.0465,295.14533400535583,500,"[14.858189582824707, 14.858189582824707, 14.606616973876953, 14.606616973876953, 14.606616973876953]"
instance_553,10,13.26379,13.65855528628499,-1,-0.0289,286.1199834346771,500,"[14.093606948852539, 14.07120418548584, 14.034276962280273, 14.034276962280273, 13.658555030822754]"
instance_556,9,12.27499,12.578598858113018,-1,-0.02414,251.2650978565216,500,"[12.58273983001709, 12.578598976135254, 12.578598976135254, 12.578598976135254, 12.578598976135254]"
instance_555,9,13.07387,13.331607246442138,-1,-0.01933,280.8275640010834,500,"[13.63142204284668, 13.622607231140137, 13.3316068649292, 13.3316068649292, 13.3316068649292]"
instance_557,9,11.98836,12.340188088076054,-1,-0.02851,287.34320092201233,500,"[12.50754165649414, 12.50754165649414, 12.340188026428223, 12.340188026428223, 12.340188026428223]"
instance_554,11,18.31925,19.152754816733324,-1,-0.04352,311.1083188056946,500,"[19.152755737304688, 19.152755737304688, 19.152755737304688, 19.152755737304688, 19.152755737304688]"
instance_559,9,13.24262,13.649376303453865,-1,-0.0298,267.14889907836914,500,"[14.251220703125, 13.756309509277344, 13.756309509277344, 13.756309509277344, 13.649375915527344]"
instance_563,8,11.54152,11.806847051603507,-1,-0.02247,260.48029041290283,500,"[11.890972137451172, 11.890972137451172, 11.827526092529297, 11.806846618652344, 11.806846618652344]"
instance_571,9,12.33151,12.56551277454156,-1,-0.01862,237.9717502593994,500,"[13.257515907287598, 12.589895248413086, 12.589895248413086, 12.565512657165527, 12.565512657165527]"
instance_569,10,15.43062,15.97683318075467,-1,-0.03419,241.59007906913757,500,"[16.148216247558594, 15.97683334350586, 15.97683334350586, 15.97683334350586, 15.97683334350586]"
instance_562,10,14.45669,15.173967495626599,-1,-0.04727,269.5240857601166,500,"[15.390567779541016, 15.237499237060547, 15.237499237060547, 15.237499237060547, 15.173967361450195]"
instance_558,10,16.20016,16.671251650613822,-1,-0.02826,304.33275389671326,500,"[17.713359832763672, 17.001142501831055, 16.67125129699707, 16.67125129699707, 16.67125129699707]"
instance_561,11,20.62248,21.38692175219842,-1,-0.03574,286.58618927001953,500,"[21.386920928955078, 21.386920928955078, 21.386920928955078, 21.386920928955078, 21.386920928955078]"
instance_560,9,14.68025,15.37795863240185,-1,-0.04537,289.19100975990295,500,"[15.829996109008789, 15.829996109008789, 15.377958297729492, 15.377958297729492, 15.377958297729492]"
instance_564,9,11.43672,11.909729290051091,-1,-0.03972,279.4939386844635,500,"[12.204438209533691, 11.90972900390625, 11.90972900390625, 11.90972900390625, 11.90972900390625]"
instance_573,10,15.47353,16.04760154972886,-1,-0.03577,250.88239645957947,500,"[17.06623077392578, 16.0476016998291, 16.0476016998291, 16.0476016998291, 16.0476016998291]"
instance_566,10,14.70324,15.118021661117803,-1,-0.02744,276.260853767395,500,"[16.22104263305664, 15.847115516662598, 15.847115516662598, 15.79843807220459, 15.118021965026855]"
instance_567,10,13.30697,14.008267007858338,-1,-0.05006,284.8658881187439,500,"[14.008267402648926, 14.008267402648926, 14.008267402648926, 14.008267402648926, 14.008267402648926]"
instance_570,11,19.79188,20.519955002763602,-1,-0.03548,275.70189809799194,500,"[21.574176788330078, 20.519954681396484, 20.519954681396484, 20.519954681396484, 20.519954681396484]"
instance_572,10,14.49991,15.068934286337656,-1,-0.03776,276.3123548030853,500,"[15.944562911987305, 15.654611587524414, 15.654611587524414, 15.068934440612793, 15.068934440612793]"
instance_574,9,13.18776,13.281808508741356,-1,-0.00708,273.2243299484253,500,"[13.697802543640137, 13.348554611206055, 13.281808853149414, 13.281808853149414, 13.281808853149414]"
instance_568,9,11.59533,11.708993810554016,-1,-0.00971,302.4029381275177,500,"[12.046567916870117, 12.046567916870117, 12.046567916870117, 11.83882999420166, 11.708993911743164]"
instance_575,11,19.89456,20.271268465422082,-1,-0.01858,283.50508308410645,500,"[20.300790786743164, 20.300790786743164, 20.271268844604492, 20.271268844604492, 20.271268844604492]"
instance_576,10,17.50492,18.305788843574206,-1,-0.04375,290.0498561859131,500,"[18.491928100585938, 18.491928100585938, 18.305788040161133, 18.305788040161133, 18.305788040161133]"
instance_581,10,17.28786,18.09473130139476,-1,-0.04459,269.2345802783966,500,"[18.33841323852539, 18.094730377197266, 18.094730377197266, 18.094730377197266, 18.094730377197266]"
instance_577,9,14.30262,14.800311700127793,-1,-0.03363,299.55029034614563,500,"[14.895301818847656, 14.800312042236328, 14.800312042236328, 14.800312042236328, 14.800312042236328]"
instance_580,9,12.55773,12.651101458547284,-1,-0.00738,279.3802843093872,500,"[12.87976360321045, 12.651101112365723, 12.651101112365723, 12.651101112365723, 12.651101112365723]"
instance_582,9,14.24487,14.45923361362394,-1,-0.01483,280.2992353439331,500,"[14.479490280151367, 14.479490280151367, 14.479490280151367, 14.459233283996582, 14.459233283996582]"
instance_593,9,11.54242,11.63402444689809,-1,-0.00787,230.29360246658325,500,"[11.753379821777344, 11.753379821777344, 11.737286567687988, 11.634024620056152, 11.634024620056152]"
instance_565,10,16.88102,18.000508453276986,-1,-0.06219,347.41234612464905,500,"[18.679527282714844, 18.002016067504883, 18.00050926208496, 18.00050926208496, 18.00050926208496]"
instance_578,9,13.0764,13.414076069017456,-1,-0.02517,302.3531074523926,500,"[13.575091361999512, 13.575091361999512, 13.575091361999512, 13.575091361999512, 13.41407585144043]"
instance_583,9,13.62338,13.931529178301982,-1,-0.02212,282.98469257354736,500,"[13.93152904510498, 13.93152904510498, 13.93152904510498, 13.93152904510498, 13.93152904510498]"
instance_585,9,11.5286,12.13941572361151,-1,-0.05032,273.186398267746,500,"[12.67009162902832, 12.67009162902832, 12.67009162902832, 12.67009162902832, 12.139415740966797]"
instance_584,10,16.95227,17.82403295075037,-1,-0.04891,287.00222873687744,500,"[17.824033737182617, 17.824033737182617, 17.824033737182617, 17.824033737182617, 17.824033737182617]"
instance_592,10,17.16325,18.15868305428018,-1,-0.05482,256.39256620407104,500,"[18.236398696899414, 18.15868377685547, 18.15868377685547, 18.15868377685547, 18.15868377685547]"
instance_579,10,13.82137,13.908884410836471,-1,-0.00629,318.2954580783844,500,"[13.918363571166992, 13.918363571166992, 13.918363571166992, 13.918363571166992, 13.908884048461914]"
instance_589,10,12.99342,13.176557275297291,-1,-0.0139,267.1657462120056,500,"[13.468859672546387, 13.176557540893555, 13.176557540893555, 13.176557540893555, 13.176557540893555]"
instance_590,9,13.91949,14.484752250476994,-1,-0.03902,275.013103723526,500,"[15.38270092010498, 14.62280559539795, 14.484752655029297, 14.484752655029297, 14.484752655029297]"
instance_591,11,18.80316,19.186486764902757,-1,-0.01998,275.463458776474,500,"[19.202098846435547, 19.186487197875977, 19.186487197875977, 19.186487197875977, 19.186487197875977]"
instance_586,9,14.12102,15.071730269782705,-1,-0.06308,305.9334228038788,500,"[15.071730613708496, 15.071730613708496, 15.071730613708496, 15.071730613708496, 15.071730613708496]"
instance_587,10,16.54988,17.43709075004097,-1,-0.05088,296.6180672645569,500,"[17.464263916015625, 17.464263916015625, 17.437089920043945, 17.437089920043945, 17.437089920043945]"
instance_601,10,15.89101,16.584222352022135,-1,-0.0418,236.84162211418152,500,"[17.385168075561523, 17.385168075561523, 16.78824234008789, 16.664207458496094, 16.5842227935791]"
instance_588,9,14.1222,14.90968074315017,-1,-0.05282,302.1932842731476,500,"[14.909680366516113, 14.909680366516113, 14.909680366516113, 14.909680366516113, 14.909680366516113]"
instance_594,11,17.51124,18.250207106296653,-1,-0.04049,291.8502357006073,500,"[18.678468704223633, 18.250207901000977, 18.250207901000977, 18.250207901000977, 18.250207901000977]"
instance_599,9,11.05175,11.21971147197192,-1,-0.01497,283.20834469795227,500,"[11.258071899414062, 11.219711303710938, 11.219711303710938, 11.219711303710938, 11.219711303710938]"
instance_595,10,15.15689,15.860779098127388,-1,-0.04438,287.9933829307556,500,"[16.617067337036133, 16.617067337036133, 15.86077880859375, 15.86077880859375, 15.86077880859375]"
instance_596,9,12.6277,13.403995100172004,-1,-0.05792,288.3797447681427,500,"[13.567625045776367, 13.486669540405273, 13.486669540405273, 13.418832778930664, 13.403995513916016]"
instance_600,11,20.68293,21.089624933700662,-1,-0.01928,285.5108890533447,500,"[22.694265365600586, 22.1273193359375, 21.089624404907227, 21.089624404907227, 21.089624404907227]"
instance_602,9,12.27751,12.393604063036234,-1,-0.00937,264.1344790458679,500,"[12.736289024353027, 12.736289024353027, 12.403664588928223, 12.393604278564453, 12.393604278564453]"
instance_598,12,22.8206,24.151294421840383,-1,-0.0551,305.06991815567017,500,"[24.681127548217773, 24.53380584716797, 24.4842472076416, 24.151294708251953, 24.151294708251953]"
instance_603,9,12.32734,12.655617232549892,-1,-0.02594,270.75585079193115,500,"[13.223072052001953, 12.830981254577637, 12.655616760253906, 12.655616760253906, 12.655616760253906]"
instance_604,9,12.10903,12.354610108450682,-1,-0.01988,264.34592843055725,500,"[12.39073371887207, 12.39073371887207, 12.39073371887207, 12.39073371887207, 12.354610443115234]"
instance_597,9,15.0482,15.526485403210499,-1,-0.0308,322.30916929244995,500,"[16.17768096923828, 15.526485443115234, 15.526485443115234, 15.526485443115234, 15.526485443115234]"
instance_605,8,10.29902,10.371930503069562,-1,-0.00703,269.50200295448303,500,"[10.78351879119873, 10.41799545288086, 10.411645889282227, 10.371930122375488, 10.371930122375488]"
instance_606,9,12.54033,13.522896953866892,-1,-0.07266,260.23417115211487,500,"[13.522896766662598, 13.522896766662598, 13.522896766662598, 13.522896766662598, 13.522896766662598]"
instance_613,9,12.92156,13.411782287108934,-1,-0.03655,256.8765163421631,500,"[13.488104820251465, 13.488104820251465, 13.488104820251465, 13.411782264709473, 13.411782264709473]"
instance_610,9,12.13654,12.35028489828034,-1,-0.01731,270.90325593948364,500,"[13.004117012023926, 12.746471405029297, 12.350284576416016, 12.350284576416016, 12.350284576416016]"
instance_608,9,12.70598,12.85376311226674,-1,-0.0115,291.8064799308777,500,"[13.747795104980469, 13.624631881713867, 13.34633731842041, 12.971266746520996, 12.853763580322266]"
instance_607,10,17.11864,17.769971714428245,-1,-0.03665,300.81293392181396,500,"[17.76997184753418, 17.76997184753418, 17.76997184753418, 17.76997184753418, 17.76997184753418]"
instance_618,9,12.63508,13.666449792935683,-1,-0.07547,251.89636993408203,500,"[13.998147010803223, 13.889185905456543, 13.68782901763916, 13.666449546813965, 13.666449546813965]"
instance_609,10,14.92642,15.525781879996014,-1,-0.0386,292.5613925457001,500,"[15.634781837463379, 15.634781837463379, 15.525781631469727, 15.525781631469727, 15.525781631469727]"
instance_621,10,16.33633,17.139718335228178,-1,-0.04687,242.3796215057373,500,"[17.551511764526367, 17.390684127807617, 17.28277015686035, 17.28277015686035, 17.139719009399414]"
instance_617,9,12.45798,12.65558705566478,-1,-0.01561,271.3294885158539,500,"[12.87691879272461, 12.655587196350098, 12.655587196350098, 12.655587196350098, 12.655587196350098]"
instance_620,9,11.68987,12.076798324438109,-1,-0.03204,255.62766766548157,500,"[12.123673439025879, 12.123673439025879, 12.123673439025879, 12.076798439025879, 12.076798439025879]"
instance_615,9,12.44543,12.726157959942782,-1,-0.02206,286.93977975845337,500,"[12.819287300109863, 12.819287300109863, 12.726158142089844, 12.726158142089844, 12.726158142089844]"
instance_619,11,17.58848,18.261451878615635,-1,-0.03685,273.16418075561523,500,"[18.65703773498535, 18.261451721191406, 18.261451721191406, 18.261451721191406, 18.261451721191406]"
instance_612,9,12.32466,12.988330883312086,-1,-0.0511,310.9191343784332,500,"[13.081722259521484, 13.049820899963379, 12.988330841064453, 12.988330841064453, 12.988330841064453]"
instance_616,10,13.72682,14.62748522648803,-1,-0.06157,295.33205008506775,500,"[14.827657699584961, 14.650192260742188, 14.650192260742188, 14.627485275268555, 14.627485275268555]"
instance_623,8,9.25436,9.787278276148193,-1,-0.05445,261.51752734184265,500,"[9.831684112548828, 9.787278175354004, 9.787278175354004, 9.787278175354004, 9.787278175354004]"
instance_611,9,11.58716,11.942278278899778,-1,-0.02974,326.04917430877686,500,"[11.942277908325195, 11.942277908325195, 11.942277908325195, 11.942277908325195, 11.942277908325195]"
instance_622,9,11.06262,11.645964929017733,-1,-0.05009,278.13151144981384,500,"[11.884998321533203, 11.85627269744873, 11.645964622497559, 11.645964622497559, 11.645964622497559]"
instance_614,9,11.25005,11.82075034998611,-1,-0.04828,316.6513559818268,500,"[12.065587043762207, 11.827617645263672, 11.827617645263672, 11.82075023651123]"
instance_624,9,10.06719,10.23139721863585,-1,-0.01605,274.5368492603302,500,"[10.658455848693848, 10.658455848693848, 10.658455848693848, 10.23139762878418, 10.23139762878418]"
instance_629,10,16.50557,16.862510741503236,-1,-0.02117,256.0000398159027,500,"[17.11823844909668, 17.11823844909668, 16.862510681152344, 16.862510681152344, 16.862510681152344]"
instance_626,8,10.38182,10.81018938913529,-1,-0.03963,271.8103017807007,500,"[11.044872283935547, 11.019365310668945, 10.810189247131348, 10.810189247131348, 10.810189247131348]"
instance_633,10,11.44943,11.573893318753218,-1,-0.01075,250.9553782939911,500,"[12.070881843566895, 11.634980201721191, 11.573893547058105, 11.573893547058105, 11.573893547058105]"
instance_634,11,16.88818,17.52526882057291,-1,-0.03635,265.90612721443176,500,"[17.97528839111328, 17.95025062561035, 17.5252685546875, 17.5252685546875, 17.5252685546875]"
instance_628,10,15.39501,16.17789510923405,-1,-0.04839,285.20053243637085,500,"[16.22395896911621, 16.1893310546875, 16.177894592285156, 16.177894592285156, 16.177894592285156]"
instance_635,9,12.58613,13.002148181279775,-1,-0.032,260.32678174972534,500,"[13.002148628234863, 13.002148628234863, 13.002148628234863, 13.002148628234863, 13.002148628234863]"
instance_631,10,14.22878,14.77295608987432,-1,-0.03684,277.30263566970825,500,"[14.773933410644531, 14.772955894470215, 14.772955894470215, 14.772955894470215, 14.772955894470215]"
instance_625,9,12.09818,12.4196964639792,-1,-0.02589,305.33485412597656,500,"[12.419696807861328, 12.419696807861328, 12.419696807861328, 12.419696807861328, 12.419696807861328]"
instance_627,9,14.30412,14.518293749976888,-1,-0.01475,298.0145208835602,500,"[15.034754753112793, 14.518293380737305, 14.518293380737305, 14.518293380737305, 14.518293380737305]"
instance_638,10,14.50831,14.836458588496814,-1,-0.02212,268.09201979637146,500,"[14.933066368103027, 14.933066368103027, 14.933066368103027, 14.836458206176758, 14.836458206176758]"
instance_630,11,18.90495,20.075383036651495,-1,-0.0583,295.54177260398865,500,"[20.082698822021484, 20.075382232666016, 20.075382232666016, 20.075382232666016, 20.075382232666016]"
instance_632,10,14.54096,15.339952090212815,-1,-0.05209,301.64670753479004,500,"[15.497693061828613, 15.411256790161133, 15.33995246887207, 15.33995246887207, 15.33995246887207]"
instance_636,8,11.26409,11.582082054562967,-1,-0.02746,285.03081369400024,500,"[11.58208179473877, 11.58208179473877, 11.58208179473877, 11.58208179473877, 11.58208179473877]"
instance_642,10,15.27717,16.435564566943185,-1,-0.07048,260.55867767333984,500,"[17.1872615814209, 16.673765182495117, 16.673765182495117, 16.435564041137695, 16.435564041137695]"
instance_637,10,16.99084,17.290695963717,-1,-0.01734,285.69000267982483,500,"[18.075481414794922, 17.75892448425293, 17.36265754699707, 17.36265754699707, 17.290695190429688]"
instance_644,10,11.07719,11.393052563956944,-1,-0.02772,257.28721594810486,500,"[11.393052101135254, 11.393052101135254, 11.393052101135254, 11.393052101135254, 11.393052101135254]"
instance_643,10,13.60432,14.37947284457752,-1,-0.05391,261.0296504497528,500,"[14.63585090637207, 14.63585090637207, 14.379472732543945, 14.379472732543945, 14.379472732543945]"
instance_647,9,12.09614,12.121581460133331,-1,-0.0021,241.4742603302002,500,"[12.42379093170166, 12.300792694091797, 12.121581077575684, 12.121581077575684, 12.121581077575684]"
instance_645,9,12.70875,12.931839732924786,-1,-0.01725,269.9833047389984,500,"[13.287008285522461, 13.1901216506958, 12.931839942932129, 12.931839942932129, 12.931839942932129]"
instance_639,11,17.43015,18.8842830398727,-1,-0.077,294.5809471607208,500,"[19.53995704650879, 19.178794860839844, 19.178794860839844, 18.8842830657959, 18.8842830657959]"
instance_640,10,15.83091,16.014653794731693,-1,-0.01147,293.104416847229,500,"[17.03190803527832, 16.0146541595459, 16.0146541595459, 16.0146541595459, 16.0146541595459]"
instance_649,9,13.42296,13.965509280156697,-1,-0.03885,244.42301678657532,500,"[14.8434419631958, 14.222392082214355, 13.965509414672852, 13.965509414672852, 13.965509414672852]"
instance_641,10,14.73888,15.371848977570048,-1,-0.04118,312.9265112876892,500,"[15.396260261535645, 15.396260261535645, 15.396260261535645, 15.396260261535645, 15.371849060058594]"
instance_646,9,15.86377,16.473040000372283,-1,-0.03699,285.660715341568,500,"[16.946378707885742, 16.888582229614258, 16.495737075805664, 16.473039627075195, 16.473039627075195]"
instance_653,10,13.78435,13.976326384686201,-1,-0.01374,262.08986735343933,500,"[15.14273738861084, 14.755353927612305, 14.053449630737305, 14.053449630737305, 13.976325988769531]"
instance_652,9,11.48171,11.800448834773096,-1,-0.02701,271.44889736175537,500,"[12.150412559509277, 11.87454891204834, 11.800448417663574, 11.800448417663574, 11.800448417663574]"
instance_651,8,11.0223,11.732235892844916,-1,-0.06051,286.32804584503174,500,"[11.975845336914062, 11.7322359085083, 11.7322359085083, 11.7322359085083, 11.7322359085083]"
instance_656,9,13.01279,13.38432846195319,-1,-0.02776,244.3855175971985,500,"[13.470614433288574, 13.470614433288574, 13.470614433288574, 13.384328842163086, 13.384328842163086]"
instance_650,9,14.3507,14.966714917575061,-1,-0.04116,296.84028792381287,500,"[15.165205955505371, 14.966714859008789, 14.966714859008789, 14.966714859008789, 14.966714859008789]"
instance_648,10,16.61364,17.238852645548576,-1,-0.03627,316.25806617736816,500,"[17.238853454589844, 17.238853454589844, 17.238853454589844, 17.238853454589844, 17.238853454589844]"
instance_654,9,11.16694,11.5254102906462,-1,-0.0311,280.70245242118835,500,"[11.816781044006348, 11.525410652160645, 11.525410652160645, 11.525410652160645, 11.525410652160645]"
instance_655,9,13.29726,14.231547281257841,-1,-0.06565,265.1729316711426,500,"[14.324463844299316, 14.270394325256348, 14.270394325256348, 14.231547355651855, 14.231547355651855]"
instance_657,9,12.66678,13.7725673375601,-1,-0.08029,266.7516930103302,500,"[13.8777437210083, 13.79329776763916, 13.772567749023438, 13.772567749023438, 13.772567749023438]"
instance_665,9,11.84539,12.56263582769073,-1,-0.05709,239.82655429840088,500,"[13.062032699584961, 12.654606819152832, 12.654606819152832, 12.654606819152832, 12.56263542175293]"
instance_667,9,11.38786,11.47809201109854,-1,-0.00786,245.1035120487213,500,"[12.085070610046387, 11.9365816116333, 11.478092193603516, 11.478092193603516, 11.478092193603516]"
instance_663,9,13.08605,13.40406874052233,-1,-0.02373,269.7270531654358,500,"[13.483596801757812, 13.444028854370117, 13.444028854370117, 13.404068946838379, 13.404068946838379]"
instance_662,10,14.64248,15.568172074340653,-1,-0.05946,282.21913862228394,500,"[15.834832191467285, 15.741324424743652, 15.741324424743652, 15.568172454833984, 15.568172454833984]"
instance_666,10,14.64648,14.82144320949162,-1,-0.0118,264.6565434932709,500,"[15.134872436523438, 15.134872436523438, 15.134872436523438, 14.821443557739258, 14.821443557739258]"
instance_658,9,12.82779,13.038087790845832,-1,-0.01613,299.3479778766632,500,"[13.53962230682373, 13.401631355285645, 13.401631355285645, 13.401631355285645, 13.038087844848633]"
instance_660,10,16.69395,16.86584755946116,-1,-0.01019,288.68291544914246,500,"[17.045181274414062, 16.913843154907227, 16.865846633911133, 16.865846633911133, 16.865846633911133]"
instance_676,11,17.64119,18.449556607915657,-1,-0.04381,230.16042160987854,500,"[18.992822647094727, 18.947858810424805, 18.528411865234375, 18.449556350708008, 18.449556350708008]"
instance_668,8,11.2188,11.752626306614044,-1,-0.04542,269.2855932712555,500,"[12.195033073425293, 11.799427032470703, 11.799427032470703, 11.752626419067383, 11.752626419067383]"
instance_669,10,17.77063,19.560985756435375,-1,-0.09153,274.3318819999695,500,"[19.72369956970215, 19.72369956970215, 19.72369956970215, 19.560985565185547, 19.560985565185547]"
instance_659,9,13.08128,13.329373299491019,-1,-0.01861,325.658846616745,500,"[13.8609619140625, 13.8609619140625, 13.796855926513672, 13.424715042114258, 13.329373359680176]"
instance_671,10,15.24721,15.967713916933725,-1,-0.04512,279.67943239212036,500,"[15.967714309692383, 15.967714309692383, 15.967714309692383, 15.967714309692383, 15.967714309692383]"
instance_664,11,20.00641,21.216344020076292,-1,-0.05703,306.02869844436646,500,"[21.281267166137695, 21.281267166137695, 21.281267166137695, 21.216344833374023, 21.216344833374023]"
instance_661,11,18.95154,20.40100676028981,-1,-0.07105,325.9295310974121,500,"[20.41819953918457, 20.4010066986084, 20.4010066986084, 20.4010066986084, 20.4010066986084]"
instance_675,10,15.52382,15.84876625051298,-1,-0.0205,266.8347599506378,500,"[16.620878219604492, 15.848766326904297, 15.848766326904297, 15.848766326904297, 15.848766326904297]"
instance_678,9,13.18413,13.707625201794174,-1,-0.03819,260.9862847328186,500,"[13.707625389099121, 13.707625389099121, 13.707625389099121, 13.707625389099121, 13.707625389099121]"
instance_670,10,17.48004,18.140381214792857,-1,-0.0364,303.89581179618835,500,"[18.946239471435547, 18.615859985351562, 18.615859985351562, 18.350767135620117, 18.140380859375]"
instance_677,9,12.07512,12.687381524891503,-1,-0.04826,284.4232895374298,500,"[12.742414474487305, 12.718029975891113, 12.718029975891113, 12.687381744384766, 12.687381744384766]"
instance_683,10,14.45477,15.43508579424742,-1,-0.06351,266.4058494567871,500,"[15.869401931762695, 15.435086250305176, 15.435086250305176, 15.435086250305176, 15.435086250305176]"
instance_672,9,12.47388,12.66222652291158,-1,-0.01487,316.8856179714203,500,"[13.712445259094238, 13.482698440551758, 12.662226676940918, 12.662226676940918, 12.662226676940918]"
instance_673,9,13.64616,13.91332077039656,-1,-0.0192,324.92416548728943,500,"[15.692692756652832, 14.433615684509277, 14.106348037719727, 13.913320541381836, 13.913320541381836]"
instance_691,10,14.749,14.749003627957421,-1,0.0,255.07989692687988,453,"[15.62321949005127, 15.62321949005127, 15.62321949005127, 15.516217231750488]"
instance_687,10,15.5852,15.985336231390157,-1,-0.02503,261.16015791893005,500,"[16.245786666870117, 16.245786666870117, 16.245786666870117, 16.128145217895508, 15.985336303710938]"
instance_682,10,15.73885,16.35519881789683,-1,-0.03769,283.41198658943176,500,"[16.510665893554688, 16.510665893554688, 16.510665893554688, 16.35519790649414, 16.35519790649414]"
instance_680,10,14.66039,15.011351079171243,-1,-0.02338,291.60758686065674,500,"[16.054279327392578, 16.001663208007812, 15.539803504943848, 15.011350631713867, 15.011350631713867]"
instance_690,9,14.59225,14.981764655975981,-1,-0.026,268.10208010673523,500,"[16.11001205444336, 15.458220481872559, 14.981764793395996, 14.981764793395996, 14.981764793395996]"
instance_685,10,12.96023,13.37957751528635,-1,-0.03134,285.4591221809387,500,"[13.583465576171875, 13.37957763671875, 13.37957763671875, 13.37957763671875, 13.37957763671875]"
instance_674,11,15.71008,16.338218312305905,-1,-0.03845,335.1099257469177,500,"[16.478153228759766, 16.478153228759766, 16.338218688964844, 16.338218688964844, 16.338218688964844]"
instance_694,10,15.38774,16.115581941369,-1,-0.04516,251.10936093330383,500,"[16.99794578552246, 16.749361038208008, 16.145462036132812, 16.115581512451172, 16.115581512451172]"
instance_693,10,14.78767,15.901049099314434,-1,-0.07002,253.60363841056824,500,"[15.90104866027832, 15.90104866027832, 15.90104866027832, 15.90104866027832, 15.90104866027832]"
instance_681,11,19.93321,20.815751150134577,-1,-0.0424,308.25818395614624,500,"[21.609745025634766, 21.609745025634766, 21.609745025634766, 21.465879440307617, 20.815752029418945]"
instance_689,9,11.09978,11.873390915355753,-1,-0.06516,281.99216079711914,500,"[12.222685813903809, 12.045182228088379, 12.023265838623047, 11.873391151428223, 11.873391151428223]"
instance_695,10,17.13453,18.669238593432862,-1,-0.08221,259.96671414375305,500,"[18.733928680419922, 18.733928680419922, 18.733928680419922, 18.669239044189453, 18.669239044189453]"
instance_679,11,20.6343,21.621077080389917,-1,-0.04564,320.85711884498596,500,"[22.35979652404785, 21.621076583862305, 21.621076583862305, 21.621076583862305, 21.621076583862305]"
instance_688,9,11.28145,11.558867231085532,-1,-0.024,298.9817976951599,500,"[11.953436851501465, 11.603696823120117, 11.558867454528809, 11.558867454528809, 11.558867454528809]"
instance_684,11,20.19286,20.64903748778355,-1,-0.02209,312.57394337654114,500,"[20.901897430419922, 20.901897430419922, 20.649038314819336, 20.649038314819336, 20.649038314819336]"
instance_686,11,19.85845,20.454763368404375,-1,-0.02915,301.037899017334,500,"[20.454763412475586, 20.454763412475586, 20.454763412475586, 20.454763412475586, 20.454763412475586]"
instance_696,9,13.89626,14.248528466338847,-1,-0.02472,278.6615002155304,500,"[14.483613014221191, 14.408432006835938, 14.248528480529785, 14.248528480529785, 14.248528480529785]"
instance_701,9,10.4148,10.534074698706231,-1,-0.01132,222.29713988304138,500,"[11.169897079467773, 11.017474174499512, 10.534074783325195, 10.534074783325195, 10.534074783325195]"
instance_692,8,10.921,11.244124638808655,-1,-0.02874,290.0644772052765,500,"[11.294058799743652, 11.244124412536621, 11.244124412536621, 11.244124412536621, 11.244124412536621]"
instance_697,9,11.45126,11.648559988970893,-1,-0.01694,264.66948795318604,500,"[12.19068717956543, 11.913756370544434, 11.913756370544434, 11.913756370544434, 11.6485595703125]"
instance_698,9,13.83214,14.253092132549014,-1,-0.02953,273.8661255836487,500,"[14.253091812133789, 14.253091812133789, 14.253091812133789, 14.253091812133789, 14.253091812133789]"
instance_700,12,21.58288,22.067589856106146,-1,-0.02196,276.8944239616394,500,"[22.96141815185547, 22.94685173034668, 22.099533081054688, 22.099533081054688, 22.067590713500977]"
instance_703,11,20.5316,20.752555535465554,-1,-0.01065,283.7289834022522,500,"[21.47368049621582, 21.220680236816406, 21.220680236816406, 20.75255584716797, 20.75255584716797]"
instance_704,10,17.04206,17.09571863646637,-1,-0.00314,293.46532130241394,500,"[18.316537857055664, 17.095718383789062, 17.095718383789062, 17.095718383789062, 17.095718383789062]"
instance_699,11,18.84689,18.859274517708023,-1,-0.00066,324.05508065223694,500,"[18.85927391052246, 18.85927391052246, 18.85927391052246, 18.85927391052246, 18.85927391052246]"
instance_705,9,14.18906,14.470045924634947,-1,-0.01942,299.09761905670166,500,"[14.503539085388184, 14.503539085388184, 14.503539085388184, 14.470046043395996, 14.470046043395996]"
instance_708,10,16.81911,17.46601571376346,-1,-0.03704,248.94361996650696,500,"[17.981372833251953, 17.672752380371094, 17.466014862060547, 17.466014862060547, 17.466014862060547]"
instance_702,10,17.79249,17.99734319095733,-1,-0.01138,312.1852741241455,500,"[18.5991153717041, 18.5991153717041, 18.5991153717041, 17.997343063354492, 17.997343063354492]"
instance_706,10,13.6139,14.319659775891232,-1,-0.04929,301.07566022872925,500,"[15.563179016113281, 15.073616027832031, 14.319660186767578, 14.319660186767578, 14.319660186767578]"
instance_707,10,12.76879,13.26666999135415,-1,-0.03753,276.0605273246765,500,"[13.331775665283203, 13.317399024963379, 13.317399024963379, 13.317399024963379, 13.266670227050781]"
instance_713,9,13.74074,14.49589854509358,-1,-0.05209,257.6354696750641,500,"[15.026518821716309, 14.54563045501709, 14.503783226013184, 14.503783226013184, 14.495898246765137]"
instance_715,11,15.43149,16.060173183328025,-1,-0.03915,253.06665015220642,500,"[16.473682403564453, 16.140167236328125, 16.140167236328125, 16.06017303466797, 16.06017303466797]"
instance_710,12,23.5013,24.527782820161107,-1,-0.04185,279.12660336494446,500,"[25.13344955444336, 25.13344955444336, 24.65138816833496, 24.527782440185547, 24.527782440185547]"
instance_714,8,10.73892,11.52151687491353,-1,-0.06792,271.99442172050476,500,"[11.880807876586914, 11.880807876586914, 11.880807876586914, 11.521516799926758, 11.521516799926758]"
instance_717,9,12.91977,13.55482255560165,-1,-0.04685,255.24751234054565,500,"[14.159719467163086, 13.762980461120605, 13.561009407043457, 13.561009407043457, 13.55482292175293]"
instance_718,9,10.94958,11.518990136660321,-1,-0.04943,249.31847167015076,500,"[11.883857727050781, 11.620676040649414, 11.620676040649414, 11.518990516662598, 11.518990516662598]"
instance_720,9,14.74829,15.503904885954332,-1,-0.04874,246.05698657035828,500,"[15.540101051330566, 15.526776313781738, 15.526776313781738, 15.503905296325684, 15.503905296325684]"
instance_711,10,13.69076,14.239455592670868,-1,-0.03853,286.50773334503174,500,"[14.239455223083496, 14.239455223083496, 14.239455223083496, 14.239455223083496, 14.239455223083496]"
instance_709,8,10.41957,10.690482712772178,-1,-0.02534,306.12258529663086,500,"[10.760124206542969, 10.760124206542969, 10.760124206542969, 10.690483093261719, 10.690483093261719]"
instance_719,9,11.70569,12.0706529664419,-1,-0.03024,260.88590359687805,500,"[12.070652961730957, 12.070652961730957, 12.070652961730957, 12.070652961730957, 12.070652961730957]"
instance_712,11,17.29806,17.789443553073482,-1,-0.02762,295.50316071510315,500,"[18.192699432373047, 17.789443969726562, 17.789443969726562, 17.789443969726562, 17.789443969726562]"
instance_723,8,10.70098,10.89886382461552,-1,-0.01816,253.86550664901733,500,"[11.120532989501953, 11.120532989501953, 11.120532989501953, 10.899796485900879, 10.898863792419434]"
instance_722,10,14.55053,14.831428005322946,-1,-0.01894,275.21906900405884,500,"[15.455316543579102, 14.831427574157715, 14.831427574157715, 14.831427574157715, 14.831427574157715]"
instance_729,9,11.81236,12.177267050482454,-1,-0.02997,228.43771314620972,500,"[12.3833646774292, 12.35287857055664, 12.35287857055664, 12.338090896606445, 12.177267074584961]"
instance_724,10,14.06414,14.837115283945788,-1,-0.0521,274.5023145675659,500,"[15.036155700683594, 14.837115287780762, 14.837115287780762, 14.837115287780762, 14.837115287780762]"
instance_716,9,13.52146,14.528705270725569,-1,-0.06933,321.64506578445435,500,"[15.202661514282227, 15.080137252807617, 15.035690307617188, 15.035690307617188, 14.528705596923828]"
instance_726,8,11.18382,11.581455174169802,-1,-0.03433,267.3800148963928,500,"[12.068127632141113, 11.645423889160156, 11.645423889160156, 11.58145523071289, 11.58145523071289]"
instance_728,11,15.8331,16.103353668337917,-1,-0.01678,259.1331181526184,500,"[17.06866455078125, 16.766857147216797, 16.766857147216797, 16.10335350036621, 16.10335350036621]"
instance_737,9,11.59028,11.744174941008753,-1,-0.0131,252.65852522850037,500,"[12.567073822021484, 12.515223503112793, 12.219147682189941, 11.74417495727539, 11.74417495727539]"
instance_721,10,15.48155,15.563611815938005,-1,-0.00527,321.83765625953674,500,"[16.021814346313477, 15.56361198425293, 15.56361198425293, 15.56361198425293, 15.56361198425293]"
instance_732,10,12.44498,12.732076963328403,-1,-0.02255,267.05805826187134,500,"[12.732076644897461, 12.732076644897461, 12.732076644897461, 12.732076644897461, 12.732076644897461]"
instance_741,9,13.59899,14.323303117400503,-1,-0.05057,253.2910873889923,500,"[14.432906150817871, 14.418695449829102, 14.32330322265625, 14.32330322265625, 14.32330322265625]"
instance_734,10,14.72288,15.529710944486155,-1,-0.05195,277.13795948028564,500,"[16.34636688232422, 15.52971076965332, 15.52971076965332, 15.52971076965332, 15.52971076965332]"
instance_733,10,16.32135,16.751398621722288,-1,-0.02567,278.33721899986267,500,"[16.75139808654785, 16.75139808654785, 16.75139808654785, 16.75139808654785, 16.75139808654785]"
instance_736,10,14.65214,15.61404696449912,-1,-0.06161,278.9383080005646,500,"[15.614047050476074, 15.614047050476074, 15.614047050476074, 15.614047050476074, 15.614047050476074]"
instance_735,9,14.23467,14.511540031011545,-1,-0.01908,282.77400636672974,500,"[14.908552169799805, 14.686652183532715, 14.555696487426758, 14.511540412902832, 14.511540412902832]"
instance_738,10,14.22289,14.752243126941961,-1,-0.03588,277.87073850631714,500,"[15.369284629821777, 15.369284629821777, 14.936323165893555, 14.936323165893555, 14.752243041992188]"
instance_731,10,14.13571,14.34278840735102,-1,-0.01444,301.7151138782501,500,"[15.162957191467285, 15.162957191467285, 15.059908866882324, 14.342788696289062, 14.342788696289062]"
instance_742,8,12.01159,12.57713830173776,-1,-0.04497,272.0059287548065,500,"[12.57713794708252, 12.57713794708252, 12.57713794708252, 12.57713794708252, 12.57713794708252]"
instance_739,11,19.57222,19.974707932891462,-1,-0.02015,287.8771092891693,500,"[20.87838363647461, 20.410812377929688, 20.410812377929688, 20.302806854248047, 19.974708557128906]"
instance_725,9,14.11665,14.565018269861971,-1,-0.03078,338.90591382980347,500,"[14.565018653869629, 14.565018653869629, 14.565018653869629, 14.565018653869629, 14.565018653869629]"
instance_747,9,13.50963,14.078888629099461,-1,-0.04043,266.3967306613922,500,"[14.101631164550781, 14.101631164550781, 14.101631164550781, 14.101631164550781, 14.078888893127441]"
instance_740,10,15.29912,16.06083595703335,-1,-0.04743,290.46100974082947,500,"[16.345848083496094, 16.060836791992188, 16.060836791992188, 16.060836791992188, 16.060836791992188]"
instance_745,9,13.19866,13.448040109335725,-1,-0.01854,274.5035083293915,500,"[13.857880592346191, 13.857880592346191, 13.857880592346191, 13.648113250732422, 13.448040008544922]"
instance_730,9,11.11968,11.166683448437494,-1,-0.00421,322.42343378067017,500,"[11.288007736206055, 11.166683197021484, 11.166683197021484, 11.166683197021484, 11.166683197021484]"
instance_746,10,16.47221,17.08999637331461,-1,-0.03615,279.35644578933716,500,"[17.334293365478516, 17.192216873168945, 17.089996337890625, 17.089996337890625, 17.089996337890625]"
instance_727,11,18.3869,18.969882777296625,-1,-0.03073,340.5086627006531,500,"[19.23514747619629, 18.96988296508789, 18.96988296508789, 18.96988296508789, 18.96988296508789]"
instance_744,9,12.42246,12.924580022501027,-1,-0.03885,296.54765009880066,500,"[13.131659507751465, 13.131659507751465, 13.131659507751465, 12.924579620361328, 12.924579620361328]"
instance_748,8,11.02641,11.540518674564089,-1,-0.04455,285.3171887397766,500,"[11.664382934570312, 11.540518760681152, 11.540518760681152, 11.540518760681152, 11.540518760681152]"
instance_743,9,13.35693,13.767515184376048,-1,-0.02982,316.67450642585754,500,"[13.928022384643555, 13.767515182495117, 13.767515182495117, 13.767515182495117, 13.767515182495117]"
instance_749,9,14.36337,14.89399123736722,-1,-0.03563,294.39127707481384,500,"[15.569803237915039, 14.893991470336914, 14.893991470336914, 14.893991470336914, 14.893991470336914]"
instance_758,10,17.33006,18.44850078057188,-1,-0.06063,228.1886122226715,500,"[19.35038185119629, 18.90232276916504, 18.601768493652344, 18.601768493652344, 18.448501586914062]"
instance_750,11,20.73343,21.46358954872872,-1,-0.03402,285.61778378486633,500,"[22.06430435180664, 21.760034561157227, 21.760034561157227, 21.642581939697266, 21.46358871459961]"
instance_751,10,13.52917,13.553268847757428,-1,-0.00178,266.69181418418884,500,"[14.185906410217285, 13.955826759338379, 13.553268432617188, 13.553268432617188, 13.553268432617188]"
instance_753,9,14.12588,14.339498270989274,-1,-0.0149,265.6706507205963,500,"[14.339498519897461, 14.339498519897461, 14.339498519897461, 14.339498519897461, 14.339498519897461]"
instance_752,10,16.47625,17.463472151896955,-1,-0.05653,268.0482132434845,500,"[17.738920211791992, 17.463472366333008, 17.463472366333008, 17.463472366333008, 17.463472366333008]"
instance_759,10,14.76532,15.36835336258012,-1,-0.03924,243.54446387290955,500,"[15.644712448120117, 15.643065452575684, 15.368352890014648, 15.368352890014648, 15.368352890014648]"
instance_755,11,18.78535,19.404991767791657,-1,-0.03193,283.32981061935425,500,"[19.79636001586914, 19.47439956665039, 19.427059173583984, 19.404991149902344, 19.404991149902344]"
instance_756,9,11.87119,11.984444940894347,-1,-0.00945,285.2836971282959,500,"[11.984444618225098, 11.984444618225098, 11.984444618225098, 11.984444618225098, 11.984444618225098]"
instance_757,9,15.05164,15.37502489386018,-1,-0.02103,283.8806622028351,500,"[16.1495304107666, 16.1495304107666, 16.0289363861084, 16.02691078186035, 15.375024795532227]"
instance_762,9,14.21825,14.706210369319445,-1,-0.03318,257.08022928237915,500,"[14.849061012268066, 14.718914031982422, 14.718914031982422, 14.706210136413574, 14.706210136413574]"
instance_768,9,11.44324,11.591899261168477,-1,-0.01282,242.6863191127777,500,"[11.591898918151855, 11.591898918151855, 11.591898918151855, 11.591898918151855, 11.591898918151855]"
instance_760,9,14.37566,14.515719206253832,-1,-0.00965,277.00618171691895,500,"[14.917362213134766, 14.515719413757324, 14.515719413757324, 14.515719413757324, 14.515719413757324]"
instance_761,10,15.86153,16.256655499441095,-1,-0.02431,277.593332529068,500,"[16.256654739379883, 16.256654739379883, 16.256654739379883, 16.256654739379883, 16.256654739379883]"
instance_764,8,10.9669,11.562577824577144,-1,-0.05152,269.27596163749695,500,"[11.74109935760498, 11.588376998901367, 11.562578201293945, 11.562578201293945, 11.562578201293945]"
instance_771,10,14.26327,14.544902486153049,-1,-0.01936,238.16902828216553,500,"[14.544902801513672, 14.544902801513672, 14.544902801513672, 14.544902801513672, 14.544902801513672]"
instance_754,9,10.82507,11.202981543909743,-1,-0.03373,332.8473656177521,500,"[11.216241836547852, 11.216241836547852, 11.202981948852539, 11.202981948852539, 11.202981948852539]"
instance_765,9,12.33351,12.663602124744653,-1,-0.02607,277.08620381355286,500,"[12.876445770263672, 12.768915176391602, 12.663601875305176, 12.663601875305176, 12.663601875305176]"
instance_763,9,12.85042,13.382930532071052,-1,-0.03979,296.4995205402374,500,"[13.649868965148926, 13.382930755615234, 13.382930755615234, 13.382930755615234, 13.382930755615234]"
instance_770,11,16.88552,17.69681108473168,-1,-0.04584,262.9673156738281,500,"[17.88616180419922, 17.88616180419922, 17.871749877929688, 17.69681167602539, 17.69681167602539]"
instance_767,10,12.59403,12.946179460910281,-1,-0.0272,280.3335590362549,500,"[13.906509399414062, 13.068033218383789, 13.068033218383789, 12.946179389953613, 12.946179389953613]"
instance_766,9,12.33609,12.612048922843224,-1,-0.02188,292.9678866863251,500,"[12.612049102783203, 12.612049102783203, 12.612049102783203, 12.612049102783203, 12.612049102783203]"
instance_769,9,12.63622,12.91782643031495,-1,-0.0218,284.4008774757385,500,"[13.118450164794922, 12.917826652526855, 12.917826652526855, 12.917826652526855, 12.917826652526855]"
instance_774,11,16.29391,16.5039161110865,-1,-0.01272,249.27622318267822,500,"[16.704063415527344, 16.704063415527344, 16.503915786743164, 16.503915786743164, 16.503915786743164]"
instance_776,10,16.30701,17.045884278475217,-1,-0.04335,265.21726083755493,500,"[17.71790313720703, 17.322004318237305, 17.322004318237305, 17.322004318237305, 17.04588508605957]"
instance_777,10,12.57263,12.765739365558947,-1,-0.01513,262.8971903324127,500,"[12.765739440917969, 12.765739440917969, 12.765739440917969, 12.765739440917969, 12.765739440917969]"
instance_773,10,15.15947,15.636754491347595,-1,-0.03052,309.5724833011627,500,"[16.628273010253906, 16.451452255249023, 15.784444808959961, 15.759020805358887, 15.636754035949707]"
instance_782,9,11.80915,11.890697208872972,-1,-0.00686,256.58263540267944,500,"[11.890697479248047, 11.890697479248047, 11.890697479248047, 11.890697479248047, 11.890697479248047]"
instance_772,9,13.20952,13.428481891681557,-1,-0.01631,324.39663004875183,500,"[14.511079788208008, 14.36078929901123, 13.796359062194824, 13.428482055664062, 13.428482055664062]"
instance_779,10,14.66456,15.537934820505724,-1,-0.05621,284.9569478034973,500,"[15.867340087890625, 15.537935256958008, 15.537935256958008, 15.537935256958008, 15.537935256958008]"
instance_796,9,11.414,11.772878489159913,-1,-0.03048,222.60492038726807,500,"[11.795065879821777, 11.795065879821777, 11.795065879821777, 11.772878646850586, 11.772878646850586]"
instance_791,10,11.22337,11.786601511600935,-1,-0.04779,244.705806016922,500,"[12.047347068786621, 12.047347068786621, 11.786601066589355, 11.786601066589355, 11.786601066589355]"
instance_781,10,16.24331,17.315148367022466,-1,-0.0619,272.5154182910919,500,"[17.534116744995117, 17.534116744995117, 17.315149307250977, 17.315149307250977, 17.315149307250977]"
instance_775,8,11.74457,12.068727300177038,-1,-0.02686,309.0216495990753,500,"[12.068727493286133, 12.068727493286133, 12.068727493286133, 12.068727493286133, 12.068727493286133]"
instance_783,9,12.08467,12.379335701302045,-1,-0.0238,274.12314438819885,500,"[12.693541526794434, 12.47645092010498, 12.47645092010498, 12.379335403442383, 12.379335403442383]"
instance_784,10,15.91872,16.07955299319371,-1,-0.01,282.3695864677429,500,"[16.876562118530273, 16.5549373626709, 16.5549373626709, 16.225746154785156, 16.079553604125977]"
instance_793,9,12.80981,13.244191136171978,-1,-0.0328,257.5936233997345,500,"[13.2861967086792, 13.24419116973877, 13.24419116973877, 13.24419116973877, 13.24419116973877]"
instance_778,10,16.96919,17.52535337839319,-1,-0.03173,314.40441036224365,500,"[17.8155574798584, 17.525352478027344, 17.525352478027344, 17.525352478027344, 17.525352478027344]"
instance_787,9,11.67249,12.14414081496332,-1,-0.03884,279.8884792327881,500,"[12.22091293334961, 12.22091293334961, 12.14414119720459, 12.14414119720459, 12.14414119720459]"
instance_789,10,15.45063,15.903374198437609,-1,-0.02847,278.87838554382324,500,"[16.302871704101562, 16.30052947998047, 15.96939468383789, 15.96939468383789, 15.903374671936035]"
instance_790,9,13.43432,14.474582997813336,-1,-0.07187,279.2637770175934,500,"[14.47458267211914, 14.47458267211914, 14.47458267211914, 14.47458267211914, 14.47458267211914]"
instance_788,8,11.8784,12.221431536963827,-1,-0.02807,284.89816999435425,500,"[12.685508728027344, 12.685508728027344, 12.221431732177734, 12.221431732177734, 12.221431732177734]"
instance_794,9,13.60314,14.391999273044789,-1,-0.05481,270.3675367832184,500,"[14.402482032775879, 14.402482032775879, 14.402482032775879, 14.402482032775879, 14.391999244689941]"
instance_780,9,13.44886,14.023480170981694,-1,-0.04098,310.37584686279297,500,"[14.023480415344238, 14.023480415344238, 14.023480415344238, 14.023480415344238, 14.023480415344238]"
instance_795,12,20.52043,21.584841111215002,-1,-0.04931,271.86178159713745,500,"[21.727832794189453, 21.727832794189453, 21.727832794189453, 21.584840774536133, 21.584840774536133]"
instance_786,10,14.87286,15.315937381489428,-1,-0.02893,298.74463725090027,500,"[15.620109558105469, 15.620109558105469, 15.315937042236328, 15.315937042236328, 15.315937042236328]"
instance_785,10,14.12285,14.467197063029014,-1,-0.0238,311.6102056503296,500,"[14.485332489013672, 14.46719741821289, 14.46719741821289, 14.46719741821289, 14.46719741821289]"
instance_792,9,13.43688,13.672723717978945,-1,-0.01725,290.33825945854187,500,"[14.003745079040527, 14.003745079040527, 14.003745079040527, 13.672723770141602, 13.672723770141602]"
instance_799,9,12.13822,12.47196499917822,-1,-0.02676,265.04346895217896,500,"[12.696784019470215, 12.471964836120605, 12.471964836120605, 12.471964836120605, 12.471964836120605]"
instance_798,12,19.38523,20.005567533315354,-1,-0.03101,280.5830731391907,500,"[20.130247116088867, 20.12232780456543, 20.12232780456543, 20.01324462890625, 20.00556755065918]"
instance_797,10,16.07747,16.788638989717057,-1,-0.04236,298.5019326210022,500,"[16.788639068603516, 16.788639068603516, 16.788639068603516, 16.788639068603516, 16.788639068603516]"
instance_801,9,12.1906,12.834878841181368,-1,-0.0502,269.3452033996582,500,"[13.111021995544434, 13.09566879272461, 12.844245910644531, 12.834878921508789, 12.834878921508789]"
instance_800,10,12.58731,12.93010202976229,-1,-0.02651,278.16023564338684,500,"[12.971960067749023, 12.930102348327637, 12.930102348327637, 12.930102348327637, 12.930102348327637]"
instance_804,11,18.91767,19.48546713988009,-1,-0.02914,260.55883598327637,500,"[20.029211044311523, 19.684829711914062, 19.684829711914062, 19.684829711914062, 19.4854679107666]"
instance_802,10,12.96103,13.142614821105335,-1,-0.01382,272.4175832271576,500,"[13.80776309967041, 13.449718475341797, 13.449718475341797, 13.449718475341797, 13.142614364624023]"
instance_803,9,11.30288,11.585280400215222,-1,-0.02438,284.6919581890106,500,"[11.761728286743164, 11.585280418395996, 11.585280418395996, 11.585280418395996, 11.585280418395996]"
instance_805,10,14.60876,14.772417101706479,-1,-0.01108,269.25970935821533,500,"[15.683479309082031, 14.789944648742676, 14.772417068481445, 14.772417068481445, 14.772417068481445]"
instance_806,11,19.96412,20.598203312788858,-1,-0.03078,265.8769283294678,500,"[21.603666305541992, 20.598203659057617, 20.598203659057617, 20.598203659057617, 20.598203659057617]"
instance_807,10,17.74882,18.274694778343026,-1,-0.02878,259.8809378147125,500,"[18.49699592590332, 18.49699592590332, 18.49699592590332, 18.49699592590332, 18.274694442749023]"
instance_808,9,11.46278,11.851862424073142,-1,-0.03283,262.0258324146271,500,"[11.91207218170166, 11.851861953735352, 11.851861953735352, 11.851861953735352, 11.851861953735352]"
instance_809,9,15.49475,16.58386713985608,-1,-0.06567,267.63302421569824,500,"[16.70086097717285, 16.5838680267334, 16.5838680267334, 16.5838680267334, 16.5838680267334]"
instance_818,9,14.5342,15.365749596879661,-1,-0.05412,241.49057793617249,500,"[15.61854076385498, 15.61854076385498, 15.61854076385498, 15.36574935913086, 15.36574935913086]"
instance_810,9,11.73806,11.910151978886583,-1,-0.01445,278.0808095932007,500,"[11.910152435302734, 11.910152435302734, 11.910152435302734, 11.910152435302734, 11.910152435302734]"
instance_820,9,14.01619,14.924303615977253,-1,-0.06085,241.17001795768738,500,"[14.925521850585938, 14.925521850585938, 14.925521850585938, 14.924304008483887, 14.924304008483887]"
instance_811,10,15.57066,16.151774529072252,-1,-0.03598,288.6341781616211,500,"[16.151775360107422, 16.151775360107422, 16.151775360107422, 16.151775360107422, 16.151775360107422]"
instance_814,9,14.13028,14.410372858773263,-1,-0.01944,277.9625594615936,500,"[14.870989799499512, 14.410372734069824, 14.410372734069824, 14.410372734069824, 14.410372734069824]"
instance_815,10,16.84026,17.46759952435849,-1,-0.03591,278.9042081832886,500,"[17.740880966186523, 17.740880966186523, 17.50102996826172, 17.50102996826172, 17.467599868774414]"
instance_816,9,13.68197,14.233911829586678,-1,-0.03878,274.17230343818665,500,"[15.201523780822754, 14.469110488891602, 14.469110488891602, 14.233911514282227, 14.233911514282227]"
instance_812,9,13.23719,13.478598006446129,-1,-0.01791,293.92823004722595,500,"[14.503512382507324, 13.765374183654785, 13.478597640991211, 13.478597640991211, 13.478597640991211]"
instance_817,11,18.01008,18.53902828599748,-1,-0.02853,271.2518355846405,500,"[18.574892044067383, 18.574892044067383, 18.574892044067383, 18.574892044067383, 18.53902816772461]"
instance_813,10,15.72202,16.05062241528535,-1,-0.02047,294.6517713069916,500,"[16.502870559692383, 16.502870559692383, 16.502870559692383, 16.050622940063477, 16.050622940063477]"
instance_819,9,12.48773,12.778471684389912,-1,-0.02275,285.2614538669586,500,"[12.841904640197754, 12.837968826293945, 12.837968826293945, 12.80709171295166, 12.778471946716309]"
instance_821,8,10.22931,10.324812279448013,-1,-0.00925,290.78585052490234,500,"[10.990473747253418, 10.990473747253418, 10.89638900756836, 10.324811935424805, 10.324811935424805]"
instance_824,9,13.90727,14.612995993628202,-1,-0.04829,269.70417833328247,500,"[15.358599662780762, 14.762117385864258, 14.762117385864258, 14.623391151428223, 14.612996101379395]"
instance_822,10,16.19651,16.688486880308115,-1,-0.02948,312.92839217185974,500,"[16.688486099243164, 16.688486099243164, 16.688486099243164, 16.688486099243164, 16.688486099243164]"
instance_823,8,11.19915,11.339537264334625,-1,-0.01238,287.6896312236786,500,"[11.837398529052734, 11.58912467956543, 11.443910598754883, 11.339537620544434, 11.339537620544434]"
instance_833,10,12.22882,12.377904710978074,-1,-0.01204,243.68563032150269,500,"[12.377904891967773, 12.377904891967773, 12.377904891967773, 12.377904891967773, 12.377904891967773]"
instance_827,9,14.07468,14.320267470983422,-1,-0.01715,261.1266438961029,500,"[15.001809120178223, 14.72254467010498, 14.320267677307129, 14.320267677307129, 14.320267677307129]"
instance_825,11,17.99302,18.672264946125562,-1,-0.03638,268.9736247062683,500,"[18.672264099121094, 18.672264099121094, 18.672264099121094, 18.672264099121094, 18.672264099121094]"
instance_829,9,11.81197,12.254186606446895,-1,-0.03609,255.0066785812378,500,"[12.425508499145508, 12.401652336120605, 12.401652336120605, 12.38353443145752, 12.254186630249023]"
instance_831,10,18.08056,19.04434049650935,-1,-0.05061,253.2183232307434,500,"[20.158966064453125, 19.044340133666992, 19.044340133666992, 19.044340133666992, 19.044340133666992]"
instance_842,10,12.68556,12.781888536211795,-1,-0.00754,229.09112215042114,500,"[12.795100212097168, 12.795100212097168, 12.795100212097168, 12.795100212097168, 12.781888961791992]"
instance_826,10,15.00703,16.396916867771967,-1,-0.08477,286.82130098342896,500,"[16.39691734313965, 16.39691734313965, 16.39691734313965, 16.39691734313965, 16.39691734313965]"
instance_837,9,11.53476,11.74888717123639,-1,-0.01823,252.18698644638062,500,"[12.116133689880371, 12.079720497131348, 11.871844291687012, 11.748887062072754, 11.748887062072754]"
instance_836,10,14.1497,14.445015679853183,-1,-0.02044,261.1659061908722,500,"[14.549664497375488, 14.549664497375488, 14.549664497375488, 14.549664497375488, 14.445015907287598]"
instance_832,8,12.1288,12.695528430984378,-1,-0.04464,285.75838828086853,500,"[12.78670597076416, 12.695528030395508, 12.695528030395508, 12.695528030395508, 12.695528030395508]"
instance_838,10,15.69567,16.509269623009523,-1,-0.04928,260.17326498031616,500,"[16.50926971435547, 16.50926971435547, 16.50926971435547, 16.50926971435547, 16.50926971435547]"
instance_835,12,22.44457,23.72398907220731,-1,-0.05393,272.925270318985,500,"[24.00074005126953, 23.868846893310547, 23.868846893310547, 23.723989486694336, 23.723989486694336]"
instance_834,10,15.66407,15.766682235562058,-1,-0.00651,276.3923444747925,500,"[16.837909698486328, 16.837909698486328, 16.6517391204834, 16.6517391204834, 15.766682624816895]"
instance_828,10,14.12481,14.87592232399474,-1,-0.05049,289.361656665802,500,"[15.343745231628418, 15.343745231628418, 14.875922203063965, 14.875922203063965, 14.875922203063965]"
instance_840,9,12.09691,13.020776763802687,-1,-0.07095,274.6782445907593,500,"[13.67957592010498, 13.264752388000488, 13.136462211608887, 13.020776748657227, 13.020776748657227]"
instance_847,9,14.51967,15.464925927677706,-1,-0.06112,242.93442964553833,500,"[15.648776054382324, 15.642160415649414, 15.642160415649414, 15.642160415649414, 15.464925765991211]"
instance_844,10,15.20516,16.177943957810186,-1,-0.06013,274.2148222923279,500,"[16.26249885559082, 16.26249885559082, 16.26249885559082, 16.17794418334961, 16.17794418334961]"
instance_830,9,13.87704,14.690407343904326,-1,-0.05537,321.159973859787,500,"[15.118606567382812, 15.073931694030762, 15.073931694030762, 15.073077201843262, 14.690407752990723]"
instance_852,9,14.73998,14.857695021441938,-1,-0.00792,228.37915062904358,500,"[15.574079513549805, 15.407219886779785, 14.98376750946045, 14.857694625854492, 14.857694625854492]"
instance_846,8,12.05026,12.121770572416985,-1,-0.0059,273.6368305683136,500,"[12.728211402893066, 12.72399616241455, 12.72399616241455, 12.72399616241455, 12.121770858764648]"
instance_843,10,15.64391,16.350018251244915,-1,-0.04319,300.04144382476807,500,"[16.350017547607422, 16.350017547607422, 16.350017547607422, 16.350017547607422, 16.350017547607422]"
instance_841,10,15.75847,16.31051166457678,-1,-0.03385,308.39429998397827,500,"[16.486717224121094, 16.486717224121094, 16.31051254272461, 16.31051254272461, 16.31051254272461]"
instance_839,10,13.43739,13.792864048429607,-1,-0.02577,313.17536783218384,500,"[13.792863845825195, 13.792863845825195, 13.792863845825195, 13.792863845825195, 13.792863845825195]"
instance_849,10,13.6731,13.68200756630196,-1,-0.00065,273.16846561431885,500,"[14.344043731689453, 13.682007789611816, 13.682007789611816, 13.682007789611816, 13.682007789611816]"
instance_845,9,11.89839,12.21505757254928,-1,-0.02592,304.5592300891876,500,"[12.72719955444336, 12.72719955444336, 12.456168174743652, 12.215057373046875, 12.215057373046875]"
instance_848,10,16.5423,16.982723617685323,-1,-0.02593,281.9332764148712,500,"[17.566553115844727, 17.53765869140625, 17.39012336730957, 16.982723236083984, 16.982723236083984]"
instance_855,10,14.55081,14.951698957055617,-1,-0.02681,238.97111201286316,500,"[15.669553756713867, 14.951699256896973, 14.951699256896973, 14.951699256896973, 14.951699256896973]"
instance_857,9,11.20817,11.382774363818532,-1,-0.01534,237.31315898895264,500,"[12.285478591918945, 12.050183296203613, 11.382774353027344, 11.382774353027344, 11.382774353027344]"
instance_854,10,14.34369,14.925953362170512,-1,-0.03901,263.1974124908447,500,"[15.132075309753418, 14.925952911376953, 14.925952911376953, 14.925952911376953, 14.925952911376953]"
instance_850,10,15.95669,16.6108598408263,-1,-0.03938,302.4784724712372,500,"[17.372852325439453, 17.273380279541016, 17.27180290222168, 16.610858917236328, 16.610858917236328]"
instance_853,9,13.39189,13.62452770910138,-1,-0.01707,297.012766122818,500,"[14.096746444702148, 13.976062774658203, 13.624527931213379, 13.624527931213379, 13.624527931213379]"
instance_856,9,11.83549,12.427433364738173,-1,-0.04763,277.138512134552,500,"[12.68044376373291, 12.60464096069336, 12.51412582397461, 12.51412582397461, 12.427433013916016]"
instance_851,9,12.09903,12.28005264735525,-1,-0.01474,313.26921701431274,500,"[12.557628631591797, 12.280052185058594, 12.280052185058594, 12.280052185058594, 12.280052185058594]"
instance_859,10,18.42948,19.350424018875543,-1,-0.04759,258.0508496761322,500,"[19.58868980407715, 19.35042381286621, 19.35042381286621, 19.35042381286621, 19.35042381286621]"
instance_858,9,14.30333,15.286455547992938,-1,-0.06431,291.0762040615082,500,"[15.63206672668457, 15.443929672241211, 15.443929672241211, 15.286455154418945, 15.286455154418945]"
instance_864,9,13.81225,14.358083579206978,-1,-0.03802,240.7133173942566,500,"[14.766373634338379, 14.63137149810791, 14.575157165527344, 14.358083724975586, 14.358083724975586]"
instance_869,9,11.97443,12.008462496036959,-1,-0.00283,259.28272247314453,500,"[12.412561416625977, 12.008462905883789, 12.008462905883789, 12.008462905883789, 12.008462905883789]"
instance_860,10,17.05567,17.274485225499454,-1,-0.01267,291.51901388168335,500,"[18.13886833190918, 18.114234924316406, 17.767963409423828, 17.274484634399414, 17.274484634399414]"
instance_861,10,13.89345,14.24324294380296,-1,-0.02456,290.62605333328247,500,"[14.377460479736328, 14.377460479736328, 14.243243217468262, 14.243243217468262, 14.243243217468262]"
instance_862,9,13.18536,13.690325496649248,-1,-0.03688,302.07654452323914,500,"[14.2019624710083, 14.006428718566895, 14.006428718566895, 13.996315002441406, 13.690325736999512]"
instance_870,9,12.56519,13.128332826687029,-1,-0.0429,262.40241622924805,500,"[13.347211837768555, 13.29687213897705, 13.228368759155273, 13.12833309173584, 13.12833309173584]"
instance_868,10,16.28795,16.569270056722544,-1,-0.01698,280.68560433387756,500,"[17.704687118530273, 17.151994705200195, 17.034225463867188, 16.847835540771484, 16.56926918029785]"
instance_867,10,15.02221,15.206151163683968,-1,-0.0121,290.8833804130554,500,"[15.667466163635254, 15.206151008605957, 15.206151008605957, 15.206151008605957, 15.206151008605957]"
instance_863,10,17.58299,18.964751212183746,-1,-0.07286,304.5611414909363,500,"[19.010568618774414, 18.964750289916992, 18.964750289916992, 18.964750289916992, 18.964750289916992]"
instance_877,8,12.05669,12.461696290485163,-1,-0.0325,237.91303396224976,500,"[12.938920974731445, 12.785996437072754, 12.785996437072754, 12.46169662475586, 12.46169662475586]"
instance_865,12,22.89873,23.61755793653932,-1,-0.03044,313.16832661628723,500,"[23.984249114990234, 23.637027740478516, 23.617557525634766, 23.617557525634766, 23.617557525634766]"
instance_876,9,12.12995,12.812738800665626,-1,-0.05329,243.47966241836548,500,"[12.812738418579102, 12.812738418579102, 12.812738418579102, 12.812738418579102, 12.812738418579102]"
instance_875,9,11.08228,11.45194531909217,-1,-0.03228,245.75091004371643,500,"[11.769556999206543, 11.451945304870605, 11.451945304870605, 11.451945304870605, 11.451945304870605]"
instance_879,9,12.40316,12.99736701085801,-1,-0.04572,259.9164025783539,500,"[13.41698932647705, 13.283345222473145, 13.1296968460083, 13.100224494934082, 12.997366905212402]"
instance_871,9,13.62939,14.342313424258343,-1,-0.04971,298.64014291763306,500,"[14.95417308807373, 14.342313766479492, 14.342313766479492, 14.342313766479492, 14.342313766479492]"
instance_866,13,24.06524,25.117486664764357,-1,-0.04189,340.92064666748047,500,"[25.11748695373535, 25.11748695373535, 25.11748695373535, 25.11748695373535, 25.11748695373535]"
instance_873,9,14.49343,15.021872498742697,-1,-0.03518,280.6241555213928,500,"[15.45019817352295, 15.021872520446777, 15.021872520446777, 15.021872520446777, 15.021872520446777]"
instance_874,10,14.76119,14.819666970383912,-1,-0.00395,288.1450984477997,500,"[15.094677925109863, 15.039400100708008, 14.97461223602295, 14.97461223602295, 14.819666862487793]"
instance_882,10,12.75109,13.009846916517553,-1,-0.01989,270.73662066459656,500,"[13.15123462677002, 13.15123462677002, 13.009846687316895, 13.009846687316895, 13.009846687316895]"
instance_885,9,12.28372,12.613683487162616,-1,-0.02616,260.4568119049072,500,"[12.955225944519043, 12.955225944519043, 12.955225944519043, 12.613683700561523, 12.613683700561523]"
instance_878,10,16.68237,16.88666205425943,-1,-0.0121,299.4364585876465,500,"[17.50261688232422, 17.381736755371094, 17.381736755371094, 17.188373565673828, 16.886661529541016]"
instance_888,9,13.37872,13.415889742591608,-1,-0.00277,260.2818384170532,500,"[13.499536514282227, 13.499536514282227, 13.415889739990234, 13.415889739990234, 13.415889739990234]"
instance_881,9,10.42718,10.940427266675496,-1,-0.04691,283.79994559288025,500,"[11.146163940429688, 11.106585502624512, 10.942635536193848, 10.942635536193848, 10.94042682647705]"
instance_913,10,11.61592,11.615919937467392,-1,0.0,101.68067598342896,284,"[11.636366844177246, 11.623281478881836]"
instance_887,10,16.51547,17.893668519577115,-1,-0.07702,268.07981610298157,500,"[17.89366912841797, 17.89366912841797, 17.89366912841797, 17.89366912841797, 17.89366912841797]"
instance_884,9,13.28717,13.606242554990406,-1,-0.02345,275.9257273674011,500,"[14.272313117980957, 14.272313117980957, 13.606242179870605, 13.606242179870605, 13.606242179870605]"
instance_889,9,10.87654,11.121786111668587,-1,-0.02205,259.57838559150696,500,"[11.646100997924805, 11.228224754333496, 11.121786117553711, 11.121786117553711, 11.121786117553711]"
instance_880,10,14.58571,15.344629875929112,-1,-0.04946,303.0200719833374,500,"[15.835311889648438, 15.733664512634277, 15.344630241394043, 15.344630241394043, 15.344630241394043]"
instance_891,10,16.37738,16.875601479012264,-1,-0.02952,251.89878106117249,500,"[17.474348068237305, 17.2851505279541, 16.921972274780273, 16.921972274780273, 16.875600814819336]"
instance_883,10,16.12683,16.489236060685414,-1,-0.02198,287.72965836524963,500,"[17.459604263305664, 17.264469146728516, 16.48923683166504, 16.48923683166504, 16.48923683166504]"
instance_872,10,16.21022,16.61492735025443,-1,-0.02436,332.63384079933167,500,"[17.45281982421875, 17.017623901367188, 16.614927291870117, 16.614927291870117, 16.614927291870117]"
instance_890,12,18.02399,18.358651797091067,-1,-0.01823,265.45489382743835,500,"[18.871395111083984, 18.358652114868164, 18.358652114868164, 18.358652114868164, 18.358652114868164]"
instance_892,9,13.21629,13.587671808482584,-1,-0.02733,259.404554605484,500,"[13.778363227844238, 13.587672233581543, 13.587672233581543, 13.587672233581543, 13.587672233581543]"
instance_886,9,12.46326,12.591928919060996,-1,-0.01022,291.42843198776245,500,"[12.591928482055664, 12.591928482055664, 12.591928482055664, 12.591928482055664, 12.591928482055664]"
instance_898,10,13.19176,13.525689166892887,-1,-0.02469,238.8821678161621,500,"[14.193156242370605, 13.525689125061035, 13.525689125061035, 13.525689125061035, 13.525689125061035]"
instance_895,9,11.72955,12.025853088972633,-1,-0.02464,246.1777060031891,500,"[12.188251495361328, 12.025853157043457, 12.025853157043457, 12.025853157043457, 12.025853157043457]"
instance_896,10,11.7236,12.041213383086003,-1,-0.02638,251.94083166122437,500,"[12.154541969299316, 12.041213035583496, 12.041213035583496, 12.041213035583496, 12.041213035583496]"
instance_897,10,15.21653,15.991557427576591,-1,-0.04846,250.42393374443054,500,"[16.118202209472656, 16.116308212280273, 16.116308212280273, 15.991557121276855, 15.991557121276855]"
instance_894,10,13.05993,13.365245058461431,-1,-0.02284,270.96572518348694,500,"[13.48422622680664, 13.36524486541748, 13.36524486541748, 13.36524486541748, 13.36524486541748]"
instance_899,11,18.59403,19.239329680968055,-1,-0.03354,251.42133569717407,500,"[19.466053009033203, 19.239330291748047, 19.239330291748047, 19.239330291748047, 19.239330291748047]"
instance_901,9,14.75945,15.535926020713102,-1,-0.04998,253.0630123615265,500,"[16.086565017700195, 15.982175827026367, 15.53592586517334, 15.53592586517334, 15.53592586517334]"
instance_902,9,11.32719,11.568679109811509,-1,-0.02087,257.33304381370544,500,"[11.826129913330078, 11.568678855895996, 11.568678855895996, 11.568678855895996, 11.568678855895996]"
instance_900,11,18.6017,19.468261541505846,-1,-0.04451,265.7796456813812,500,"[19.692974090576172, 19.46826171875, 19.46826171875, 19.46826171875, 19.46826171875]"
instance_893,8,10.6035,10.858835309068134,-1,-0.02351,309.2877550125122,500,"[10.931549072265625, 10.931549072265625, 10.931549072265625, 10.931549072265625, 10.858835220336914]"
instance_904,9,12.10228,12.526325512115962,-1,-0.03385,248.47270321846008,500,"[12.84799861907959, 12.710809707641602, 12.710809707641602, 12.710809707641602, 12.526325225830078]"
instance_905,9,13.55752,14.172361683767125,-1,-0.04338,261.3400104045868,500,"[14.227705955505371, 14.204440116882324, 14.187041282653809, 14.187041282653809, 14.172361373901367]"
instance_906,9,11.83077,12.256282560243369,-1,-0.03472,264.4321162700653,500,"[12.665210723876953, 12.300490379333496, 12.300490379333496, 12.300490379333496, 12.256282806396484]"
instance_908,10,15.80562,16.023992252791757,-1,-0.01363,273.0218241214752,500,"[16.758310317993164, 16.02399253845215, 16.02399253845215, 16.02399253845215, 16.02399253845215]"
instance_907,9,11.82926,12.255108492996722,-1,-0.03475,273.5494887828827,500,"[12.627714157104492, 12.255108833312988, 12.255108833312988, 12.255108833312988, 12.255108833312988]"
instance_910,9,15.85718,16.63864814748546,-1,-0.04697,262.4947097301483,500,"[17.38200569152832, 16.662822723388672, 16.662822723388672, 16.662822723388672, 16.638648986816406]"
instance_903,12,19.83677,20.620632700930074,-1,-0.03801,314.02696347236633,500,"[20.716400146484375, 20.716400146484375, 20.683706283569336, 20.62063217163086, 20.62063217163086]"
instance_909,10,17.4473,18.260374269869654,-1,-0.04453,289.5824110507965,500,"[18.51797103881836, 18.51797103881836, 18.51797103881836, 18.26199722290039, 18.260374069213867]"
instance_911,10,16.74309,17.23572102252601,-1,-0.02858,253.05488538742065,500,"[17.653493881225586, 17.440462112426758, 17.440462112426758, 17.235721588134766, 17.235721588134766]"
instance_914,9,11.27998,11.707517248979084,-1,-0.03652,249.39751887321472,500,"[12.188735961914062, 11.707517623901367, 11.707517623901367, 11.707517623901367, 11.707517623901367]"
instance_912,9,14.22678,14.823044049266132,-1,-0.04023,272.45974230766296,500,"[14.823043823242188, 14.823043823242188, 14.823043823242188, 14.823043823242188, 14.823043823242188]"
instance_915,10,17.3021,18.56556934209723,-1,-0.06805,265.55303597450256,500,"[18.759492874145508, 18.565568923950195, 18.565568923950195, 18.565568923950195, 18.565568923950195]"
instance_923,9,11.55683,12.120393942149253,-1,-0.0465,229.49298644065857,500,"[12.395934104919434, 12.190166473388672, 12.190166473388672, 12.120393753051758, 12.120393753051758]"
instance_916,10,15.99997,16.563460418121434,-1,-0.03402,275.9998080730438,500,"[16.716197967529297, 16.563461303710938, 16.563461303710938, 16.563461303710938, 16.563461303710938]"
instance_922,11,18.11416,18.635575080665742,-1,-0.02798,248.4144115447998,500,"[19.317138671875, 19.28824234008789, 19.28824234008789, 18.635574340820312, 18.635574340820312]"
instance_918,9,11.74553,12.246617777254285,-1,-0.04092,266.60156178474426,500,"[12.555821418762207, 12.291984558105469, 12.291984558105469, 12.260963439941406, 12.246617317199707]"
instance_919,11,19.75328,20.761859380739043,-1,-0.04858,259.39826560020447,500,"[21.093746185302734, 21.025474548339844, 21.025474548339844, 20.761859893798828, 20.761859893798828]"
instance_921,10,16.97196,17.393834846331934,-1,-0.02425,267.84360694885254,500,"[18.319501876831055, 17.393835067749023, 17.393835067749023, 17.393835067749023, 17.393835067749023]"
instance_917,9,13.6627,14.720569548347562,-1,-0.07186,285.581768989563,500,"[15.268290519714355, 15.268290519714355, 14.720569610595703, 14.720569610595703, 14.720569610595703]"
instance_920,10,13.76171,14.426347410152278,-1,-0.04607,291.6624958515167,500,"[14.88625717163086, 14.791422843933105, 14.426347732543945, 14.426347732543945, 14.426347732543945]"
instance_930,9,11.24153,11.409106484521631,-1,-0.01469,242.12924981117249,500,"[11.710623741149902, 11.454524040222168, 11.409106254577637, 11.409106254577637, 11.409106254577637]"
instance_929,10,13.1017,13.487011715790855,-1,-0.02857,248.5085461139679,500,"[13.622174263000488, 13.487011909484863, 13.487011909484863, 13.487011909484863, 13.487011909484863]"
instance_928,10,14.26102,14.857545912889648,-1,-0.04015,252.79865622520447,500,"[14.857545852661133, 14.857545852661133, 14.857545852661133, 14.857545852661133, 14.857545852661133]"
instance_934,9,11.11155,11.636363968151445,-1,-0.0451,238.859210729599,500,"[11.960125923156738, 11.960125923156738, 11.960125923156738, 11.960125923156738, 11.636363983154297]"
instance_925,11,18.64276,19.672652317420788,-1,-0.05235,279.6336534023285,500,"[20.126142501831055, 20.126142501831055, 19.91643714904785, 19.672653198242188, 19.672653198242188]"
instance_927,10,16.04037,16.305244145649848,-1,-0.01624,267.4855968952179,500,"[16.30524444580078, 16.30524444580078, 16.30524444580078, 16.30524444580078, 16.30524444580078]"
instance_936,11,16.80764,17.356244876412813,-1,-0.03161,251.18111276626587,500,"[17.356245040893555, 17.356245040893555, 17.356245040893555, 17.356245040893555, 17.356245040893555]"
instance_935,9,12.70561,13.062714872569707,-1,-0.02734,257.5576982498169,500,"[13.32335376739502, 13.09173583984375, 13.09173583984375, 13.09173583984375, 13.062714576721191]"
instance_933,9,12.48142,13.278645098631742,-1,-0.06004,262.75306963920593,500,"[13.278645515441895, 13.278645515441895, 13.278645515441895, 13.278645515441895, 13.278645515441895]"
instance_924,10,17.74309,18.761517889973756,-1,-0.05428,308.20139336586,500,"[19.11941146850586, 18.768157958984375, 18.761518478393555, 18.761518478393555, 18.761518478393555]"
instance_938,9,12.73664,13.209439676062766,-1,-0.03579,259.587210893631,500,"[13.468061447143555, 13.319709777832031, 13.209439277648926, 13.209439277648926, 13.209439277648926]"
instance_947,11,18.9646,19.392175978019935,-1,-0.02205,239.78565073013306,500,"[19.392175674438477, 19.392175674438477, 19.392175674438477, 19.392175674438477, 19.392175674438477]"
instance_932,9,12.41305,13.032977851820192,-1,-0.04757,278.1454236507416,500,"[13.61655044555664, 13.332254409790039, 13.197722434997559, 13.032978057861328, 13.032978057861328]"
instance_926,11,19.22814,19.534481269224106,-1,-0.01568,313.9958884716034,500,"[19.534481048583984, 19.534481048583984, 19.534481048583984, 19.534481048583984, 19.534481048583984]"
instance_931,9,14.11556,14.578399990384701,-1,-0.03175,285.000944852829,500,"[14.578399658203125, 14.578399658203125, 14.578399658203125, 14.578399658203125, 14.578399658203125]"
instance_942,10,15.24527,15.615558207454406,-1,-0.02371,264.2437331676483,500,"[15.877568244934082, 15.670103073120117, 15.670103073120117, 15.670103073120117, 15.615558624267578]"
instance_944,10,16.19565,16.706795604874937,-1,-0.0306,256.8463432788849,500,"[17.072309494018555, 17.072309494018555, 17.072309494018555, 17.072309494018555, 16.70679473876953]"
instance_950,10,17.15991,18.11801491499135,-1,-0.05288,237.57272267341614,500,"[18.460968017578125, 18.34976577758789, 18.309370040893555, 18.11801528930664, 18.11801528930664]"
instance_949,9,15.04368,16.158113030723392,-1,-0.06897,247.50008296966553,500,"[16.794677734375, 16.448698043823242, 16.159711837768555, 16.158113479614258, 16.158113479614258]"
instance_946,9,13.82367,14.188356749981933,-1,-0.0257,261.03634572029114,500,"[14.202841758728027, 14.202841758728027, 14.202841758728027, 14.188356399536133, 14.188356399536133]"
instance_945,9,11.86277,12.18799253993109,-1,-0.02668,271.7190194129944,500,"[12.646483421325684, 12.458808898925781, 12.458808898925781, 12.458808898925781, 12.187992095947266]"
instance_937,9,13.28014,13.654305989289785,-1,-0.0274,294.956298828125,500,"[13.654306411743164, 13.654306411743164, 13.654306411743164, 13.654306411743164, 13.654306411743164]"
instance_939,10,15.8959,16.128311365589273,-1,-0.01441,298.217529296875,500,"[16.702720642089844, 16.128311157226562, 16.128311157226562, 16.128311157226562, 16.128311157226562]"
instance_940,10,17.09003,17.513111728123082,-1,-0.02416,296.12483072280884,500,"[18.200639724731445, 18.06791877746582, 17.9720458984375, 17.513111114501953, 17.513111114501953]"
instance_943,9,13.60576,13.653165213316822,-1,-0.00347,292.7445504665375,500,"[13.653164863586426, 13.653164863586426, 13.653164863586426, 13.653164863586426, 13.653164863586426]"
instance_948,10,16.39645,17.02938791703675,-1,-0.03717,274.14520931243896,500,"[17.029388427734375, 17.029388427734375, 17.029388427734375, 17.029388427734375, 17.029388427734375]"
instance_952,9,12.137,12.79253856591289,-1,-0.05124,262.27889752388,500,"[13.111556053161621, 13.101177215576172, 13.055965423583984, 12.7925386428833, 12.7925386428833]"
instance_941,10,15.93906,16.6405885187136,-1,-0.04216,314.1892058849335,500,"[17.27688980102539, 16.886703491210938, 16.886703491210938, 16.685819625854492, 16.640588760375977]"
instance_951,8,11.65926,12.186868948464687,-1,-0.04329,290.5018560886383,500,"[12.28214168548584, 12.28214168548584, 12.28214168548584, 12.186868667602539, 12.186868667602539]"
instance_991,10,12.22601,12.169763599316822,-1,0.00462,66.86676931381226,178,[12.520415306091309]
instance_954,10,15.96702,16.483005419131555,-1,-0.0313,291.1896812915802,500,"[17.241849899291992, 17.241849899291992, 16.562225341796875, 16.48300552368164, 16.48300552368164]"
instance_953,11,17.15829,17.781567734976722,-1,-0.03505,298.1276614665985,500,"[18.40154457092285, 17.84760093688965, 17.78156852722168, 17.78156852722168, 17.78156852722168]"
instance_994,9,11.20076,11.200756965600975,-1,0.0,70.1066427230835,203,"[12.013821601867676, 11.245538711547852]"
instance_957,10,15.1805,15.545228437646784,-1,-0.02346,256.865008354187,500,"[15.545228004455566, 15.545228004455566, 15.545228004455566, 15.545228004455566, 15.545228004455566]"
instance_956,10,13.8268,13.969170118201188,-1,-0.01019,273.93536853790283,500,"[14.097134590148926, 14.097134590148926, 14.097134590148926, 13.969170570373535, 13.969170570373535]"
instance_959,9,12.59674,13.174882174175814,-1,-0.04388,266.20259523391724,500,"[13.7022066116333, 13.174881935119629, 13.174881935119629, 13.174881935119629, 13.174881935119629]"
instance_958,9,11.41964,12.051003770864327,-1,-0.05239,270.36282896995544,500,"[12.2233304977417, 12.215019226074219, 12.215019226074219, 12.051003456115723, 12.051003456115723]"
instance_962,10,13.73429,14.303571322046423,-1,-0.0398,247.8525266647339,500,"[15.106470108032227, 14.775675773620605, 14.62427806854248, 14.62427806854248, 14.303571701049805]"
instance_955,8,10.37242,10.644358919575,-1,-0.02555,296.41004252433777,500,"[10.737492561340332, 10.737492561340332, 10.652968406677246, 10.64435863494873, 10.64435863494873]"
instance_966,10,13.98657,14.52840509930611,-1,-0.03729,231.78843998908997,500,"[15.199163436889648, 15.137386322021484, 14.944080352783203, 14.944080352783203, 14.52840518951416]"
instance_968,10,12.67625,12.899162742322362,-1,-0.01728,232.8066954612732,500,"[13.016507148742676, 13.016507148742676, 12.899162292480469, 12.899162292480469, 12.899162292480469]"
instance_965,11,19.84023,21.013665278062415,-1,-0.05584,252.2436339855194,500,"[21.21978759765625, 21.05301856994629, 21.0136661529541, 21.0136661529541, 21.0136661529541]"
instance_961,9,12.07193,12.4513498602816,-1,-0.03047,286.18804574012756,500,"[12.851190567016602, 12.451350212097168, 12.451350212097168, 12.451350212097168, 12.451350212097168]"
instance_963,9,14.23497,14.381492645611937,-1,-0.01019,272.3013906478882,500,"[15.04587459564209, 14.6361722946167, 14.6361722946167, 14.381492614746094, 14.381492614746094]"
instance_960,9,13.32602,13.972312525978625,-1,-0.04626,297.29226541519165,500,"[14.183110237121582, 13.972312927246094, 13.972312927246094, 13.972312927246094, 13.972312927246094]"
instance_967,10,15.42086,15.86334224514599,-1,-0.02789,246.3003010749817,500,"[15.918264389038086, 15.918264389038086, 15.884248733520508, 15.86334228515625, 15.86334228515625]"
instance_972,8,11.49232,11.629906383601233,-1,-0.01183,233.65105724334717,500,"[11.660175323486328, 11.652140617370605, 11.652140617370605, 11.62990665435791, 11.62990665435791]"
instance_964,9,13.2722,13.73777036027408,-1,-0.03389,273.4883575439453,500,"[13.77295970916748, 13.737770080566406, 13.737770080566406, 13.737770080566406, 13.737770080566406]"
instance_970,11,16.0221,17.090749478518156,-1,-0.06253,255.0597107410431,500,"[17.373178482055664, 17.373178482055664, 17.090749740600586, 17.090749740600586, 17.090749740600586]"
instance_977,9,13.13512,13.528398237198328,-1,-0.02907,205.1510875225067,500,"[13.753122329711914, 13.727253913879395, 13.722021102905273, 13.722021102905273, 13.528398513793945]"
instance_971,10,14.29452,14.967815598636129,-1,-0.04498,245.05547881126404,500,"[15.918354988098145, 14.990341186523438, 14.967815399169922, 14.967815399169922, 14.967815399169922]"
instance_969,9,13.85348,15.046660785743148,-1,-0.0793,257.7653694152832,500,"[15.139415740966797, 15.139415740966797, 15.139415740966797, 15.046660423278809, 15.046660423278809]"
instance_978,9,13.89436,14.503285688657714,-1,-0.04199,210.69477677345276,500,"[14.680708885192871, 14.680708885192871, 14.680708885192871, 14.50328540802002, 14.50328540802002]"
instance_980,10,17.06822,17.79216649572171,-1,-0.04069,197.27992630004883,500,"[18.630624771118164, 17.792165756225586, 17.792165756225586, 17.792165756225586, 17.792165756225586]"
instance_973,13,24.67554,25.396069740616436,-1,-0.02837,231.57616925239563,500,"[25.39607048034668, 25.39607048034668, 25.39607048034668, 25.39607048034668, 25.39607048034668]"
instance_987,11,18.32019,18.97320305690264,-1,-0.03442,184.06650590896606,500,"[19.435108184814453, 19.25863265991211, 19.25863265991211, 19.25863265991211, 18.973203659057617]"
instance_976,9,12.04211,12.157274823395607,-1,-0.00947,223.17807531356812,500,"[12.157275199890137, 12.157275199890137, 12.157275199890137, 12.157275199890137, 12.157275199890137]"
instance_988,11,15.52341,16.0666994741499,-1,-0.03381,186.7271022796631,500,"[16.39029312133789, 16.39029312133789, 16.13566017150879, 16.13566017150879, 16.066699981689453]"
instance_975,9,15.09457,16.215296346606586,-1,-0.06912,228.83773970603943,500,"[16.552873611450195, 16.279266357421875, 16.279266357421875, 16.215295791625977, 16.215295791625977]"
instance_986,11,20.85949,21.879945426205666,-1,-0.04664,192.7876889705658,500,"[21.961008071899414, 21.961008071899414, 21.879945755004883, 21.879945755004883, 21.879945755004883]"
instance_983,9,12.0672,12.65943323198506,-1,-0.04678,203.94498085975647,500,"[12.856285095214844, 12.856285095214844, 12.659433364868164, 12.659433364868164, 12.659433364868164]"
instance_982,9,15.90823,16.24824555368751,-1,-0.02093,208.96081519126892,500,"[16.310396194458008, 16.248245239257812, 16.248245239257812, 16.248245239257812, 16.248245239257812]"
instance_981,9,13.73739,14.41706928662553,-1,-0.04714,212.98180842399597,500,"[14.48216438293457, 14.417069435119629, 14.417069435119629, 14.417069435119629, 14.417069435119629]"
instance_984,10,12.08109,12.165015733345651,-1,-0.0069,205.3531768321991,500,"[12.589406967163086, 12.232287406921387, 12.232287406921387, 12.232287406921387, 12.165016174316406]"
instance_989,9,13.38978,14.180805760223729,-1,-0.05578,196.55998730659485,500,"[14.28211498260498, 14.24848461151123, 14.24848461151123, 14.211471557617188, 14.180806159973145]"
instance_974,9,12.73903,13.043688324566338,-1,-0.02336,244.50154566764832,500,"[13.043688774108887, 13.043688774108887, 13.043688774108887, 13.043688774108887, 13.043688774108887]"
instance_990,10,16.28763,17.10892841543584,-1,-0.048,196.38320302963257,500,"[17.692058563232422, 17.19989013671875, 17.146221160888672, 17.146221160888672, 17.108928680419922]"
instance_979,9,12.86329,13.32592845201745,-1,-0.03472,238.26674628257751,500,"[14.131048202514648, 13.325928688049316, 13.325928688049316, 13.325928688049316, 13.325928688049316]"
instance_992,10,16.64279,17.50740424589975,-1,-0.04939,190.64384174346924,500,"[17.554214477539062, 17.554214477539062, 17.507404327392578, 17.507404327392578, 17.507404327392578]"
instance_985,11,16.98955,17.935946182445953,-1,-0.05277,211.68763208389282,500,"[18.52619743347168, 18.051685333251953, 18.051685333251953, 17.935945510864258, 17.935945510864258]"
instance_998,10,16.92805,18.220933885881784,-1,-0.07096,178.6463122367859,500,"[18.340778350830078, 18.340778350830078, 18.340778350830078, 18.22093391418457, 18.22093391418457]"
instance_999,9,12.87995,12.985473565885483,-1,-0.00813,175.707781791687,500,"[14.202484130859375, 13.026463508605957, 12.9854736328125, 12.9854736328125, 12.9854736328125]"
instance_997,9,13.93327,14.55402850685406,-1,-0.04265,176.9544186592102,500,"[14.897027015686035, 14.897027015686035, 14.554028511047363, 14.554028511047363, 14.554028511047363]"
instance_993,10,15.42451,16.101933726556542,-1,-0.04207,199.15309500694275,500,"[16.464468002319336, 16.272844314575195, 16.1019344329834, 16.1019344329834, 16.1019344329834]"
instance_996,8,11.29994,11.82188069734288,-1,-0.04415,187.61038208007812,500,"[11.872466087341309, 11.821880340576172, 11.821880340576172, 11.821880340576172, 11.821880340576172]"
instance_995,10,15.29046,16.2005017913433,-1,-0.05617,199.35772705078125,500,"[16.200502395629883, 16.200502395629883, 16.200502395629883, 16.200502395629883, 16.200502395629883]"
