name,bestNVehicles,bestCost,algBestCost,algNVehicles,gap,time,iter,history
instance_38,15,19.54814,20.30977,16,0.038961763114035416,168.69579672813416,1000,"[21.44063744213672, 20.948475331094237, 20.948430301193834, 20.89514207253181, 20.599483303171038, 20.58108270661781, 20.58108270661781, 20.565098492024013, 20.31608930419585, 20.309773665019105]"
instance_26,18,30.46383,32.03067,20,0.051432797517580654,169.156893491745,1000,"[35.553703892094134, 32.227086678735766, 32.22225309722442, 32.118399715111, 32.11767776030346, 32.030667455788496, 32.030667455788496, 32.030667455788496, 32.030667455788496, 32.030667455788496]"
instance_32,17,24.90323,26.39114,18,0.059747671286013875,169.5549020767212,1000,"[27.642299403447154, 27.25862873672988, 26.852883480568188, 26.52809444163823, 26.489732200809208, 26.489732200809208, 26.489732200809208, 26.430092491637, 26.391141820625048, 26.391141820625048]"
instance_21,17,24.53164,25.24003,18,0.028876585503456002,172.9962615966797,1000,"[27.444581511663685, 26.538725620883277, 26.303669656722697, 26.19230617840965, 26.19230617840965, 26.19230617840965, 26.19230617840965, 25.52306892200819, 25.471682317240884, 25.24002700572987]"
instance_0,16,22.1681,23.42506,17,0.056701296006423624,177.53585076332092,1000,"[25.30406076682402, 24.54540388800287, 24.440617886437586, 23.761692142954782, 23.61021298010686, 23.50412529979128, 23.4250560212231, 23.4250560212231, 23.4250560212231, 23.4250560212231]"
instance_12,15,17.00152,17.52872,16,0.03100899213717365,178.6691117286682,1000,"[18.897010167216877, 18.76443529523504, 18.543423123737796, 18.187865233142375, 18.187865233142375, 18.16733704309415, 18.16733704309415, 18.16733704309415, 18.117497793900768, 17.528717829268665]"
instance_30,17,26.38721,27.63,18,0.04709819643683434,179.12792253494263,1000,"[28.92863578321579, 28.417653151241293, 28.10666003121011, 28.07360428562725, 28.073604285627248, 28.073604285627248, 27.679925154150382, 27.65170383390499, 27.65170383390499, 27.630000667037315]"
instance_3,16,22.49814,23.2931,17,0.03533447653894943,180.1399052143097,1000,"[24.87437357642974, 24.36380794423599, 23.92984137166569, 23.868192077101348, 23.868192077101348, 23.347364238437134, 23.347364238437134, 23.293104486526914, 23.293104486526914, 23.293104486526914]"
instance_11,16,21.75623,22.77229,17,0.046702025121080404,180.2546992301941,1000,"[24.033354514261234, 23.074624647509523, 22.866397809431692, 22.827238529999654, 22.82281536382543, 22.772290723914786, 22.772290723914786, 22.772290723914786, 22.772290723914786, 22.772290723914786]"
instance_36,15,18.98782,19.55079,16,0.029649006573687763,180.1700999736786,1000,"[20.01780558584267, 19.728386728416666, 19.5507861825571, 19.5507861825571, 19.5507861825571, 19.5507861825571, 19.5507861825571, 19.5507861825571, 19.5507861825571, 19.5507861825571]"
instance_27,15,20.3211,21.43115,16,0.05462548779347562,180.91423892974854,1000,"[22.139008379446828, 21.827544008393676, 21.745939391125354, 21.60824149853804, 21.578000281988032, 21.528393404593167, 21.528393404593167, 21.528393404593167, 21.528393404593167, 21.4311486955296]"
instance_16,16,22.80108,23.93881,18,0.049898075003464805,181.1138699054718,1000,"[25.787181910430967, 25.404894378721025, 24.440734429632933, 24.3652200057565, 24.154679754146393, 24.031091419792382, 23.973964383918148, 23.938808463905794, 23.938808463905794, 23.93880846390579]"
instance_42,18,27.37565,28.32626,18,0.0347246549397001,181.2669801712036,1000,"[29.643948792215035, 29.460903344418476, 29.438958622358296, 29.438958622358296, 29.438958622358296, 28.844218519501307, 28.36057625401874, 28.355334557256043, 28.35533455725604, 28.326261650716134]"
instance_2,17,25.74337,26.6763,18,0.03623962208522049,181.56093525886536,1000,"[27.877478988584496, 27.060631647262696, 27.01975579499158, 26.810206276813147, 26.759449923425326, 26.759449923425326, 26.753625892884603, 26.67956221723808, 26.67956221723808, 26.67629964076377]"
instance_35,16,25.32825,26.78646,18,0.057572473423943664,181.99541425704956,1000,"[28.280129046929346, 27.08168745621014, 26.985418552160723, 26.985418552160723, 26.92457047838592, 26.805874430181998, 26.805874430181998, 26.78645632343933, 26.78645632343933, 26.78645632343933]"
instance_18,19,33.40761,34.40918,20,0.029980294908854628,183.08887028694153,1000,"[36.38326862190063, 35.46312896138318, 34.94103759489757, 34.926494017162135, 34.65620155598036, 34.65620155598036, 34.636686902010105, 34.42182535942388, 34.42182535942388, 34.40917687686055]"
instance_5,17,23.63851,25.411,18,0.07498315249142189,184.729430437088,1000,"[26.191410010725427, 25.963028639600694, 25.870605479520716, 25.812454514533872, 25.431316413403493, 25.431316413403493, 25.410995193638946, 25.410995193638946, 25.410995193638946, 25.410995193638946]"
instance_20,18,29.43177,31.54485,19,0.07179588587434599,185.44067001342773,1000,"[32.93195777140836, 32.478115431408824, 32.16467154648067, 32.02963325886253, 32.00546848740665, 31.546439072657208, 31.544853536471713, 31.544853536471713, 31.544853536471713, 31.544853536471713]"
instance_10,16,23.80383,25.50207,17,0.07134314099873837,186.56258606910706,1000,"[27.49257540572816, 26.440821116286564, 26.13110430925417, 26.111390651025506, 25.52095102362771, 25.52095102362771, 25.52095102362771, 25.502070342899593, 25.502070342899593, 25.502070342899593]"
instance_44,17,24.43582,25.52335,18,0.044505566009243845,186.20825171470642,1000,"[26.761532711430167, 26.075761879128756, 25.834441670200636, 25.834441670200636, 25.823147928459047, 25.687403930428975, 25.523353279182153, 25.523353279182153, 25.523353279182153, 25.523353279182153]"
instance_45,15,18.77112,19.64432,16,0.04651826848904064,186.88650608062744,1000,"[20.934852123070005, 20.21448356669148, 19.800378269465593, 19.644315016817483, 19.64431501681748, 19.64431501681748, 19.64431501681748, 19.64431501681748, 19.64431501681748, 19.64431501681748]"
instance_39,17,26.45395,27.33588,18,0.033338310535855724,187.10059189796448,1000,"[28.599670350407074, 28.315757236635108, 28.141637882670835, 27.796548096753902, 27.69974982484083, 27.68167056712071, 27.64491006434303, 27.64491006434303, 27.335875098324756, 27.335875098324756]"
instance_4,17,26.7671,27.45753,18,0.02579397842874272,187.4016661643982,1000,"[29.656272947101172, 28.122152776613802, 27.551515454438057, 27.48798169529608, 27.47421738188041, 27.474215876021262, 27.474215876021262, 27.474215876021262, 27.457533164059022, 27.45753316405902]"
instance_8,15,17.91809,18.43897,16,0.029070062713157586,187.52527332305908,1000,"[18.753552730135002, 18.656684435389256, 18.623592618770832, 18.605971706205782, 18.482692321065525, 18.467471731732967, 18.438967075990973, 18.438967075990973, 18.438967075990973, 18.438967075990973]"
instance_46,16,24.62859,26.79343,18,0.08789946968137444,188.36764788627625,1000,"[27.51200999851948, 27.417217271770852, 26.856715615166294, 26.853445081636508, 26.853445081636508, 26.853445081636508, 26.853445081636508, 26.853445081636508, 26.853445081636508, 26.793433859395446]"
instance_28,15,20.92878,21.92195,16,0.047454748915130227,188.45745086669922,1000,"[23.30246511880135, 22.64969462856774, 22.64969462856774, 22.499487639447224, 22.00847468704628, 22.004887704645217, 22.004887704645217, 21.92603671558325, 21.92603671558325, 21.92194892925438]"
instance_48,15,19.02987,19.61948,16,0.03098339610307377,188.7951147556305,1000,"[21.098496982193243, 19.697287459223094, 19.685216803407414, 19.623786603960884, 19.623786603960884, 19.623786603960884, 19.623786603960884, 19.623786603960884, 19.623786603960884, 19.61947591773384]"
instance_15,18,27.98808,29.43508,19,0.05170058110452733,188.87625908851624,1000,"[31.133760348985223, 29.627376502268408, 29.627376502268405, 29.53681948403526, 29.45191536095173, 29.43507642677185, 29.43507642677185, 29.43507642677185, 29.43507642677185, 29.43507642677185]"
instance_33,15,18.51048,19.36126,16,0.0459620712158734,188.86365509033203,1000,"[21.018950283921942, 19.69378310976954, 19.681310310986305, 19.681310310986305, 19.49626654795814, 19.433113716977385, 19.39188661637759, 19.381469202002613, 19.361255139906085, 19.36125513990608]"
instance_43,17,22.98101,23.92745,17,0.04118356852026952,188.99642252922058,1000,"[25.279132371895752, 24.36992861190006, 24.03608689721111, 23.935042720196343, 23.927446851212203, 23.927446851212203, 23.927446851212203, 23.927446851212203, 23.927446851212203, 23.927446851212203]"
instance_7,20,35.32564,36.38434,21,0.02996973303243768,189.04814100265503,1000,"[38.34319330730585, 38.09768503029799, 37.00322030469672, 36.494865709929265, 36.43429437139169, 36.417633619972925, 36.41346218063174, 36.384339662837185, 36.384339662837185, 36.384339662837185]"
instance_6,14,17.95582,18.69296,16,0.041052984491936326,189.17811155319214,1000,"[19.018647164542752, 18.847207070717594, 18.847207070717594, 18.847207070717594, 18.790610733171583, 18.747568347443377, 18.747568347443377, 18.725217908062113, 18.69295983001994, 18.69295983001994]"
instance_41,19,30.38996,31.59305,20,0.039588403538537174,189.28857898712158,1000,"[32.88148376170324, 32.52324950272243, 31.794346343222898, 31.790052101490307, 31.774890738059696, 31.774890738059696, 31.774890738059696, 31.774890738059696, 31.774890738059696, 31.593049690578177]"
instance_9,19,33.70843,35.21977,20,0.044835668703644666,189.38886046409607,1000,"[36.475652215013895, 35.42433136035103, 35.23548188126036, 35.23548188126036, 35.23548188126036, 35.23548188126036, 35.23548188126036, 35.23548188126036, 35.23548188126036, 35.21977395972509]"
instance_34,15,18.53569,19.12942,16,0.03203171826891801,190.13489079475403,1000,"[20.125333156605645, 19.207041480005703, 19.18365363253134, 19.18365363253134, 19.18365363253134, 19.18365363253134, 19.18365363253134, 19.18365363253134, 19.18365363253134, 19.12942417591342]"
instance_1,17,26.77339,28.69103,19,0.0716248484035829,190.1770806312561,1000,"[30.49575720072441, 28.877456764013935, 28.691738314001785, 28.691738314001785, 28.691738314001785, 28.691028070156733, 28.691028070156733, 28.691028070156733, 28.691028070156733, 28.691028070156733]"
instance_25,18,27.06374,27.89988,18,0.030895212561161182,190.84506058692932,1000,"[31.005932823244894, 28.442145344488445, 28.44214534448844, 28.345778870183015, 28.34577887018301, 28.34577887018301, 28.286103737870842, 28.251704211818794, 28.251704211818794, 27.899879674153347]"
instance_14,16,21.17155,21.99592,17,0.03893763092451907,191.14929914474487,1000,"[22.92419339271314, 22.818684296599717, 22.07853346995271, 22.07853346995271, 22.00612752995638, 21.995924966070607, 21.995924966070607, 21.995924966070607, 21.995924966070607, 21.995924966070607]"
instance_37,15,17.63822,18.80042,16,0.06589100260683893,191.44547176361084,1000,"[20.405272923569576, 19.51344609733543, 19.352328024732447, 19.30489488028253, 19.061910143060373, 19.009259561464745, 18.879662410557877, 18.80041583579709, 18.80041583579709, 18.80041583579709]"
instance_22,15,20.3346,21.30873,17,0.04790504853796005,191.5315728187561,1000,"[22.062911661832352, 22.062911661832352, 21.878352254209013, 21.69522258805686, 21.66040509016138, 21.66040509016138, 21.66040509016138, 21.60290566894395, 21.596515455181617, 21.30873329631188]"
instance_31,15,20.26326,21.46267,17,0.05919136407468494,192.47219967842102,1000,"[22.077145748863302, 21.996586881166305, 21.996586881166305, 21.938424638502468, 21.917264679382697, 21.622970660375323, 21.622970660375323, 21.462672388971068, 21.462672388971065, 21.462672388971065]"
instance_17,18,25.8345,27.18472,18,0.0522642203255337,193.1479594707489,1000,"[27.43814398871482, 27.253261083120663, 27.253261083120663, 27.242555608337856, 27.242555608337856, 27.22040265133265, 27.22040265133265, 27.22040265133264, 27.22040265133264, 27.1847227246685]"
instance_24,17,24.98258,26.69198,17,0.06842367761856472,193.210369348526,1000,"[28.653004266679567, 27.358714140083386, 27.0339148887028, 26.88556409467158, 26.704619407928842, 26.704619407928842, 26.691980155187743, 26.691980155187743, 26.691980155187743, 26.691980155187743]"
instance_13,15,19.13519,20.75292,18,0.08454214460373782,193.50383305549622,1000,"[21.38999710215657, 20.92957443545466, 20.929574435454658, 20.767933841998328, 20.767933841998328, 20.767933841998328, 20.767838751573425, 20.767838751573425, 20.767838751573425, 20.75291829614538]"
instance_23,17,28.95046,30.19117,19,0.04285631385477122,193.52470016479492,1000,"[32.07936046212482, 31.197169543491786, 30.963737612552023, 30.811343589755953, 30.811343589755953, 30.457327676413854, 30.236154186601713, 30.191172977700983, 30.191172977700983, 30.191172977700983]"
instance_49,16,20.03096,21.03589,17,0.05016883863778861,193.99797344207764,1000,"[22.00327790269613, 21.392264030247137, 21.392264030247137, 21.293743781538648, 21.03589099002472, 21.03589099002472, 21.03589099002472, 21.03589099002472, 21.03589099002472, 21.03589099002472]"
instance_29,17,25.14416,26.04459,18,0.03581070117275741,194.43624234199524,1000,"[27.47553998049228, 27.32645765511151, 26.044587977299233, 26.044587977299233, 26.044587977299233, 26.044587977299233, 26.044587977299233, 26.044587977299233, 26.044587977299233, 26.044587977299233]"
instance_19,17,24.73688,26.04117,18,0.0527265362487105,195.67630743980408,1000,"[27.208859072045488, 26.912457281024093, 26.133397193429786, 26.074526838898755, 26.04116822667441, 26.04116822667441, 26.04116822667441, 26.04116822667441, 26.04116822667441, 26.04116822667441]"
instance_47,15,20.24177,21.79752,16,0.07685839726466608,196.8055396080017,1000,"[22.73665887506021, 22.69065491592045, 22.371663691079313, 22.363121792796264, 22.363121792796264, 22.334807430908803, 21.79752260120448, 21.79752260120448, 21.79752260120448, 21.79752260120448]"
instance_40,17,25.20708,26.13513,17,0.03681703711814295,198.74485731124878,1000,"[27.852821768400265, 27.165725868408078, 27.161917211913657, 26.59818417273378, 26.135125841079518, 26.135125841079518, 26.135125841079518, 26.135125841079518, 26.135125841079514, 26.135125841079514]"
instance_50,17,25.67653,26.44241,18,0.02982801803826293,169.32957696914673,1000,"[29.710612044982945, 27.77076120165565, 27.75361440515745, 27.7171413195435, 27.66708711648962, 27.66491459764244, 27.02731911536122, 26.769933555165643, 26.442414299453922, 26.442414299453922]"
instance_62,17,25.69675,27.0325,18,0.05198128167958972,161.43908262252808,1000,"[30.556918045229306, 28.506722722551146, 28.023743226418482, 27.85982348681169, 27.752158957002337, 27.697652238672624, 27.302034590558105, 27.048617878195206, 27.032504099308305, 27.032504099308305]"
instance_52,19,32.99761,34.13915,19,0.03459462670175201,181.757639169693,1000,"[36.81625570508559, 35.050933259981996, 34.98335164341658, 34.715045841908804, 34.48305794076413, 34.48305794076413, 34.48305794076413, 34.36509470802619, 34.14208655187397, 34.13915169289606]"
instance_51,16,21.64869,22.52501,18,0.04047912367907727,182.64452457427979,1000,"[25.152837228948183, 23.05706536448411, 23.046332788601227, 23.046332788601227, 22.668892942818694, 22.525005709779002, 22.525005709779, 22.525005709779, 22.525005709779, 22.525005709779]"
instance_53,17,27.85014,28.97149,18,0.040263711421199305,184.71644735336304,1000,"[30.661257179799133, 29.60044368542492, 29.17890970021859, 29.056192367328713, 29.056192367328713, 29.056192367328713, 28.971492640920466, 28.971492640920466, 28.971492640920466, 28.971492640920466]"
instance_83,15,17.68354,18.45863,15,0.04383115597894984,168.18705248832703,1000,"[19.488472860723068, 19.184808379840412, 19.12983446249985, 19.07687609199491, 19.074976233461275, 18.95536048873132, 18.580524993688808, 18.580524993688808, 18.458625338117372, 18.458625338117372]"
instance_54,16,18.38114,18.63526,16,0.013825040231454653,181.1369984149933,1000,"[19.455199724662002, 19.26218963716998, 18.921163513754735, 18.655981143157536, 18.655981143157536, 18.655981143157536, 18.655981143157533, 18.655981143157533, 18.635915865051942, 18.63526096906166]"
instance_69,21,39.17095,40.21069,22,0.026543650332708345,172.90496110916138,1000,"[43.31035186897429, 41.45407005243134, 40.79073687248061, 40.38729463216313, 40.33135529820484, 40.32475042148876, 40.23697714208557, 40.23697714208557, 40.23697714208557, 40.21068900876148]"
instance_68,18,29.92668,32.13451,20,0.07377463854994933,174.6020405292511,1000,"[33.77067330189144, 32.73076311706133, 32.56194888084441, 32.473835351892895, 32.136652275254654, 32.136652275254654, 32.136652275254654, 32.136652275254654, 32.1345124610561, 32.1345124610561]"
instance_57,20,36.59534,37.90599,21,0.035814669299424534,182.56849908828735,1000,"[39.11367367705152, 39.081391739338535, 38.96369722513728, 37.94299614818401, 37.94299614818401, 37.94299614818401, 37.94299614818401, 37.94299614818401, 37.94299614818401, 37.905986431544875]"
instance_81,15,20.35729,21.60164,17,0.06112552309271032,174.49519205093384,1000,"[22.19310104892619, 21.977295444005794, 21.94666148331437, 21.737938413926816, 21.737938413926816, 21.693669112278002, 21.693669112278002, 21.601637037489986, 21.601637037489986, 21.601637037489986]"
instance_55,18,30.68463,31.53464,19,0.027701490941882012,186.125168800354,1000,"[34.869936612388464, 32.25509463908656, 31.65639933810358, 31.630615122435767, 31.567632762879395, 31.542584084172795, 31.542584084172795, 31.534635002747674, 31.53463500274767, 31.53463500274767]"
instance_59,18,27.57528,28.51274,18,0.033996390970463454,185.2999186515808,1000,"[30.613751640981576, 29.64417481182541, 29.607613118457447, 28.878676217719335, 28.878676217719335, 28.619496157032685, 28.619496157032685, 28.619496157032685, 28.51273754178955, 28.51273754178955]"
instance_88,20,32.41933,33.69577,21,0.0393728062856327,175.69653129577637,1000,"[35.690628897994195, 35.24250652427746, 34.91186940611592, 34.67223311136049, 33.8272472693091, 33.695773458501705, 33.695773458501705, 33.695773458501705, 33.695773458501705, 33.695773458501705]"
instance_56,17,24.26795,25.21345,18,0.038960851658257196,188.065190076828,1000,"[27.35138733014928, 27.039204875933788, 26.6105905914633, 26.32612260121043, 25.66986910714915, 25.266097196933174, 25.25539113479415, 25.25539113479415, 25.213448801058455, 25.213448801058455]"
instance_64,19,31.27457,32.50553,20,0.03935977377146991,185.32689714431763,1000,"[35.31091217555958, 33.650868144498034, 33.27988062658234, 33.154928244010684, 33.05593666421306, 33.05593666421306, 33.04445293946587, 33.04445293946587, 32.50553492648719, 32.50553492648719]"
instance_66,14,18.58767,19.85548,16,0.0682070426255685,183.24523520469666,1000,"[22.33386630311211, 19.974821166300185, 19.902328742299634, 19.902328742299634, 19.902328742299634, 19.902328742299634, 19.902328742299634, 19.902328742299634, 19.855477522956885, 19.855477522956885]"
instance_63,18,26.53901,28.09164,18,0.05850368947447552,187.04539155960083,1000,"[30.37302075105355, 29.09196972003567, 28.68924999894384, 28.68924999894384, 28.68924999894384, 28.172158025275277, 28.15399115273681, 28.15245431642509, 28.15245431642509, 28.091641439578087]"
instance_65,20,35.59331,37.10262,21,0.04240431699103003,186.2348916530609,1000,"[39.077016300086115, 38.56277439290972, 38.129118623440085, 38.09774282635722, 37.204770003972975, 37.204770003972975, 37.1779428985167, 37.107655775765174, 37.10262085763315, 37.10262085763314]"
instance_61,16,23.6822,24.56704,17,0.037363082821697174,188.6646122932434,1000,"[25.742929483758534, 24.63242937007223, 24.567044209107813, 24.567044209107813, 24.567044209107813, 24.567044209107813, 24.567044209107813, 24.567044209107813, 24.567044209107813, 24.567044209107813]"
instance_82,18,30.40178,32.15657,20,0.057719975606691565,181.5876977443695,1000,"[33.80898351427262, 32.26791785036652, 32.161055760411365, 32.15656668356356, 32.15656668356356, 32.15656668356356, 32.15656668356356, 32.15656668356356, 32.15656668356356, 32.15656668356356]"
instance_74,15,18.26443,18.74522,16,0.02632384366771911,183.08405542373657,1000,"[19.859011161526603, 19.05556945068049, 18.870291561416575, 18.870291561416575, 18.870291561416575, 18.870291561416575, 18.870291561416575, 18.79527491863947, 18.74522424478315, 18.74522424478315]"
instance_80,15,19.09462,19.71946,16,0.032723353489098106,182.76887035369873,1000,"[20.545057588965395, 20.501309232099757, 20.501309232099757, 20.501309232099757, 20.479640811713566, 20.26973395683204, 20.242715789088454, 19.729090736754223, 19.729090736754223, 19.719461657438192]"
instance_72,17,25.21761,26.4221,18,0.047763844392866725,185.06485533714294,1000,"[28.45261628613444, 27.0987924860392, 27.0987924860392, 26.772017411870817, 26.60725621740851, 26.422098746777618, 26.422098746777618, 26.422098746777618, 26.422098746777618, 26.422098746777618]"
instance_71,16,20.41985,21.5416,17,0.054934291877756135,186.329332113266,1000,"[23.06417940893294, 22.117792461091007, 22.10894002694148, 21.845021710683945, 21.845021710683937, 21.722047417061567, 21.676293724450943, 21.562353508507492, 21.541600452919578, 21.541600452919578]"
instance_58,17,25.43618,26.64027,18,0.04733768985751794,193.51638746261597,1000,"[28.303497689162626, 27.331342706336788, 27.197394250112694, 26.83615316318518, 26.803266402539492, 26.775476353238787, 26.66128961165621, 26.64027015761165, 26.640270157611646, 26.640270157611646]"
instance_92,17,26.87779,28.02415,18,0.042650828062872646,181.32698822021484,1000,"[30.84945266808987, 29.631338388737323, 29.49024324186069, 28.45135363217508, 28.153418974033126, 28.024147874188923, 28.024147874188923, 28.024147874188923, 28.024147874188923, 28.024147874188923]"
instance_78,16,22.07677,23.49989,17,0.06446232850185969,185.65895652770996,1000,"[25.052457992330346, 24.128902085153754, 23.573762498093934, 23.541615188073962, 23.499887636037425, 23.499887636037425, 23.499887636037425, 23.49988763603742, 23.49988763603742, 23.49988763603742]"
instance_60,15,20.33839,21.34312,17,0.04940066544106975,194.5197639465332,1000,"[22.12313199610948, 21.43490447480767, 21.42937717396995, 21.42937717396995, 21.42937717396995, 21.42937717396995, 21.422636018297624, 21.343119224903464, 21.343119224903464, 21.343119224903464]"
instance_87,21,40.36415,40.858,22,0.012234866831086367,185.7565622329712,1000,"[41.81068490462909, 41.432477398281264, 41.432477398281264, 41.432477398281264, 41.26458117999917, 40.9624365077936, 40.9624365077936, 40.9624365077936, 40.857996370465685, 40.857996370465685]"
instance_67,14,17.84598,18.63532,15,0.04423068948861308,192.2025852203369,1000,"[20.49821388070002, 18.888169726041742, 18.741158509043004, 18.738791598607254, 18.731376458739238, 18.731376458739238, 18.731376458739238, 18.642733404620532, 18.642733404620532, 18.635318264752517]"
instance_85,14,17.0108,17.47557,15,0.02732205422437519,187.99067497253418,1000,"[18.68561926501497, 18.26732880783271, 17.584770342826143, 17.54238477138659, 17.54238477138659, 17.54238477138659, 17.54238477138659, 17.54238477138659, 17.475568738068244, 17.475568738068244]"
instance_75,17,24.53951,26.19943,18,0.06764275244289718,190.16829800605774,1000,"[26.495123689833683, 26.434674225674595, 26.247536664652557, 26.236105769491914, 26.236105769491914, 26.236105769491914, 26.236105769491914, 26.236105769491914, 26.236105769491914, 26.199433862127968]"
instance_79,20,35.18933,36.25844,20,0.03038165262026876,189.64675426483154,1000,"[37.706532717403796, 37.09899844916047, 37.09899844916047, 36.93481503764264, 36.799342141526985, 36.6811912032615, 36.61283024452922, 36.28204474970251, 36.2755989811083, 36.258442856974476]"
instance_99,16,21.64693,22.58202,17,0.04319734946248724,181.20686030387878,1000,"[24.212599485458988, 23.689518367793124, 22.638074268900457, 22.63625762248497, 22.63625762248497, 22.61981808970914, 22.61981808970914, 22.61981808970914, 22.61862788708388, 22.582016932234797]"
instance_77,15,18.93331,19.36548,16,0.022825908412211222,191.77935552597046,1000,"[20.75570415587214, 20.1300088338641, 19.660833444255417, 19.660833444255417, 19.660833444255417, 19.660833444255417, 19.660833444255417, 19.58339430615079, 19.400616218099927, 19.365477984335087]"
instance_76,19,32.1204,34.08176,20,0.06106275139786573,192.1636257171631,1000,"[35.788308136795116, 34.85090456852373, 34.423350193556445, 34.335942186517514, 34.32265065649737, 34.08175905032272, 34.08175905032272, 34.08175905032272, 34.08175905032272, 34.08175905032272]"
instance_73,16,19.47569,20.19092,16,0.036724244429850665,193.1565065383911,1000,"[21.502072309531023, 21.121819557506424, 20.75097691616381, 20.48595198683889, 20.431394489703226, 20.369242129510713, 20.35968299219447, 20.337384715977997, 20.190924079534305, 20.190924079534305]"
instance_96,16,21.47058,22.93302,17,0.06811366996140752,186.55290722846985,1000,"[24.156746008065543, 24.11628446447549, 24.06391586170617, 23.10771343595769, 23.064049033657337, 22.96424905228806, 22.933015751418374, 22.933015751418374, 22.933015751418374, 22.933015751418374]"
instance_94,17,27.1528,28.0255,18,0.032140331752158226,187.8538932800293,1000,"[29.870462806496192, 28.661315439856963, 28.59946843946141, 28.315890883479906, 28.100581033150327, 28.075297414354964, 28.075297414354964, 28.075297414354964, 28.061953385828733, 28.02549787892827]"
instance_86,17,25.36428,25.51694,17,0.006018700313984899,190.90930318832397,1000,"[27.950824155899443, 27.055089508931854, 26.960739727052708, 26.69052372297284, 26.675338734713748, 26.021977628783453, 25.516944306015027, 25.516944306015027, 25.516944306015027, 25.516944306015027]"
instance_70,15,19.05451,19.74914,17,0.03645488653342437,194.84373688697815,1000,"[21.795031526876897, 20.740061098805032, 20.48619796564381, 20.27327792787664, 20.170669490811758, 20.019391380092173, 19.749385018005057, 19.749385018005057, 19.74913923948893, 19.74913923948893]"
instance_90,17,27.94097,29.18047,18,0.04436138043883228,189.3709979057312,1000,"[30.782502760683883, 29.285490485194668, 29.204709929258147, 29.204709929258147, 29.204709929258147, 29.204709929258147, 29.204709929258147, 29.204709929258147, 29.204709929258147, 29.180467420441587]"
instance_84,15,21.36745,22.13096,17,0.03573238734617374,194.33129262924194,1000,"[24.49315755188771, 23.093488536376857, 22.952627145673002, 22.73002111592392, 22.130960267314133, 22.130960267314133, 22.13096026731413, 22.13096026731413, 22.13096026731413, 22.13096026731413]"
instance_89,17,23.47414,24.48017,17,0.04285694811396723,193.89145302772522,1000,"[25.59002179084098, 25.254607654935995, 24.977374519504984, 24.977374519504984, 24.95061638813796, 24.945965016679885, 24.945965016679885, 24.8214235144618, 24.480169960345467, 24.480169960345467]"
instance_95,19,30.35881,31.59862,20,0.04083855724252703,193.88591313362122,1000,"[33.28972279367694, 31.68564900202092, 31.615372118811468, 31.615372118811468, 31.615372118811468, 31.615372118811468, 31.615372118811468, 31.615372118811468, 31.598621174489107, 31.598621174489107]"
instance_97,15,18.3585,18.94728,17,0.032071247650951866,192.58425784111023,1000,"[20.240831358834924, 19.14271127590503, 19.13540013813656, 19.13540013813656, 19.1161981347653, 19.023495624909266, 18.995862292097804, 18.947275537963662, 18.947275537963662, 18.947275537963662]"
instance_93,17,25.74319,26.59655,19,0.03314896094850724,194.8255581855774,1000,"[27.992956948094577, 27.530794472967216, 27.530794472967216, 27.530794472967216, 27.281203199896847, 27.238648859551947, 27.238648859551947, 26.83276894536793, 26.59654577674485, 26.59654577674485]"
instance_98,17,27.36138,29.26443,18,0.06955241292654099,192.93853187561035,1000,"[30.94303076436966, 30.258533718635064, 29.78333377851872, 29.733694338056896, 29.684145213320583, 29.63841153136096, 29.60164093949879, 29.26442507979807, 29.26442507979807, 29.26442507979807]"
instance_91,15,17.96905,19.13343,17,0.06479919639602547,196.76469564437866,1000,"[19.367644969718647, 19.236706015661852, 19.236706015661852, 19.236706015661852, 19.2291246566073, 19.190837837002878, 19.18116098326349, 19.18113026467704, 19.133433069904132, 19.133433069904132]"
instance_101,16,21.36603,22.46099,17,0.05124770488481016,190.02552270889282,1000,"[23.374386301892258, 22.817153886591573, 22.79991557785235, 22.786860170934006, 22.786860170934006, 22.666319138687534, 22.55524470277987, 22.47633777534512, 22.460988404010934, 22.460988404010934]"
instance_111,15,19.64294,20.55467,17,0.046415149667005155,168.94105672836304,1000,"[20.81999026177065, 20.71599283873931, 20.71265649687509, 20.569755870086983, 20.569755870086983, 20.569755870086983, 20.569755870086983, 20.559050960979377, 20.554674729842226, 20.554674729842226]"
instance_100,17,25.07213,26.41763,18,0.05366516526517682,196.88415098190308,1000,"[27.46032020666409, 27.055562845030604, 27.055562845030604, 26.96629857735191, 26.94399273191527, 26.94399273191527, 26.911456169745843, 26.82719777073127, 26.41762924609534, 26.41762924609534]"
instance_103,15,18.68356,19.5587,16,0.046840109700720944,185.71142292022705,1000,"[20.793617056804752, 20.0743571376638, 20.0743571376638, 20.0743571376638, 19.57190790431628, 19.565196333263586, 19.565196333263586, 19.565196333263586, 19.565196333263586, 19.558696373668166]"
instance_105,16,24.01874,26.1998,18,0.09080659518359409,180.32581233978271,1000,"[27.01717988515508, 26.250298192847414, 26.250240509016866, 26.242469677541866, 26.20820974668201, 26.20820974668201, 26.208209746682, 26.208209746682, 26.208209746682, 26.199799167977666]"
instance_142,17,23.4249,24.24125,18,0.03484966851512706,157.27421689033508,1000,"[25.73736618979257, 24.469428483205366, 24.4361932412095, 24.253450398447118, 24.241252398917347, 24.241252398917343, 24.241252398917343, 24.24125239891734, 24.24125239891734, 24.24125239891734]"
instance_104,14,17.79236,18.90603,16,0.06259259592319415,183.40729093551636,1000,"[19.554304041555202, 19.356948226892037, 19.356948226892037, 19.356948226892037, 19.235892842496, 19.173870349795273, 19.05784458307617, 18.97196566982576, 18.97196566982576, 18.906034303638133]"
instance_122,15,21.92553,23.06029,17,0.0517551913226271,169.33195686340332,1000,"[24.652524099192295, 23.647905137676926, 23.232552758552583, 23.232552758552583, 23.232552758552583, 23.080861148648836, 23.060294449832767, 23.060294449832767, 23.060294449832767, 23.060294449832767]"
instance_114,14,15.99406,16.56155,15,0.03548129743167158,174.05765438079834,1000,"[18.19783059811905, 17.29695812875809, 16.761612752214234, 16.74090060876634, 16.66970758755796, 16.561545031492265, 16.561545031492265, 16.561545031492265, 16.561545031492265, 16.561545031492265]"
instance_107,16,24.50095,25.68856,17,0.04847199802456637,182.2630956172943,1000,"[27.46782368282138, 26.730056352796474, 26.628165487315602, 25.881652985520066, 25.881652985520063, 25.688559895151656, 25.688559895151656, 25.688559895151656, 25.688559895151656, 25.688559895151656]"
instance_108,18,28.57798,30.47145,19,0.066256257440169,181.0458025932312,1000,"[32.410882957908534, 31.55874074289706, 31.329579699413827, 31.329579699413827, 31.329579699413827, 31.327614946041383, 31.14728561385059, 30.63519100536835, 30.47145089103748, 30.471450891037478]"
instance_110,20,34.66797,35.87572,21,0.034837632546699575,180.24578547477722,1000,"[39.289808112195516, 36.92796876237823, 36.23012298700182, 36.13099313613734, 36.13099313613734, 36.04080889257764, 36.04080889257764, 36.039989264709654, 35.89278701949063, 35.875724885625786]"
instance_106,17,24.40735,26.07062,18,0.06814627560960124,188.8811593055725,1000,"[28.150362925915964, 26.80409106340376, 26.460285085380505, 26.30624248733257, 26.22544421440714, 26.22544421440714, 26.22544421440714, 26.0742403688476, 26.070621333500537, 26.070621333500537]"
instance_117,15,18.71594,19.47796,16,0.040715026870143826,180.4441201686859,1000,"[19.835382463658945, 19.791081336227926, 19.787857870599694, 19.477956320179896, 19.477956320179896, 19.477956320179896, 19.477956320179896, 19.477956320179896, 19.477956320179896, 19.477956320179896]"
instance_121,15,18.02511,18.92461,16,0.0499026080839451,178.66443729400635,1000,"[19.537375551137178, 19.3998204050584, 19.186712883852103, 18.93686790640233, 18.92734954932171, 18.924614542484633, 18.924614542484633, 18.924614542484633, 18.924614542484633, 18.924614542484633]"
instance_109,20,35.48741,37.10489,21,0.045578981390865116,188.8426034450531,1000,"[38.96272746870559, 37.53538400082801, 37.214273637271724, 37.12782497367121, 37.1278249736712, 37.1278249736712, 37.1278249736712, 37.1278249736712, 37.1278249736712, 37.10489493364839]"
instance_128,17,25.3784,26.3993,18,0.04022712227721216,176.1956512928009,1000,"[27.9311966645134, 27.14868342117426, 27.092931772099607, 27.088851597249207, 26.680514870988834, 26.440478927492435, 26.399296537799422, 26.399296537799422, 26.399296537799422, 26.399296537799422]"
instance_102,14,17.9989,18.91581,16,0.05094255760074235,200.21441054344177,1000,"[19.650959585627014, 19.28412799331102, 18.93420985191789, 18.915805321553346, 18.915805321553346, 18.915805321553346, 18.915805321553346, 18.915805321553346, 18.915805321553346, 18.915805321553346]"
instance_130,16,22.26912,23.79959,17,0.06872611041657674,174.78895330429077,1000,"[24.395350730921376, 24.147855664812184, 23.885112329349575, 23.885112329349575, 23.885112329349575, 23.88511232934957, 23.88511232934957, 23.88511232934957, 23.808877875009355, 23.799592680572655]"
instance_112,17,25.95007,26.79609,17,0.03260183883897035,187.45548844337463,1000,"[28.986150239564044, 27.60192064586969, 27.430044279510152, 26.831237060755132, 26.796091843875104, 26.796091843875104, 26.796091843875104, 26.796091843875104, 26.796091843875104, 26.796091843875104]"
instance_129,16,25.36043,26.99762,18,0.064556870683975,176.91784977912903,1000,"[27.372689143574473, 27.24040311118598, 27.197195722727983, 27.197195722727983, 27.183520354780047, 27.034212567521532, 27.00480577998845, 26.99934655644213, 26.99934655644213, 26.997620122933096]"
instance_113,17,26.52713,27.75612,18,0.04632955016241861,187.2102873325348,1000,"[28.29659155726611, 28.055134565176587, 27.922757852875417, 27.922192667320832, 27.922192667320832, 27.897463948676908, 27.897463948676908, 27.768215758495085, 27.756120744857885, 27.756120744857885]"
instance_144,16,25.56854,26.83085,17,0.04936965505265467,170.05942487716675,1000,"[28.353978983161, 27.630091365900267, 27.43296240187761, 26.839558018975975, 26.83085406684538, 26.83085406684538, 26.83085406684538, 26.83085406684538, 26.83085406684538, 26.83085406684538]"
instance_127,15,19.3218,20.17124,16,0.043962777795029516,183.26348876953125,1000,"[20.615552233853226, 20.212411135166366, 20.192526093870285, 20.192526093870285, 20.192526093870285, 20.182740359144262, 20.182740359144262, 20.182740359144262, 20.17967766129497, 20.171240959384015]"
instance_119,16,19.80958,21.14721,17,0.06752439981059673,188.53006744384766,1000,"[21.698614178523215, 21.6629329317413, 21.264542539839713, 21.246136960348043, 21.239764679860784, 21.23976467986078, 21.152779444946763, 21.152779444946763, 21.147209870745872, 21.147209870745872]"
instance_124,15,22.25097,23.60086,17,0.06066656869340987,186.02441334724426,1000,"[24.483119483347966, 24.4775319135719, 24.27640673687248, 23.676186506115926, 23.676186506115926, 23.670502057712202, 23.642456964455327, 23.641094152833396, 23.618753947745887, 23.600857952635813]"
instance_116,16,24.03104,25.59604,18,0.0651241061560381,193.6144938468933,1000,"[26.911704456721907, 26.668232911582223, 26.199420219592383, 26.199420219592383, 25.996646507740635, 25.636881707604314, 25.636881707604314, 25.61565271103335, 25.61565271103335, 25.596043890852474]"
instance_141,15,19.25115,19.98249,16,0.03798941881394096,179.8648066520691,1000,"[21.855569493247568, 21.448932034592428, 20.83502501500577, 20.639804923767453, 20.42575227618682, 20.381465414291537, 20.079267567489204, 20.06860555579886, 19.982492345495885, 19.982492345495885]"
instance_136,15,19.75342,20.46048,16,0.03579430802362336,183.49197340011597,1000,"[21.42874007176597, 20.846630400470197, 20.803424941328867, 20.67452335342805, 20.570785257539264, 20.482402922394876, 20.482402922394876, 20.482402922394876, 20.460481169190516, 20.460481169190516]"
instance_133,21,37.95285,39.88089,22,0.05080092799354997,185.93633818626404,1000,"[43.91437804969837, 42.14086015528422, 41.35901483335749, 40.57927201158419, 39.880887104859404, 39.880887104859404, 39.880887104859404, 39.880887104859404, 39.880887104859404, 39.880887104859404]"
instance_123,15,19.99155,20.64649,16,0.03276084145551495,192.19892287254333,1000,"[22.031871513452, 20.897979952656126, 20.792002436710842, 20.792002436710842, 20.792002436710842, 20.69623931402767, 20.69417858281613, 20.652790967746082, 20.652790967746082, 20.646488838746357]"
instance_126,15,22.00811,22.76654,17,0.034461387188631856,190.14664554595947,1000,"[23.519039979859844, 23.04935069906187, 22.945011671316067, 22.94147003333457, 22.94147003333457, 22.94147003333457, 22.800180294326953, 22.76653818388462, 22.76653818388462, 22.76653818388462]"
instance_137,16,20.32007,20.74892,16,0.021104750131274008,183.73727893829346,1000,"[22.189961605386376, 21.810322071403288, 21.810322071403288, 21.810322071403288, 21.670596983197864, 21.670596983197864, 21.55478870505057, 21.217779739872455, 21.19016978476775, 20.748917689434926]"
instance_118,17,25.6809,27.13237,18,0.05651943662410587,196.02888703346252,1000,"[28.604969089197233, 28.00927620886802, 28.00927620886802, 27.960927435931417, 27.36575307681804, 27.36575307681804, 27.338586137273147, 27.30420530772592, 27.13236733416776, 27.13236733416776]"
instance_120,14,17.90152,18.87985,16,0.05465066653557908,195.06305313110352,1000,"[19.39582307264976, 18.94693848276675, 18.922355393071665, 18.922355393071665, 18.922355393071665, 18.922355393071665, 18.922355393071665, 18.922355393071665, 18.901911795156515, 18.879846577676528]"
instance_140,17,24.94875,26.1803,18,0.04936319454882503,186.67702198028564,1000,"[27.79729668203723, 27.090898188268433, 26.39515953701183, 26.275526878092478, 26.275526878092478, 26.275526878092478, 26.26970201992759, 26.26970201992759, 26.24538002532542, 26.18029650009966]"
instance_115,16,21.01645,22.35599,17,0.06373769118952057,202.24967408180237,1000,"[23.916234230939995, 23.273922229160895, 22.75724366729215, 22.694474774199186, 22.355992322024694, 22.355992322024694, 22.355992322024694, 22.355992322024694, 22.355992322024694, 22.355992322024694]"
instance_132,16,23.66309,25.45001,18,0.07551507432038666,191.30728602409363,1000,"[26.350502252258796, 25.721655076110356, 25.671705255709234, 25.656002327349015, 25.49221421893362, 25.458886384489833, 25.450007160355835, 25.450007160355835, 25.450007160355835, 25.450007160355835]"
instance_125,16,18.60194,19.0825,17,0.025833864639924684,196.77450680732727,1000,"[20.044391245854012, 19.522978096196884, 19.454696842641145, 19.307008386193825, 19.307008386193825, 19.08250393032613, 19.08250393032613, 19.08250393032613, 19.08250393032613, 19.08250393032613]"
instance_135,18,28.16553,29.87017,18,0.06052220568901069,190.5136857032776,1000,"[30.44654727045299, 30.07863287811654, 30.07863287811654, 30.07863287811654, 30.055519493479157, 30.055519493479157, 29.91103709215637, 29.898974681012852, 29.870169134601433, 29.870169134601433]"
instance_138,16,21.12855,21.97458,17,0.040042028440191064,191.61476302146912,1000,"[22.898100431886604, 22.006230757796782, 21.97457898151092, 21.97457898151092, 21.97457898151092, 21.97457898151092, 21.97457898151092, 21.97457898151092, 21.97457898151092, 21.97457898151092]"
instance_134,17,27.25797,28.06039,18,0.02943799556606752,194.11900997161865,1000,"[30.739937072843674, 29.225728494909127, 28.92546908120677, 28.562560707365524, 28.53929763122608, 28.176689316173963, 28.16521836191169, 28.060394550842922, 28.060394550842915, 28.060394550842915]"
instance_143,17,26.01572,27.68195,18,0.0640470454017801,189.77610230445862,1000,"[29.41903121704846, 28.689158577797897, 27.986641415685256, 27.98299758843559, 27.955625980458844, 27.955625980458844, 27.955625980458844, 27.789256253924414, 27.789256253924414, 27.681949703279034]"
instance_131,16,21.1397,22.689,17,0.07328864648031896,196.2898826599121,1000,"[24.122748624507466, 22.9027016495739, 22.834694213427998, 22.834694213427998, 22.834694213427998, 22.834694213427998, 22.834694213427998, 22.834694213427998, 22.834694213427998, 22.689003245797956]"
instance_139,19,28.43375,29.78648,20,0.04757480107266896,193.22694182395935,1000,"[31.358882490913295, 30.780362016926055, 30.6842270020393, 30.209015663815336, 29.856592243204606, 29.856592243204602, 29.856592243204602, 29.801737445811902, 29.78647896129832, 29.786478961298318]"
instance_147,16,20.94923,21.91918,17,0.046300031075127854,186.89959120750427,1000,"[22.452436272894133, 22.033851677519962, 21.947155271039012, 21.947155271039012, 21.947155271039012, 21.939910254052027, 21.939910254052023, 21.93991025405202, 21.919177774479135, 21.91917777447913]"
instance_145,16,22.95596,23.87638,17,0.04009503414363851,190.16209626197815,1000,"[25.19222266030182, 24.923274113439223, 24.47425080603527, 24.306140380494863, 24.306140380494863, 24.166483806749447, 24.166483806749447, 24.166483806749447, 24.004917863720223, 23.87637823392686]"
instance_148,17,24.22377,25.24426,18,0.04212762918406187,188.61752200126648,1000,"[26.653555821043927, 25.74695849846397, 25.473279673375306, 25.2522003460449, 25.2522003460449, 25.24426265295631, 25.24426265295631, 25.24426265295631, 25.244262652956305, 25.244262652956305]"
instance_146,19,34.9819,36.75439,21,0.050668774423344574,190.53135108947754,1000,"[38.0107084646684, 37.82200051252089, 37.412356771311345, 36.8627532730913, 36.754386811660844, 36.754386811660844, 36.754386811660844, 36.754386811660844, 36.754386811660844, 36.754386811660844]"
instance_149,17,26.18168,27.15298,18,0.037098459686314984,194.5818088054657,1000,"[28.407728601303866, 27.201312595253583, 27.201312595253583, 27.201312595253583, 27.201312595253583, 27.201312595253583, 27.162736531937107, 27.162736531937107, 27.152984735033773, 27.152984735033773]"
instance_151,15,18.76414,19.39219,16,0.03347075858525881,175.4991819858551,1000,"[20.605807304142544, 20.277038450016327, 20.215862186438986, 20.043457935663763, 19.97629323736414, 19.57912758185823, 19.439846682195576, 19.439846682195576, 19.439846682195576, 19.39218751719593]"
instance_150,19,32.62864,33.77526,21,0.035141519842690525,180.192884683609,1000,"[35.73310676126959, 34.37152963390137, 34.0451590417102, 33.95957892496503, 33.810165153289994, 33.810165153289994, 33.810165153289994, 33.810165153289994, 33.77526220357257, 33.77526220357256]"
instance_159,21,39.65778,41.08956,22,0.03610338248888355,173.74321484565735,1000,"[42.98249080775902, 42.35200345786476, 41.54081257611456, 41.394085096653015, 41.394085096653015, 41.394085096653015, 41.253222096390076, 41.253222096390076, 41.09066422785279, 41.089558076117264]"
instance_153,15,18.88486,20.09463,16,0.0640603107462803,179.12728691101074,1000,"[21.11689013431158, 20.270835696083573, 20.270835696083573, 20.190396839570237, 20.14700217098553, 20.14700217098553, 20.13542014209578, 20.122047858225862, 20.122047858225862, 20.09463164108856]"
instance_156,15,17.0115,17.8301,16,0.04812038914851718,176.53192973136902,1000,"[19.244284470727525, 17.888499008647567, 17.83009526355872, 17.83009526355872, 17.830095263558718, 17.830095263558718, 17.830095263558718, 17.830095263558718, 17.830095263558718, 17.830095263558718]"
instance_160,20,35.43333,37.04267,21,0.04541881894814863,176.13616251945496,1000,"[40.39476069343007, 38.816650658324996, 38.816650658324996, 38.31705353127471, 37.92447294463087, 37.04266616449163, 37.04266616449163, 37.04266616449163, 37.04266616449163, 37.04266616449163]"
instance_165,17,21.78445,23.2004,18,0.06499819825609546,173.1978735923767,1000,"[23.597553965958326, 23.406159969411963, 23.299336095690496, 23.24979262851556, 23.24979262851556, 23.200398189123735, 23.200398189123735, 23.200398189123735, 23.200398189123735, 23.200398189123735]"
instance_158,15,21.05696,22.02776,17,0.04610352111605857,184.58401608467102,1000,"[23.741678676483183, 22.367442155472297, 22.027762074036566, 22.027762074036566, 22.027762074036566, 22.027762074036566, 22.027762074036566, 22.027762074036566, 22.027762074036566, 22.027762074036566]"
instance_180,21,40.62872,43.30146,23,0.06578449924093098,163.90847444534302,1000,"[46.34370145129198, 43.81715964277603, 43.77161675437158, 43.30145616650516, 43.30145616650516, 43.30145616650516, 43.30145616650516, 43.30145616650516, 43.30145616650516, 43.30145616650516]"
instance_154,18,29.89461,31.39267,20,0.05011137459227596,190.76818323135376,1000,"[33.75426724926587, 31.668300912817823, 31.5850873611604, 31.515156353996574, 31.515156353996574, 31.505750206138643, 31.463336875444384, 31.429331630476817, 31.39266932742718, 31.39266932742718]"
instance_169,17,26.32911,28.53396,18,0.08374191151922722,177.19604086875916,1000,"[30.167515276561282, 29.2009973511554, 29.03557666245424, 28.60904842042859, 28.55850396645715, 28.53396031731443, 28.53396031731443, 28.53396031731443, 28.53396031731443, 28.53396031731443]"
instance_155,18,29.79209,32.11042,19,0.0778169641673342,191.43426156044006,1000,"[32.18764079241063, 32.187640792410626, 32.11042430363307, 32.11042430363307, 32.11042430363307, 32.11042430363307, 32.11042430363307, 32.11042430363307, 32.11042430363307, 32.11042430363307]"
instance_157,22,41.7076,43.2249,23,0.03637946081769267,191.56729197502136,1000,"[45.71034065440465, 45.02532595747696, 44.35447237913443, 43.73184887402487, 43.73037854128058, 43.723419665454706, 43.5783620851284, 43.5783620851284, 43.5783620851284, 43.22489947453437]"
instance_161,15,17.06087,17.75919,15,0.04093108968065514,188.4518461227417,1000,"[18.73631734487372, 18.09382118775428, 17.90150006651755, 17.789242040376028, 17.789242040376028, 17.75918664158198, 17.75918664158198, 17.75918664158198, 17.75918664158198, 17.75918664158198]"
instance_168,16,18.89161,19.84572,17,0.05050443027354471,183.20491671562195,1000,"[21.05869028572264, 20.398238951703988, 19.965534220634577, 19.935247060481007, 19.932003114401194, 19.84571579109876, 19.845715791098755, 19.845715791098755, 19.845715791098755, 19.845715791098755]"
instance_164,15,19.32546,20.73872,17,0.07312943650500434,186.65207767486572,1000,"[21.730031102126013, 20.953256889853716, 20.8125841837655, 20.738721769043323, 20.738721769043323, 20.738721769043323, 20.738721769043323, 20.738721769043323, 20.738721769043323, 20.738721769043323]"
instance_174,17,24.53493,25.26426,18,0.029726190374294973,179.1912498474121,1000,"[27.837231641307, 26.012397234459726, 25.914869806276045, 25.606138481583322, 25.510885306046973, 25.455815084151737, 25.264260106172657, 25.264260106172657, 25.264260106172657, 25.264260106172657]"
instance_166,18,29.44266,30.36469,19,0.03131612429040037,186.36572527885437,1000,"[33.27854790182631, 31.744512200655667, 30.931065428130154, 30.820470430292442, 30.679467719161128, 30.498595131889857, 30.486002049359524, 30.486002049359524, 30.39064564996733, 30.364693309550248]"
instance_172,17,23.8481,25.82039,18,0.0827021859183751,183.69014525413513,1000,"[26.33568800563028, 25.82038865972847, 25.82038865972847, 25.82038865972847, 25.82038865972847, 25.82038865972847, 25.82038865972847, 25.82038865972847, 25.82038865972847, 25.82038865972847]"
instance_152,15,19.59432,20.35422,16,0.03878164692625219,204.33588576316833,1000,"[20.636130759464393, 20.562355862888882, 20.53780770712173, 20.425348357046946, 20.354218025623542, 20.354218025623542, 20.354218025623542, 20.354218025623542, 20.354218025623542, 20.354218025623542]"
instance_182,17,29.30922,30.95761,18,0.05624134657967694,176.24265336990356,1000,"[32.42769198986444, 31.496091257989708, 31.496091257989708, 31.407769821348904, 31.331191726882953, 31.331191726882953, 31.27202342243627, 31.226026174216496, 30.957612404764202, 30.9576124047642]"
instance_162,17,26.62569,27.28271,17,0.024676168016678737,194.1653928756714,1000,"[30.00844485110877, 28.482907893885056, 28.150105449975342, 28.025680616708406, 27.714971827075626, 27.486155854996838, 27.29032876220455, 27.282714262667973, 27.282714262667973, 27.282714262667973]"
instance_170,21,36.83815,39.18358,22,0.06366850669754047,188.24938035011292,1000,"[40.406083472051385, 40.3859736634772, 39.49566027568032, 39.31274731445127, 39.2948150670227, 39.24629638504701, 39.24629638504701, 39.19886296314882, 39.18357897791901, 39.183578977919005]"
instance_171,14,17.60785,18.11343,15,0.028713329566074332,189.58944416046143,1000,"[19.394908165134535, 18.562094898950235, 18.222823871756678, 18.131422534674115, 18.131422534674115, 18.131422534674115, 18.131422534674115, 18.113430378866344, 18.113430378866344, 18.113430378866344]"
instance_167,23,46.07696,48.20852,24,0.04626086443202851,192.07274293899536,1000,"[51.97721303180137, 49.980682950631326, 49.443215173463116, 49.428510109311155, 48.92935856471214, 48.90808000912249, 48.87497305409075, 48.2115195539757, 48.208520150134035, 48.208520150134035]"
instance_163,15,20.17727,21.09313,16,0.04539067971038691,195.8966567516327,1000,"[22.777266116488125, 21.790743721992424, 21.313919540500773, 21.22121383256567, 21.22121383256567, 21.09313215898308, 21.09313215898308, 21.09313215898308, 21.09313215898308, 21.09313215898308]"
instance_179,17,28.2846,29.1979,19,0.03228965585512963,183.56028270721436,1000,"[30.553422939914046, 29.907530717587324, 29.838733987776358, 29.823481443879007, 29.823481443879007, 29.675136304151128, 29.268176965320208, 29.225086023340495, 29.197900794430552, 29.197900794430552]"
instance_177,16,24.4063,24.87492,17,0.019200780126442673,187.31612920761108,1000,"[26.73492879785181, 26.2699233341156, 25.39278645887659, 25.29582906209951, 25.29582906209951, 25.102635177769592, 24.946833608972057, 24.885980449619836, 24.885980449619836, 24.874917481850584]"
instance_173,15,17.48617,18.21433,16,0.041642051975932924,195.45437026023865,1000,"[18.30885112176271, 18.240448947886502, 18.240448947886502, 18.214327044982234, 18.214327044982234, 18.214327044982234, 18.214327044982234, 18.214327044982234, 18.214327044982234, 18.214327044982234]"
instance_175,16,24.4974,25.68535,17,0.048492901287483604,196.90265107154846,1000,"[26.777803034686375, 26.08792555835033, 26.08792555835033, 26.08792555835033, 26.08792555835033, 26.08792555835033, 25.737882724718943, 25.68687889009488, 25.685353873167923, 25.685353873167923]"
instance_178,19,33.45196,35.60113,20,0.06424645969922235,192.39386439323425,1000,"[36.49918393343305, 35.76403130459373, 35.7526507950185, 35.601134303278734, 35.601134303278734, 35.601134303278734, 35.601134303278734, 35.601134303278734, 35.601134303278734, 35.601134303278734]"
instance_176,17,23.24038,24.25286,18,0.043565552714714656,196.40977883338928,1000,"[24.749457634765736, 24.61962601051158, 24.361544804800634, 24.361544804800634, 24.361544804800634, 24.361544804800634, 24.361544804800634, 24.361544804800634, 24.342369071987356, 24.252864214184306]"
instance_184,19,29.89201,31.18521,20,0.04326239687461641,192.07076001167297,1000,"[32.230395806706994, 31.635528384291, 31.635528384291, 31.635528384291, 31.635528384291, 31.635528384291, 31.635528384291, 31.18520689709527, 31.18520689709527, 31.18520689709527]"
instance_183,16,20.75495,22.04629,17,0.06221841054784512,192.8013777732849,1000,"[23.553183182838495, 22.914952776853173, 22.228883573223687, 22.07279906737839, 22.07279906737839, 22.07279906737839, 22.07279906737839, 22.07279906737839, 22.07279906737839, 22.046285099840922]"
instance_185,15,20.11748,20.86518,16,0.037166682904618185,190.72446370124817,1000,"[22.086399200557587, 21.431545846111586, 20.927912919313435, 20.865175843975287, 20.865175843975287, 20.865175843975287, 20.865175843975287, 20.865175843975287, 20.865175843975287, 20.865175843975287]"
instance_194,18,27.79129,28.65145,19,0.030950704339381168,185.637540102005,1000,"[30.163646930200635, 28.806469095838057, 28.80597062683793, 28.755516145018564, 28.73442394641145, 28.677312939098055, 28.651454974608104, 28.651454974608104, 28.651454974608104, 28.651454974608104]"
instance_195,19,32.0162,33.96213,20,0.060779542856429065,185.96584057807922,1000,"[34.12555100075562, 34.0904060915624, 33.96213199586182, 33.96213199586182, 33.96213199586182, 33.96213199586182, 33.96213199586182, 33.96213199586182, 33.96213199586182, 33.96213199586182]"
instance_189,18,29.77165,31.59134,19,0.061121570353003536,190.12072110176086,1000,"[33.791107401689516, 32.60202848624508, 32.37727863574121, 32.00237226938503, 31.620362659200833, 31.62036265920083, 31.591337232393187, 31.591337232393187, 31.591337232393187, 31.591337232393187]"
instance_190,16,23.79128,24.58509,17,0.033365586046652414,188.7331347465515,1000,"[26.092549529678088, 25.764909429707483, 25.42945528569029, 25.334633681809024, 25.169044063987343, 24.9562045335424, 24.956204533542397, 24.956204533542394, 24.585093028915665, 24.585093028915665]"
instance_193,17,28.84129,30.30275,18,0.05067249072423594,187.17804646492004,1000,"[32.758088548089574, 30.545329653442035, 30.330827473252, 30.310351852304834, 30.310351852304834, 30.310351852304834, 30.310351852304834, 30.3076406800942, 30.302747513172452, 30.302747513172452]"
instance_186,18,31.32265,32.97931,19,0.05289016095381453,192.6502640247345,1000,"[34.90882190323246, 33.02813704496563, 33.01631160811931, 33.01292229833167, 32.99337935897389, 32.99337935897389, 32.97930562260898, 32.97930562260898, 32.97930562260898, 32.97930562260898]"
instance_188,17,24.5896,26.18429,19,0.06485221394410645,192.58237433433533,1000,"[26.863497752728772, 26.811963655051468, 26.810591447025555, 26.642419903628312, 26.634669408392536, 26.63280242761145, 26.63280242761145, 26.63280242761145, 26.249898510337964, 26.184293062374785]"
instance_192,17,25.15139,26.79434,18,0.06532243347186772,189.63694429397583,1000,"[28.618960437462846, 27.899257802770368, 27.830904443816287, 26.96887686369194, 26.804226658830377, 26.80295179559869, 26.79433828930101, 26.79433828930101, 26.79433828930101, 26.79433828930101]"
instance_191,15,21.05818,21.34145,16,0.013451779783437987,191.1441421508789,1000,"[22.94786221143741, 22.339145591976497, 21.633452994226364, 21.470807528046194, 21.408282898065178, 21.408282898065178, 21.408282898065178, 21.408282898065178, 21.341449119752287, 21.341449119752287]"
instance_181,14,17.99985,19.01009,15,0.05612491215204589,200.9167754650116,1000,"[20.735245509205402, 19.912143312236477, 19.273987416985953, 19.134060292632896, 19.134060292632896, 19.086395585483633, 19.086395585483633, 19.03722331945245, 19.03722331945245, 19.010088332998265]"
instance_187,18,29.30508,30.3967,19,0.037250196894190325,197.52239561080933,1000,"[31.53973526226659, 30.79061228169134, 30.776151160903368, 30.693930059321826, 30.642528371197734, 30.52912824034898, 30.51593713925105, 30.396697309552092, 30.396697309552092, 30.396697309552092]"
instance_196,18,26.96333,28.41314,19,0.053769693876831955,190.45833706855774,1000,"[31.552909224548877, 29.30534055046179, 29.117630140516855, 29.00015089538053, 28.930541766750114, 28.844835377096366, 28.62979908907394, 28.41314198360846, 28.41314198360846, 28.41314198360846]"
instance_199,15,22.13081,23.48484,16,0.06118302945079724,187.22944331169128,1000,"[25.19893162873262, 24.09995692059829, 23.8583324531481, 23.688066068288666, 23.688066068288666, 23.686993343351507, 23.50862439812963, 23.4848435300574, 23.4848435300574, 23.484843530057397]"
instance_197,15,19.90742,21.28957,17,0.06942888631475114,195.56079840660095,1000,"[22.052603124010698, 21.70690515346621, 21.528013223176277, 21.296987690081714, 21.28956947592043, 21.28956947592043, 21.28956947592043, 21.28956947592043, 21.28956947592043, 21.28956947592043]"
instance_198,15,19.3812,19.9605,15,0.029889790105875794,201.1650207042694,1000,"[20.77360390004042, 20.259659547523082, 20.226115974324628, 20.226115974324628, 20.024912842449382, 20.024912842449382, 20.024912842449382, 20.024912842449382, 19.960501727953854, 19.960501727953854]"
instance_200,18,26.48143,27.57055,19,0.041127688346135435,190.97095656394958,1000,"[29.39396659244426, 28.04934203181104, 28.04934203181104, 27.921501380455556, 27.57073788138631, 27.57073788138631, 27.57073788138631, 27.57055161544351, 27.57055161544351, 27.57055161544351]"
instance_205,18,27.56621,29.20981,19,0.059623720489686435,184.80192232131958,1000,"[30.343732338784754, 30.0829263526777, 30.078553953852868, 29.973326052890425, 29.965477604492452, 29.925976860988037, 29.925976860988037, 29.83854406388833, 29.209807207639976, 29.209807207639976]"
instance_203,16,24.26441,24.85203,17,0.02421736197171073,186.47695541381836,1000,"[27.463518508864667, 25.743729045281146, 25.74047483587423, 25.74047483587423, 25.72527094126807, 25.640749463327168, 25.58023635980633, 25.523321059427307, 25.41256750000336, 24.852028827099062]"
instance_204,17,26.76498,28.80495,18,0.07621787873557163,187.79839253425598,1000,"[30.217758195733346, 29.40314158034753, 28.964763858010564, 28.85659618950346, 28.856596189503453, 28.804946046581463, 28.804946046581463, 28.804946046581463, 28.804946046581463, 28.804946046581463]"
instance_211,15,19.61657,20.41883,16,0.04089705794641981,176.61134791374207,1000,"[21.07876586382475, 20.874426100265637, 20.813681303169012, 20.813681303169012, 20.813681303169012, 20.425102451689824, 20.418828641583847, 20.418828641583847, 20.418828641583847, 20.418828641583847]"
instance_209,18,30.58429,32.35057,19,0.05775121802729435,182.1681900024414,1000,"[33.50962512633275, 32.77421195467704, 32.56584661846482, 32.56584661846482, 32.522883755805026, 32.4165362570759, 32.41074383662276, 32.35057061893415, 32.35057061893415, 32.35057061893415]"
instance_201,15,19.71866,20.27101,16,0.028011538309398336,199.91855311393738,1000,"[21.014138275401688, 20.848039262033602, 20.848039262033595, 20.706885952726168, 20.53070408209302, 20.50917044489103, 20.428281270111935, 20.4224096458202, 20.27100658485532, 20.27100658485532]"
instance_219,16,26.42693,27.71009,17,0.048555015660161904,176.08668756484985,1000,"[30.030148597902265, 28.582158518651337, 28.57474926702693, 28.57474926702693, 28.427946132232314, 27.73242472205602, 27.723272127756807, 27.710088488025946, 27.710088488025946, 27.710088488025946]"
instance_202,15,18.62377,19.38619,16,0.04093800557030068,199.8865668773651,1000,"[19.492857553218407, 19.492857553218407, 19.451361024428262, 19.396298712701558, 19.396298712701558, 19.386188007878218, 19.386188007878218, 19.386188007878218, 19.386188007878218, 19.386188007878218]"
instance_206,16,21.28805,22.51815,17,0.05778359220313745,191.9678454399109,1000,"[24.471451033549776, 23.273899893636116, 22.523398221894055, 22.523398221894055, 22.523398221894055, 22.51814866763954, 22.51814866763954, 22.51814866763954, 22.51814866763954, 22.518148667639537]"
instance_208,17,28.6102,30.20559,19,0.05576297963663315,188.63850355148315,1000,"[31.856985634426827, 31.330984211655128, 31.304807384767628, 31.134554473333235, 30.849659335309724, 30.52343192748412, 30.478326283221953, 30.478326283221953, 30.32368205876676, 30.205589442997233]"
instance_216,16,22.22719,22.80036,16,0.025786885341781893,181.81229710578918,1000,"[24.441077309044164, 23.39097943465818, 23.14630947969535, 22.82703431453423, 22.82703431453423, 22.82703431453423, 22.82703431453423, 22.800357453934755, 22.800357453934755, 22.800357453934755]"
instance_207,17,26.72781,28.24549,18,0.05678280412798499,194.1475315093994,1000,"[29.784145892257577, 29.321024315205733, 28.832245018412788, 28.749871623311346, 28.749871623311346, 28.648706696987855, 28.34287864326255, 28.278876806358202, 28.278876806358202, 28.245494359102082]"
instance_210,15,18.95361,20.0916,17,0.0600408048915219,189.6349594593048,1000,"[20.96367040148, 20.2675418580886, 20.128880943171506, 20.122066166045087, 20.122066166045087, 20.100152428814734, 20.091604074167627, 20.091604074167627, 20.091604074167627, 20.091604074167627]"
instance_225,16,25.26401,26.40774,17,0.04527111887621963,177.8704514503479,1000,"[27.66436819257516, 27.25596407341033, 27.121854124800418, 27.02832737339138, 27.02832737339138, 27.024764225451513, 26.934439268322, 26.467350363563604, 26.40773694983121, 26.40773694983121]"
instance_218,18,28.56412,29.96282,18,0.0489670257651908,184.41988611221313,1000,"[31.657215103082823, 31.344164637875533, 30.668172856455648, 30.436336633018012, 30.436336633018012, 30.184922284015897, 30.15770768582094, 30.028286949850095, 29.962820495011425, 29.962820495011425]"
instance_233,15,20.87116,21.64635,16,0.03714168258975553,165.01215052604675,1000,"[23.48938011881943, 22.33852919283114, 22.191449759203227, 22.055216188395896, 22.055216188395896, 22.053564629651326, 22.053564629651326, 22.053564629651326, 21.867845878050314, 21.646347073307066]"
instance_214,17,23.7939,24.86901,17,0.04518426991792008,188.3794448375702,1000,"[26.88666481022215, 26.618626565562366, 25.55977188482527, 25.39384092202628, 24.951003659629244, 24.944175816324933, 24.944175816324933, 24.944175816324933, 24.869013317034444, 24.869013317034444]"
instance_227,16,21.32583,22.50664,17,0.05536994339727931,175.0848708152771,1000,"[23.57427342808226, 23.26463842301015, 23.09748232801792, 22.595627795023958, 22.592493870158453, 22.568561517640944, 22.54779016603041, 22.51256927028938, 22.50664029556281, 22.50664029556281]"
instance_232,15,18.25489,18.896,16,0.03511990485836952,168.3444788455963,1000,"[19.4897584602239, 18.913494595681232, 18.91349459568123, 18.91349459568123, 18.91349459568123, 18.911545650843582, 18.896000937168985, 18.896000937168985, 18.896000937168985, 18.896000937168985]"
instance_212,15,17.79576,19.18319,16,0.07796407683628001,193.72923684120178,1000,"[19.7678823544359, 19.464983552075296, 19.4349040220029, 19.390978033345952, 19.390978033345952, 19.390978033345952, 19.390978033345952, 19.273156079759918, 19.205722074292463, 19.183191876084674]"
instance_222,21,37.94204,39.10306,22,0.030599830689124797,185.94277954101562,1000,"[40.27034109329867, 39.62296771184994, 39.5661882851504, 39.543302359797494, 39.31141950186134, 39.10305927075046, 39.10305927075046, 39.10305927075046, 39.10305927075046, 39.10305927075046]"
instance_217,17,24.43714,25.63626,18,0.04906957197118814,191.1775665283203,1000,"[26.4322705579744, 26.030577752320124, 25.701095995438305, 25.647297893091185, 25.636258051009882, 25.636258051009882, 25.636258051009882, 25.636258051009882, 25.636258051009882, 25.636258051009882]"
instance_220,16,23.44258,24.67041,17,0.052376060996699204,188.48445391654968,1000,"[25.267845885729407, 25.073832599782577, 24.970051333111922, 24.895817202061682, 24.89581720206168, 24.888663974487773, 24.790735195619842, 24.70472980468619, 24.677039758438433, 24.670408369128502]"
instance_213,17,25.43123,27.4458,19,0.07921638080423161,197.15863060951233,1000,"[28.657396376606222, 28.250414603195143, 27.567947019993046, 27.53281317246189, 27.53281317246189, 27.53281317246189, 27.53281317246189, 27.53281317246189, 27.53281317246189, 27.445800104245468]"
instance_215,15,19.8864,21.45926,17,0.07909224394561118,194.18047070503235,1000,"[22.293927228935818, 21.827152314286625, 21.522395649337764, 21.508345398509906, 21.499767372880907, 21.499767372880907, 21.499767372880907, 21.499767372880907, 21.499767372880907, 21.459261119325287]"
instance_221,15,19.53816,20.24051,16,0.035947602025983974,189.87333703041077,1000,"[21.493078175004822, 20.356087093159452, 20.351850268655838, 20.35175510563934, 20.35175510563934, 20.35175510563934, 20.240514739138394, 20.240514739138394, 20.240514739138394, 20.240514739138394]"
instance_223,17,26.82328,28.72285,19,0.0708179611143753,188.27387857437134,1000,"[29.869777520016214, 28.969509341386235, 28.956403815488297, 28.73485992437006, 28.73485992437006, 28.73485992437006, 28.73485992437006, 28.7228526784985, 28.7228526784985, 28.7228526784985]"
instance_234,16,23.2275,23.72444,17,0.021394467764503378,173.84464859962463,1000,"[25.633628479496686, 24.773837357647555, 24.034076492936162, 23.976888191861956, 23.976888191861953, 23.769408048816558, 23.769408048816558, 23.72443614091742, 23.72443614091742, 23.72443614091742]"
instance_226,16,22.05541,23.15178,17,0.0497097990923769,185.89889979362488,1000,"[23.904736859280916, 23.848918087383378, 23.221135850343146, 23.15177999063678, 23.15177999063678, 23.15177999063678, 23.15177999063678, 23.15177999063678, 23.15177999063678, 23.15177999063678]"
instance_224,21,38.73584,39.44864,21,0.018401562996955643,190.91971039772034,1000,"[42.846105372467285, 40.98060191618, 40.36777972344239, 40.1857892898684, 39.65827191890083, 39.6412330587835, 39.5686249123801, 39.561518137242544, 39.448641056140566, 39.448641056140566]"
instance_228,16,21.48853,22.32414,16,0.03888632679852922,183.12971019744873,1000,"[24.68345028461214, 22.84752886386868, 22.76350720721843, 22.763507207218428, 22.38977476482479, 22.324135952504378, 22.324135952504378, 22.324135952504378, 22.324135952504378, 22.324135952504378]"
instance_229,16,20.77458,21.65642,17,0.042448030236953066,181.52467274665833,1000,"[23.012181158723912, 21.782609109712034, 21.660144027551347, 21.660144027551347, 21.660144027551347, 21.660144027551347, 21.657158376459392, 21.656420846912575, 21.656420846912575, 21.656420846912575]"
instance_230,16,20.97926,21.48109,16,0.023920290801486718,183.70836901664734,1000,"[23.900163933843444, 22.516920171760685, 22.190709166077696, 22.065863196067365, 21.880685102076857, 21.827868037227766, 21.827868037227766, 21.481088532262827, 21.481088532262827, 21.481088532262827]"
instance_235,16,23.62354,24.4582,17,0.03533170727164528,183.24108815193176,1000,"[26.0351646541748, 25.057113479150924, 24.942862537858304, 24.860539910908543, 24.468642276556096, 24.458195467384048, 24.458195467384048, 24.458195467384048, 24.458195467384048, 24.458195467384048]"
instance_242,15,19.3217,20.8399,16,0.07857486660076496,182.72902011871338,1000,"[22.3288988324896, 21.558174211604882, 21.427699926296604, 21.390168324909197, 21.390168324909197, 21.390168324909197, 21.390168324909197, 21.390168324909197, 20.83989931607544, 20.83989931607544]"
instance_240,16,23.18389,25.25158,18,0.08918649976341325,185.4583625793457,1000,"[25.33058434850648, 25.315225929606907, 25.274292707612336, 25.251583065073305, 25.251583065073305, 25.251583065073305, 25.251583065073305, 25.251583065073305, 25.251583065073305, 25.251583065073305]"
instance_238,17,26.71171,27.41597,18,0.026365215854769367,187.00475001335144,1000,"[30.169114672295343, 28.875488061811474, 28.040999364459662, 27.703837572443494, 27.496239321018965, 27.447690525886713, 27.432738418858353, 27.415971551837025, 27.415971551837025, 27.415971551837025]"
instance_236,15,19.77768,20.44891,16,0.033938763292762415,187.4907739162445,1000,"[22.13919889889962, 21.078412107909045, 20.866911538790006, 20.477810915186087, 20.453595888257233, 20.453595888257233, 20.453595888257233, 20.4489074116289, 20.4489074116289, 20.4489074116289]"
instance_237,17,23.68718,24.89197,17,0.05086253407961602,187.5809440612793,1000,"[26.23650398320668, 25.039828488523238, 25.02021994575744, 25.016224107730867, 25.016224107730867, 24.95981552997948, 24.95981552997948, 24.95981552997948, 24.95981552997948, 24.89197124949304]"
instance_231,17,26.24796,28.30091,18,0.07821369736924315,193.25110626220703,1000,"[28.957296386878767, 28.79980441046986, 28.640319017962838, 28.640319017962838, 28.640319017962838, 28.393569762697357, 28.300912116473327, 28.300912116473327, 28.300912116473327, 28.300912116473327]"
instance_249,17,24.63231,25.87326,18,0.05037895349644422,172.5988929271698,1000,"[26.478721258014716, 26.190282449410905, 26.16966024376343, 26.166303792312934, 26.166303792312934, 26.02584361233669, 26.02584361233669, 26.02584361233669, 25.873260440050768, 25.873260440050768]"
instance_239,16,20.99617,22.29439,17,0.06183127684715835,191.59281039237976,1000,"[23.291696903686848, 22.468251797963863, 22.392130836655134, 22.392130836655134, 22.392130836655134, 22.392130836655134, 22.294393329213598, 22.294393329213598, 22.294393329213598, 22.294393329213598]"
instance_241,17,26.50397,28.06015,18,0.05871497741659085,192.25545358657837,1000,"[29.247377620786803, 28.40148277277227, 28.300247088988602, 28.150859870628828, 28.08965024675011, 28.08965024675011, 28.08965024675011, 28.08965024675011, 28.08965024675011, 28.06015291087134]"
instance_243,19,33.16438,34.91795,20,0.052875102745777135,190.37089323997498,1000,"[37.201704870391126, 36.08383026062583, 35.643071985103234, 35.28653397383703, 35.17804002970341, 35.06753059804783, 34.91795436222026, 34.91795436222026, 34.91795436222026, 34.91795436222026]"
instance_245,19,31.09542,32.70614,20,0.05179926818804818,188.80553722381592,1000,"[35.61716159724192, 34.503414721441914, 33.664261828927906, 32.99981481315555, 32.816583886888225, 32.766760721922694, 32.75858886030322, 32.75858886030322, 32.706137849181026, 32.706137849181026]"
instance_246,21,37.96326,39.83242,22,0.049236024514227726,192.20550870895386,1000,"[42.11165169155391, 40.77961538622808, 40.57736834823834, 40.56152993270256, 39.83356306755114, 39.83241998675284, 39.83241998675284, 39.83241998675284, 39.83241998675284, 39.83241998675284]"
instance_244,15,20.68315,21.44898,17,0.03702675849665053,198.37857294082642,1000,"[22.617505794701803, 21.93475021814651, 21.546687806871983, 21.475785997762355, 21.475785997762355, 21.475785997762355, 21.475785997762355, 21.448981021696405, 21.448981021696405, 21.448981021696405]"
instance_247,14,17.14609,17.72989,15,0.034048579005475886,201.29538679122925,1000,"[19.74656791962797, 18.848047992517337, 18.156781366054844, 17.729892226209092, 17.729892226209092, 17.729892226209092, 17.729892226209092, 17.729892226209092, 17.729892226209092, 17.729892226209092]"
instance_248,16,19.83514,20.51972,16,0.03451349473711809,203.29389309883118,1000,"[22.086399205021284, 22.086399205021284, 21.596118555024375, 21.101785079461383, 20.985414082198538, 20.854403749740037, 20.854403749740037, 20.854403749740037, 20.597399782546482, 20.519720318325984]"
instance_250,16,22.66747,23.25513,17,0.025925257648956836,170.82597827911377,1000,"[25.06422730503637, 23.980716425086154, 23.487796046014193, 23.487796046014193, 23.47595666327784, 23.25513090287413, 23.25513090287413, 23.25513090287413, 23.25513090287413, 23.25513090287413]"
instance_255,16,24.68575,25.50836,17,0.03332327354850474,176.87332391738892,1000,"[27.625626257921695, 27.04241407779477, 25.67341165356253, 25.62748912685792, 25.53277225309185, 25.53277225309185, 25.53277225309185, 25.508359980803476, 25.508359980803476, 25.508359980803476]"
instance_251,19,32.4408,33.57957,20,0.03510301842124713,186.90752172470093,1000,"[35.612655960099055, 35.30165430025061, 34.67574256131785, 34.375660935801946, 33.65301433549922, 33.61505856430661, 33.58698348843844, 33.579574886699525, 33.579574886699525, 33.579574886699525]"
instance_258,16,22.6253,23.58845,17,0.042569601287054865,176.03085327148438,1000,"[25.53043792539662, 24.423741222930847, 23.91496810328013, 23.789210882625923, 23.588445476747296, 23.588445476747296, 23.588445476747296, 23.588445476747296, 23.588445476747296, 23.588445476747296]"
instance_256,19,31.70843,32.56882,19,0.02713442450477688,180.22683310508728,1000,"[34.3132132421585, 33.0801385838696, 32.67618187623344, 32.67618187623344, 32.67618187623344, 32.67618187623344, 32.67618187623344, 32.6720275042417, 32.568824850383585, 32.568824850383585]"
instance_253,14,17.2436,17.90673,15,0.03845658679162117,195.44349479675293,1000,"[18.900284503908725, 18.431809945862817, 18.41005477423763, 18.347106628215087, 18.165899321406034, 18.165899321406034, 18.078166384841513, 17.973650810609055, 17.906729627681486, 17.906729627681486]"
instance_252,15,18.91218,19.26879,16,0.018856102257909974,198.56995677947998,1000,"[20.003649462011516, 19.6501364839507, 19.6501364839507, 19.582311616009438, 19.562673801317775, 19.562673801317775, 19.53050261320343, 19.442781293616548, 19.26878712831013, 19.26878712831013]"
instance_263,20,32.57297,33.70055,20,0.03461704597400857,181.84388375282288,1000,"[35.49100068714549, 35.02529163421795, 34.82367863272475, 34.794711292858416, 34.67635786536264, 33.794538428583806, 33.70588929883114, 33.70588929883114, 33.70588929883114, 33.700553829420855]"
instance_264,15,21.27155,22.45969,16,0.05585582620918537,181.75595593452454,1000,"[23.929590293577675, 23.25230328433897, 22.485153963818753, 22.46689647698047, 22.459687935481867, 22.459687935481867, 22.459687935481867, 22.459687935481867, 22.459687935481867, 22.459687935481867]"
instance_266,16,20.11172,21.49328,18,0.06869427378662792,181.4287941455841,1000,"[22.672633835018924, 21.922185425293442, 21.883715065954814, 21.55666213131772, 21.493276972129852, 21.493276972129852, 21.493276972129852, 21.493276972129852, 21.493276972129852, 21.493276972129852]"
instance_269,16,21.91,22.64581,16,0.03358329529895029,179.34203696250916,1000,"[24.424059039471192, 23.887186123859756, 23.3817938186107, 23.230982544923066, 23.17523059339208, 22.75619355145383, 22.7324714744269, 22.65480608162978, 22.645809369793362, 22.645809369793362]"
instance_270,16,18.78759,19.33478,17,0.029125076712872535,179.87900924682617,1000,"[20.902154183043486, 20.29027981451699, 20.09303974184469, 19.996228622045244, 19.96260214371309, 19.723621969792763, 19.723621969792763, 19.722287990359355, 19.722287990359355, 19.33478461091488]"
instance_260,19,31.72993,34.32246,20,0.08170613676109591,190.52377223968506,1000,"[35.23266208724427, 34.689577235032395, 34.638930521784026, 34.638930521784026, 34.638930521784026, 34.638930521784026, 34.58834383736826, 34.578374611419335, 34.46652355385307, 34.322463748129664]"
instance_262,16,23.11336,24.0484,17,0.040454525001990226,187.99297642707825,1000,"[26.805684623964137, 24.607130425192135, 24.540908207540575, 24.409632174884464, 24.33689941605848, 24.33689941605848, 24.310121809704214, 24.310121809704206, 24.051610703569633, 24.04840482737984]"
instance_267,14,16.77518,17.2983,15,0.031184166131153424,185.19474387168884,1000,"[17.64665652050261, 17.64026655246454, 17.620700453740895, 17.57422173174548, 17.555801391446654, 17.36919832208782, 17.32473968190766, 17.32473968190766, 17.32473968190766, 17.2982969787307]"
instance_279,17,25.17258,27.14906,18,0.07851718020163204,177.4709677696228,1000,"[29.182981752980826, 27.996138168672807, 27.389009308952673, 27.272122857330547, 27.272122857330544, 27.236202340867887, 27.236202340867884, 27.236202340867884, 27.149055347233162, 27.149055347233162]"
instance_281,18,30.6009,32.08867,19,0.04861850468450278,175.58759212493896,1000,"[33.83900416799458, 33.05339099662266, 32.945933573987155, 32.572609452692156, 32.40040839548253, 32.40040839548253, 32.305006650194755, 32.163682822304544, 32.08867302630992, 32.08867302630992]"
instance_272,17,24.75269,25.63048,18,0.03546240832814524,184.72052192687988,1000,"[27.9748587554388, 26.61738132504354, 26.616516009793035, 26.21091686707518, 25.783090713848402, 25.783090713848402, 25.783090713848402, 25.73482544019726, 25.698961508515406, 25.630478715809417]"
instance_254,14,17.06955,17.38096,15,0.018243597517216457,207.8835370540619,1000,"[18.49217720762132, 17.81694108695889, 17.797298102980793, 17.56154101559343, 17.548703130856392, 17.380955242055244, 17.380955242055244, 17.380955242055244, 17.380955242055244, 17.380955242055244]"
instance_280,16,23.13037,24.84798,17,0.07425778316559574,180.9414985179901,1000,"[25.686639969808052, 25.033665480709253, 24.991304543427148, 24.991304543427148, 24.991304543427148, 24.91771299304922, 24.896256729144802, 24.896256729144802, 24.896256729144802, 24.847978819071407]"
instance_261,18,27.04347,28.81007,19,0.0653244572534516,196.75825548171997,1000,"[30.17999714672752, 29.61488712356007, 29.35294431454648, 29.35294431454648, 29.35294431454648, 29.019174072402162, 28.99789141994095, 28.99789141994095, 28.810073350937003, 28.810073350937003]"
instance_259,18,30.59322,31.48614,19,0.02918685904916188,199.40877652168274,1000,"[33.30461172044388, 33.10420771044541, 32.520834797533354, 32.25400368222354, 32.25400368222354, 32.10944341788496, 31.93286438800486, 31.920736817372802, 31.564891153060454, 31.48613813146592]"
instance_268,15,20.99194,22.29419,17,0.062035714660007645,195.0885045528412,1000,"[23.506514389683367, 22.51755426558216, 22.50791353295559, 22.457021692079497, 22.444627823853466, 22.395753928468874, 22.2941916195569, 22.2941916195569, 22.2941916195569, 22.2941916195569]"
instance_265,14,17.52155,18.10883,15,0.033517582633956454,197.07512187957764,1000,"[18.986527254624797, 18.53080908671031, 18.14564225976317, 18.108828264113335, 18.108828264113335, 18.10882826411333, 18.10882826411333, 18.10882826411333, 18.10882826411333, 18.10882826411333]"
instance_274,18,28.92053,29.55347,18,0.021885491033532285,190.99867630004883,1000,"[31.54504388582266, 30.06674923012927, 29.75150533262852, 29.669543863094557, 29.65834404951437, 29.639272221058498, 29.639272221058498, 29.5534745619863, 29.5534745619863, 29.5534745619863]"
instance_257,16,17.91007,18.87859,16,0.05407684057069559,205.79295682907104,1000,"[19.012183627338477, 18.934478935186718, 18.934478935186718, 18.934478935186718, 18.878587032752392, 18.878587032752392, 18.878587032752392, 18.878587032752392, 18.878587032752392, 18.878587032752392]"
instance_277,18,27.62075,29.16137,19,0.05577763094774763,188.98233366012573,1000,"[32.49485403258491, 29.975042002010667, 29.915800559237045, 29.915800559237045, 29.389190004846185, 29.33883350717697, 29.206007406825936, 29.206007406825936, 29.161793593341983, 29.1613744680603]"
instance_273,17,23.86656,24.62513,17,0.03178380126838551,195.50204992294312,1000,"[26.047760715997512, 25.742631730776033, 25.574973326144264, 24.906908198048253, 24.664058083437332, 24.664058083437332, 24.625131392323723, 24.625131392323723, 24.625131392323723, 24.625131392323723]"
instance_290,20,35.86792,37.12969,21,0.03517823169004499,173.80037474632263,1000,"[40.16622185265998, 38.693014135405924, 38.03360365566862, 38.01604279819743, 38.01604279819743, 38.01604279819743, 38.01604279819743, 37.59930185306319, 37.470476408679026, 37.12968896445867]"
instance_282,18,29.43853,31.18504,20,0.059327350924112066,187.67172479629517,1000,"[32.607782771485425, 32.1593931099282, 31.733547576705195, 31.405377410626894, 31.193852506641726, 31.193852506641726, 31.193852506641726, 31.18503775741181, 31.18503775741181, 31.18503775741181]"
instance_278,15,18.14315,18.94724,15,0.04431920587108646,194.85566425323486,1000,"[19.518667131520242, 19.09358179038658, 19.076762568124863, 18.949089553541395, 18.948743937347242, 18.948743937347242, 18.948743937347242, 18.948743937347242, 18.948743937347242, 18.947236791505357]"
instance_275,17,26.96682,28.23175,19,0.04690690263071446,196.94284892082214,1000,"[29.10264942208447, 28.5902134518538, 28.590213451853796, 28.58884432499255, 28.58884432499255, 28.41408913828003, 28.261421119152715, 28.231747544687746, 28.231747544687746, 28.231747544687746]"
instance_284,16,22.63215,23.84426,17,0.05355699745715715,185.77219033241272,1000,"[24.997118988131582, 24.33231634391099, 24.29217886248174, 24.24849878930691, 24.117450146196383, 23.892009128845785, 23.84425794450855, 23.84425794450855, 23.84425794450855, 23.84425794450855]"
instance_293,17,25.24522,26.9691,18,0.06828540214741646,176.2858374118805,1000,"[27.825632589169224, 27.162828358659855, 27.11659745058281, 27.048155372563844, 27.048155372563844, 26.969097355251485, 26.969097355251485, 26.969097355251485, 26.969097355251485, 26.969097355251485]"
instance_271,15,21.41628,21.63127,16,0.0100386248218645,204.00273776054382,1000,"[23.8771531854386, 23.23054573019124, 23.14746828607314, 22.826678447830062, 22.588057704443003, 22.51979635109718, 22.519796351097177, 22.519796351097177, 22.519796351097177, 21.631265957618734]"
instance_287,16,23.10789,24.98312,17,0.08115107004577217,185.30505275726318,1000,"[25.73484944630457, 25.17673030469396, 25.12692501744555, 25.12692501744555, 24.983123321917688, 24.983123321917688, 24.983123321917684, 24.98312332191768, 24.98312332191768, 24.98312332191768]"
instance_276,16,22.74224,22.81587,17,0.003237587854142838,202.9319179058075,1000,"[23.977294482599802, 23.780130986032557, 23.35427492128858, 22.97600311712851, 22.969399373918634, 22.969399373918634, 22.904896001556725, 22.904896001556725, 22.815871974978606, 22.815871974978606]"
instance_285,15,17.9621,18.27173,16,0.01723796215364585,188.01213312149048,1000,"[19.254014509427755, 18.436575658608195, 18.3683714613767, 18.320184095982352, 18.320184095982352, 18.320184095982352, 18.320184095982352, 18.320184095982352, 18.27172921427926, 18.27172921427926]"
instance_292,14,17.18333,17.93271,16,0.04361087169949006,183.59058928489685,1000,"[18.959694661763418, 18.44356551634724, 18.428653563131068, 18.26681299352918, 18.191340581658352, 18.146869087577922, 18.11188883487164, 18.053468010093948, 17.932705367421548, 17.932705367421548]"
instance_288,17,22.66752,23.23637,18,0.025095378762211358,188.19157814979553,1000,"[24.100168225792665, 23.50481081738837, 23.28815700582059, 23.28815700582059, 23.281248234617845, 23.281248234617845, 23.236366372660633, 23.236366372660633, 23.236366372660633, 23.236366372660633]"
instance_291,19,31.26144,33.46009,20,0.07033105320804162,185.66555523872375,1000,"[34.656199920919704, 34.33994404824167, 34.11338877061727, 33.96408695781863, 33.790865284791366, 33.4629663749491, 33.46009359375122, 33.46009359375121, 33.46009359375121, 33.46009359375121]"
instance_297,16,23.8097,24.74184,17,0.03914959029303185,174.77866220474243,1000,"[26.459327220304708, 26.28954086390973, 26.23507439707101, 25.077943696620945, 24.74184449766482, 24.74184449766482, 24.74184449766482, 24.74184449766482, 24.74184449766482, 24.74184449766482]"
instance_283,15,18.38341,19.24897,16,0.047083756495666394,201.1091480255127,1000,"[19.500304148936557, 19.28275769785732, 19.275964279828685, 19.248972632434793, 19.248972632434793, 19.248972632434793, 19.24897263243479, 19.248972632434786, 19.248972632434786, 19.248972632434786]"
instance_294,16,23.60028,25.11667,17,0.06425305123498525,186.50074172019958,1000,"[26.23324285299227, 25.563706922450805, 25.30807462648473, 25.247168703004135, 25.247168703004135, 25.21901012796016, 25.116671713534924, 25.116671713534924, 25.116671713534924, 25.116671713534917]"
instance_296,18,27.42662,28.75651,20,0.04848902270859475,181.77029132843018,1000,"[29.738278284275953, 28.864269436985857, 28.769561568109395, 28.765392549986, 28.765392549986, 28.765392549986, 28.765392549986, 28.765392549986, 28.765392549986, 28.756510812783333]"
instance_286,16,22.523,23.2072,17,0.03037783598987704,196.34013676643372,1000,"[23.833093396702875, 23.438347702194378, 23.436392197650648, 23.396342277185, 23.20720434083751, 23.20720434083751, 23.20720434083751, 23.20720434083751, 23.20720434083751, 23.20720434083751]"
instance_295,19,33.11116,35.28989,21,0.06580047331473744,191.70530891418457,1000,"[36.847824815810476, 35.72621922477482, 35.682612981584185, 35.682612981584185, 35.623558879580635, 35.565992047896835, 35.432018018308746, 35.28989405327113, 35.28989405327113, 35.28989405327113]"
instance_289,15,18.9693,19.35582,15,0.020376081352501192,201.8837616443634,1000,"[21.58716820773897, 19.854556825528647, 19.824988354213446, 19.435165462916917, 19.355824950107447, 19.355824950107447, 19.355824950107447, 19.355824950107447, 19.355824950107447, 19.355824950107447]"
instance_298,16,22.53457,24.59066,18,0.09124159014349957,182.9679298400879,1000,"[25.86379797030829, 24.692816772644797, 24.692816772644797, 24.66934039430486, 24.66934039430486, 24.66934039430486, 24.66934039430486, 24.629629494640263, 24.590659099303153, 24.590659099303153]"
instance_299,14,17.99927,18.57668,15,0.03207963434072607,188.01405239105225,1000,"[20.555879847869292, 19.978641618429915, 19.451946034219404, 19.11951598495269, 19.096525061669038, 18.900667719727572, 18.900667719727572, 18.851910214453678, 18.576676455993407, 18.576676455993407]"
instance_300,15,18.85053,19.56829,16,0.03807638299825002,194.58442211151123,1000,"[21.224364295336034, 19.736881053554434, 19.58382682084532, 19.57955079668461, 19.568293923760372, 19.568293923760372, 19.568293923760372, 19.568293923760372, 19.568293923760372, 19.568293923760372]"
instance_301,15,21.13723,22.07674,17,0.044448113589150615,179.8477907180786,1000,"[23.69006979658523, 22.371703593770096, 22.356942435143317, 22.08183813950852, 22.08183813950852, 22.07674488885344, 22.07674488885344, 22.07674488885344, 22.07674488885344, 22.07674488885344]"
instance_302,16,18.86461,19.84144,16,0.05178108638344496,183.48795247077942,1000,"[21.091882598148942, 20.5636514764819, 20.532770042327172, 20.49817948373431, 20.1430121025578, 20.03243378932179, 20.03243378932179, 20.029312000516498, 19.990054435809213, 19.841436880519044]"
instance_320,15,19.23905,19.92421,16,0.035612985048638045,160.89808177947998,1000,"[21.33067383074391, 20.470674089132114, 20.464084441989144, 20.34803572030286, 20.234127622421163, 20.125375942069343, 20.125375942069343, 20.108290191898142, 19.940053322766328, 19.924209201899156]"
instance_303,16,21.10629,22.67327,17,0.07424232302313657,185.60675072669983,1000,"[23.997195092285803, 23.393303173036916, 23.393303173036916, 23.393303173036916, 22.735075957838045, 22.673270691945156, 22.673270691945156, 22.673270691945156, 22.673270691945156, 22.673270691945156]"
instance_310,17,24.16713,24.85632,17,0.028517660144171026,175.2233910560608,1000,"[27.39139304822444, 25.787758847712645, 25.70586004722767, 25.02136180581199, 25.02136180581199, 25.02136180581199, 24.953899664930326, 24.923467249366134, 24.856323138469207, 24.856323138469207]"
instance_312,15,18.55868,19.15778,17,0.032281390702355986,173.38457942008972,1000,"[20.44123024745622, 19.700587152404758, 19.542776884626363, 19.542776884626363, 19.28594166137115, 19.28594166137115, 19.28594166137115, 19.174073866278754, 19.157777706315986, 19.157777706315986]"
instance_304,16,23.73021,25.98865,18,0.09517151344214822,188.4321801662445,1000,"[27.15495912570422, 26.513495185777234, 26.423189940605816, 26.417954118694357, 26.417954118694357, 26.366672890460578, 25.98918282311094, 25.988654626748914, 25.988654626748914, 25.988654626748914]"
instance_316,15,19.49388,20.46249,16,0.049687902049258444,174.63466095924377,1000,"[21.615201704168594, 21.372500625713464, 21.199864816472033, 20.98865946233753, 20.46259480139778, 20.46259480139778, 20.462488367138793, 20.462488367138793, 20.462488367138793, 20.462488367138793]"
instance_308,16,23.28488,24.28013,18,0.04274232892761305,183.146803855896,1000,"[25.166873572076994, 24.98887009990345, 24.983030455021417, 24.925441566749047, 24.816136594348038, 24.674781075100075, 24.320203817831565, 24.320203817831565, 24.28012740259736, 24.28012740259736]"
instance_326,16,25.01383,26.37368,17,0.05436392587620535,167.19142866134644,1000,"[27.472959669200964, 27.321409727386463, 27.175563270624743, 27.054733848015005, 26.58212048413833, 26.557266263692753, 26.557266263692753, 26.42135597835718, 26.373693337368277, 26.373678002314456]"
instance_307,17,25.91804,27.18554,18,0.04890416096278878,191.03491282463074,1000,"[29.639829615641627, 27.574750057048533, 27.465721172988705, 27.381400449079898, 27.185535679191283, 27.185535679191283, 27.185535679191283, 27.185535679191283, 27.185535679191283, 27.185535679191283]"
instance_317,14,17.56523,18.60571,17,0.05923520500443198,179.0877046585083,1000,"[19.673536043343702, 18.892034137698165, 18.69765705462893, 18.607312037348137, 18.605710464946867, 18.605710464946867, 18.605710464946867, 18.605710464946867, 18.605710464946867, 18.605710464946867]"
instance_311,17,25.52509,26.73085,19,0.04723822717177497,188.7692186832428,1000,"[28.453434488868254, 27.395447455759736, 27.035711864063803, 27.035711864063803, 27.00338464389501, 26.999451080929457, 26.730851999762702, 26.730851999762702, 26.730851999762702, 26.730851999762702]"
instance_309,17,28.72136,30.40131,19,0.05849131099641514,190.73594093322754,1000,"[31.184677756593835, 31.03400421561647, 30.95494023830149, 30.707460752134807, 30.696686339456797, 30.63573683518717, 30.60555170079254, 30.60555170079254, 30.60555170079254, 30.401306207078985]"
instance_323,16,19.83498,21.19494,18,0.06856371924751108,175.9372432231903,1000,"[23.433093006500332, 21.97563213875103, 21.91516868592673, 21.56136232001941, 21.237903677870158, 21.21193765863074, 21.210253894618113, 21.210253894618113, 21.21025389461811, 21.194944107302955]"
instance_313,17,24.90553,26.76259,19,0.07456416305936878,188.87694096565247,1000,"[27.574317849603002, 27.356107722323753, 27.356107722323753, 27.329770476020254, 27.205405538281017, 27.203565659442727, 27.143805252601627, 27.035474119508564, 26.94239877392445, 26.762590604028944]"
instance_315,17,26.26373,27.14299,18,0.033478108402728864,185.35824465751648,1000,"[28.347302306858452, 28.09694716813256, 27.749029548358642, 27.418384083539703, 27.4183840835397, 27.34388648966489, 27.34388648966489, 27.183813334530832, 27.183813334530832, 27.14298822106197]"
instance_305,17,23.93654,25.2053,18,0.05300515446259151,196.08153200149536,1000,"[26.626770789061187, 25.51828036278109, 25.51828036278109, 25.394834394584226, 25.230080592116813, 25.20529622284238, 25.20529622284238, 25.20529622284238, 25.20529622284238, 25.20529622284238]"
instance_306,15,20.39333,21.24449,16,0.041737175831509626,201.46135759353638,1000,"[22.558967364336013, 22.107017351423817, 22.071085192518506, 22.064608163659713, 21.795199274906388, 21.650788253609722, 21.532605791114356, 21.343752296661272, 21.306626243133326, 21.24448950064784]"
instance_318,18,26.47755,27.70031,19,0.046181009949938755,188.76408171653748,1000,"[29.482091272123057, 28.46084555018318, 27.86920206777174, 27.86920206777174, 27.86920206777174, 27.700312793835064, 27.700312793835064, 27.700312793835064, 27.700312793835064, 27.700312793835064]"
instance_322,16,21.61314,22.3469,17,0.033949717625481546,185.48143768310547,1000,"[23.266307997546093, 22.88584600377288, 22.88584600377288, 22.773424962183515, 22.57338702645628, 22.52607373906619, 22.52306018103452, 22.346897950418896, 22.346897950418896, 22.346897950418896]"
instance_328,15,21.91779,22.66952,16,0.034297709759971165,179.62915968894958,1000,"[23.234436741644515, 22.983714715124744, 22.983714715124744, 22.852899397415708, 22.852899397415708, 22.66952194411132, 22.66952194411132, 22.66952194411132, 22.669521944111317, 22.669521944111317]"
instance_325,14,16.40407,16.86791,15,0.028275909576098955,184.0831582546234,1000,"[18.308157557020518, 16.869887314654598, 16.867910595136774, 16.867910595136774, 16.867910595136774, 16.86791059513677, 16.86791059513677, 16.86791059513677, 16.86791059513677, 16.86791059513677]"
instance_314,23,42.86289,44.07387,23,0.028252411351637727,196.58076906204224,1000,"[45.301290198341185, 44.88938561970813, 44.88110436967177, 44.62151957900442, 44.12562850234843, 44.12562850234843, 44.07386975123887, 44.07386975123887, 44.07386975123887, 44.07386975123887]"
instance_332,17,26.6809,28.43539,18,0.06575827651990751,177.51993250846863,1000,"[30.883360194838733, 29.665188470924228, 29.665188470924228, 29.665188470924228, 28.786967115833008, 28.786967115833008, 28.545518881600778, 28.435386579290938, 28.435386579290935, 28.435386579290935]"
instance_321,15,21.98811,23.31638,17,0.06040855717021608,191.70354557037354,1000,"[24.398856626618283, 23.551269227255048, 23.474486822858, 23.455765237055658, 23.455765237055658, 23.455765237055658, 23.455765237055658, 23.455765237055658, 23.31638017248805, 23.31638017248805]"
instance_334,20,35.89476,37.80937,21,0.05333954036745205,176.5978331565857,1000,"[38.88462559826568, 38.08883494080253, 38.08883494080253, 38.06263916636147, 38.024695778538856, 37.8758762505732, 37.86645722734029, 37.86645722734029, 37.86645722734029, 37.80936896047568]"
instance_324,16,22.60117,24.05072,17,0.06413606021281193,189.1927182674408,1000,"[25.53098861684693, 24.662752702372444, 24.596139602678083, 24.581961543617403, 24.514136789828164, 24.382476585252896, 24.382476585252896, 24.382476585252896, 24.35274654652548, 24.050715614577292]"
instance_329,15,17.85091,18.44688,16,0.033385973040029965,186.87380957603455,1000,"[19.49744141158455, 19.002169677653004, 18.852679856439448, 18.62438528988999, 18.564752455082733, 18.564752455082733, 18.44688222498363, 18.44688222498363, 18.44688222498363, 18.44688222498363]"
instance_319,16,19.52604,20.29718,16,0.03949290281081073,196.90252327919006,1000,"[20.948092161072083, 20.612557857704914, 20.521042550231062, 20.35092793574099, 20.35092793574099, 20.35092793574099, 20.35092793574099, 20.297184994585148, 20.297184994585148, 20.297184994585148]"
instance_340,14,17.22026,18.26063,16,0.060415464110297946,179.2931649684906,1000,"[19.934826817938387, 18.36851372863477, 18.26063486303864, 18.260634863038636, 18.260634863038636, 18.260634863038636, 18.260634863038636, 18.260634863038636, 18.260634863038636, 18.260634863038636]"
instance_336,16,21.66317,22.07438,16,0.01898198647751001,188.19115495681763,1000,"[24.63977578791169, 23.578383167954776, 22.886061960476123, 22.462755973093014, 22.424768352888794, 22.1047057970397, 22.1047057970397, 22.079098504470032, 22.079098504470032, 22.07438010869337]"
instance_330,15,18.27081,18.92301,16,0.03569628275922088,194.9330084323883,1000,"[20.61383536093188, 19.61587323773361, 19.61587323773361, 19.609774404805712, 19.358626224735495, 19.358626224735495, 19.358626224735495, 19.04723456420307, 19.04723456420307, 18.92300590951192]"
instance_327,15,21.30703,23.65322,17,0.1101134226590942,198.59896063804626,1000,"[24.539875964754472, 24.465809982445624, 24.028766930374235, 23.964619879231364, 23.903927144375793, 23.85101369512865, 23.82767615332162, 23.82767615332162, 23.684810895323388, 23.653221271303842]"
instance_339,17,21.99647,22.8265,18,0.03773469106633932,187.1677966117859,1000,"[24.417983144905996, 23.25809730941193, 23.25118010376128, 23.229335902776025, 23.123379950995766, 23.123379950995766, 22.826499008687094, 22.826499008687094, 22.826499008687094, 22.826499008687094]"
instance_342,17,27.15058,28.84083,19,0.062254655333329856,182.95363211631775,1000,"[30.107590309964127, 29.355533646596463, 29.30024183208387, 29.27663520788292, 29.183527423777036, 29.16209146640998, 28.930020300581543, 28.884194877492767, 28.84083017003567, 28.84083017003567]"
instance_337,15,18.37198,19.14431,15,0.04203847380630722,190.08895444869995,1000,"[20.706689823998538, 20.03778035004813, 20.03778035004813, 20.03778035004813, 20.03778035004813, 20.03778035004813, 19.205915130893555, 19.205915130893555, 19.19146875344948, 19.14431150498301]"
instance_338,16,22.13466,23.07961,17,0.04269096521021776,190.45806217193604,1000,"[24.926649793968163, 24.016361283171957, 23.973216639760956, 23.811859103127876, 23.768344049020136, 23.768344049020136, 23.59059723492314, 23.12760619159568, 23.079610518450718, 23.079610518450718]"
instance_335,16,22.56946,23.92395,17,0.060014284790154575,193.57524037361145,1000,"[25.32863854322984, 25.004847510708366, 24.812752290049076, 24.565030964988836, 24.090929708653558, 24.00551081012027, 23.92395025079093, 23.92395025079093, 23.92395025079093, 23.92395025079093]"
instance_345,19,31.57221,33.30157,20,0.05477475286018938,184.51470923423767,1000,"[34.10050186516718, 34.07269548404695, 34.061776113854016, 33.57341433054256, 33.41284590232522, 33.36901361582922, 33.36901361582922, 33.363088128036175, 33.363088128036175, 33.30156747124084]"
instance_331,16,22.09437,23.2785,17,0.053594196168526176,200.7244999408722,1000,"[24.88862660779988, 23.896683249751167, 23.876630029314676, 23.552858100718364, 23.406661181039034, 23.351826370910125, 23.348732265138924, 23.333356663743643, 23.283773210420097, 23.278502109112903]"
instance_333,15,21.93693,23.02526,17,0.04961177338852789,196.9166932106018,1000,"[25.093639833184834, 23.250144387094316, 23.2026623018963, 23.025264487662422, 23.025264487662422, 23.025264487662422, 23.025264487662422, 23.025264487662422, 23.025264487662422, 23.025264487662422]"
instance_341,16,20.30459,21.03304,16,0.03587612456099821,190.20540142059326,1000,"[22.96530264684662, 21.96075791603336, 21.559668168920325, 21.408203383944077, 21.296210360928033, 21.054254775494375, 21.03304415216202, 21.03304415216202, 21.03304415216202, 21.03304415216202]"
instance_347,20,35.89069,37.80005,21,0.053199311576344714,179.28104734420776,1000,"[39.93767746481361, 38.99936451797506, 38.25923008333166, 38.22083559568788, 38.16356064245421, 38.16356064245421, 38.161306200681004, 38.161306200681004, 37.831568803920376, 37.80004615153662]"
instance_343,20,30.52344,31.93844,20,0.04635781550179138,193.50183415412903,1000,"[33.92031536462905, 33.14806592043493, 32.85059591214221, 32.844706390982886, 32.59077278275097, 32.366913706060046, 32.366913706060046, 32.366913706060046, 31.993070030069013, 31.93843882528087]"
instance_344,18,28.99883,30.10008,19,0.03797567005289512,194.92455768585205,1000,"[31.942194023809925, 31.113770964334886, 30.268949716114452, 30.20521019710043, 30.100080551003593, 30.100080551003593, 30.100080551003593, 30.100080551003593, 30.100080551003593, 30.100080551003593]"
instance_346,15,18.32438,18.73524,16,0.022421495297521635,199.22468614578247,1000,"[19.553222469951304, 19.37254381037555, 19.37254381037555, 19.174417132848355, 18.768670691774073, 18.768670691774073, 18.763182251533664, 18.763182251533664, 18.7352422773945, 18.7352422773945]"
instance_349,16,20.29316,20.71372,16,0.020724224319918546,188.77037167549133,1000,"[22.574781543776204, 22.469892029792224, 21.788804807327452, 21.685450414527274, 21.685450414527274, 21.685450414527274, 21.412092994565963, 21.094791885503515, 20.7244472436777, 20.713715764218612]"
instance_348,16,20.98937,21.67322,17,0.03258077779371175,206.31554865837097,1000,"[22.22818746852948, 21.827167540961128, 21.761083491251927, 21.727882215973167, 21.701194468238857, 21.68441764997616, 21.67321746682095, 21.67321746682095, 21.67321746682095, 21.67321746682095]"
instance_355,17,27.87059,28.77701,18,0.032522454673546586,352.03245759010315,1000,"[29.1344582970385, 28.79601067511302, 28.79601067511302, 28.784762848000025, 28.777010626071835, 28.777010626071835, 28.777010626071835, 28.777010626071835, 28.777010626071835, 28.777010626071835]"
instance_350,17,26.61501,27.96067,18,0.05056019141078657,372.0730028152466,1000,"[29.031046449497623, 28.20075354798633, 28.20075354798633, 28.20075354798633, 28.198037757833198, 28.198037757833198, 28.140128213644605, 28.140128213644605, 27.97011903226969, 27.96066662358455]"
instance_351,19,31.95289,33.29821,20,0.04210323385459022,370.3207919597626,1000,"[35.96257461772584, 34.461950110816694, 33.4721488187621, 33.4721488187621, 33.4721488187621, 33.32980795297976, 33.32980795297976, 33.29820501951096, 33.29820501951096, 33.29820501951096]"
instance_354,18,28.36273,29.84003,19,0.052085959285301506,361.1721649169922,1000,"[30.85961019775514, 30.289416200567846, 30.230530002950083, 30.23053000295008, 30.188031906390034, 30.18803190639003, 29.84625599498757, 29.84625599498757, 29.84625599498757, 29.84002877308148]"
instance_353,18,28.55357,28.92418,18,0.012979462813231382,362.022825717926,1000,"[31.659260404058543, 29.052925044655723, 28.99659368111492, 28.924256863541405, 28.9242568635414, 28.924177155156485, 28.924177155156485, 28.92417715515648, 28.92417715515648, 28.92417715515648]"
instance_357,20,34.16508,35.66366,21,0.043862914999759896,361.2125172615051,1000,"[38.94165952293785, 37.160596930278096, 36.18278623611947, 35.71840546384059, 35.715009826432166, 35.71364582972713, 35.70824423571992, 35.68733196686163, 35.6676190533458, 35.663658058362046]"
instance_358,17,25.92321,27.33243,18,0.0543613233083402,357.98587584495544,1000,"[29.804293248528143, 29.339615447238018, 29.287324918750375, 28.018301042993944, 27.34269546612006, 27.34269546612006, 27.34269546612006, 27.34269546612006, 27.332429809472945, 27.332429809472945]"
instance_352,19,30.90264,32.2509,20,0.04362928215841753,371.42120337486267,1000,"[34.40024934740912, 33.77719294921792, 33.26565776033416, 33.26565776033416, 32.66444125876592, 32.445685590965844, 32.36094514837383, 32.25089639469599, 32.25089639469599, 32.25089639469599]"
instance_359,15,18.85424,19.85815,16,0.053245848148745195,357.66360545158386,1000,"[20.886963028655796, 20.564026435889257, 20.481550271697515, 20.255347381943228, 19.85815305925807, 19.85815305925807, 19.85815305925807, 19.85815305925807, 19.85815305925807, 19.85815305925807]"
instance_356,17,23.40106,24.63114,17,0.05256514021159714,365.18571162223816,1000,"[27.92366435457298, 25.190157715758662, 25.044561291491434, 25.044561291491434, 24.83697845732651, 24.736011111863007, 24.653021278629883, 24.650597177068008, 24.6375813385036, 24.63113509720816]"
instance_362,17,26.10372,27.52132,18,0.05430643601754847,355.62238073349,1000,"[28.121270951342446, 27.87403057851688, 27.87403057851688, 27.87403057851688, 27.740090003570952, 27.740090003570952, 27.740090003570952, 27.740090003570952, 27.74009000357095, 27.521323986506065]"
instance_364,18,28.88786,29.95268,19,0.036860466645850576,355.02910113334656,1000,"[31.00083250710836, 30.765084994486088, 30.765084994486088, 30.707533842832326, 30.354779289500314, 30.174717447943536, 29.95732999671236, 29.95268282803103, 29.95268282803103, 29.95268282803103]"
instance_360,15,17.687,18.59578,16,0.05138124045909426,363.1779713630676,1000,"[19.25927216814884, 19.13087027716292, 19.13087027716292, 18.618086111575057, 18.618086111575057, 18.618086111575057, 18.5957828029141, 18.5957828029141, 18.5957828029141, 18.5957828029141]"
instance_367,16,23.16392,24.05956,17,0.038665303627365324,355.4049849510193,1000,"[24.473363451117443, 24.293447462805016, 24.238860174117537, 24.238860174117537, 24.238860174117537, 24.238860174117537, 24.162261010499943, 24.059558814223696, 24.059558814223696, 24.059558814223696]"
instance_361,16,21.39023,22.32725,17,0.04380598058085399,362.0855441093445,1000,"[24.078450745677696, 23.29157688384104, 22.8697937082931, 22.504714892003815, 22.33199853069174, 22.33199853069174, 22.33199853069174, 22.327253129623287, 22.327253129623287, 22.327253129623287]"
instance_376,19,32.99926,34.19506,19,0.03623717622758808,347.36481046676636,1000,"[36.094528966055705, 34.86200670991278, 34.269098744151826, 34.269098744151826, 34.269098744151826, 34.20004483454622, 34.19506251649244, 34.19506251649244, 34.19506251649244, 34.19506251649244]"
instance_372,18,28.70274,29.67942,18,0.0340274134107058,351.18983697891235,1000,"[32.187245466863835, 30.57201427570189, 30.10362469285231, 29.696120973304343, 29.679421193567897, 29.679421193567897, 29.679421193567897, 29.679421193567897, 29.679421193567897, 29.679421193567897]"
instance_373,14,17.26693,18.25438,15,0.05718735177590936,352.74574518203735,1000,"[19.238093219824243, 18.974190685855575, 18.511368569497833, 18.511368569497833, 18.511368569497833, 18.511368569497833, 18.38775123485731, 18.263682024308313, 18.263682024308313, 18.254384835952518]"
instance_368,17,25.33444,26.51837,18,0.04673203749520416,362.6773293018341,1000,"[28.09038380465069, 26.94007732613932, 26.94007732613932, 26.80608082511023, 26.76369478387329, 26.518367689571505, 26.518367689571505, 26.518367689571505, 26.518367689571505, 26.518367689571505]"
instance_363,18,29.40874,29.99248,19,0.019849201291860814,365.4677414894104,1000,"[32.705836846822706, 30.68943660660046, 30.68943660660046, 30.563662482810887, 30.219879937787542, 29.992475067978027, 29.992475067978027, 29.992475067978024, 29.992475067978024, 29.992475067978024]"
instance_366,20,33.79203,36.15355,21,0.06988393417027643,363.8771073818207,1000,"[36.95839798704682, 36.42263008890677, 36.42263008890677, 36.414479018561174, 36.22068629926204, 36.207580363606425, 36.207580363606425, 36.207580363606425, 36.15355261368416, 36.15355261368416]"
instance_384,15,18.75619,19.88696,16,0.06028783031095325,339.86653232574463,1000,"[21.392483799666966, 20.061138730010295, 20.025370944685285, 19.938758834230896, 19.938758834230896, 19.938758834230896, 19.90249035482106, 19.8869644547188, 19.8869644547188, 19.8869644547188]"
instance_369,15,21.23781,22.56467,16,0.062476309939678336,361.28065943717957,1000,"[23.65690873845501, 22.564666542947617, 22.564666542947617, 22.564666542947617, 22.564666542947617, 22.564666542947617, 22.564666542947617, 22.564666542947617, 22.564666542947617, 22.564666542947617]"
instance_371,14,17.89581,18.37311,15,0.026671047580411257,360.2176411151886,1000,"[19.114325442041704, 18.918611542705946, 18.55825636943113, 18.55472875062846, 18.55472875062846, 18.55472875062846, 18.55472875062846, 18.482507601645448, 18.482507601645448, 18.37310779871417]"
instance_365,16,19.76326,20.81281,17,0.05310611710820988,368.42816138267517,1000,"[22.05948553275096, 21.51457234476324, 21.42863950744243, 21.42863950744243, 21.42863950744243, 20.829999997216834, 20.812812462066663, 20.81281246206666, 20.81281246206666, 20.81281246206666]"
instance_377,15,22.89932,24.22575,17,0.05792442745024752,357.5727424621582,1000,"[27.23501342751074, 24.96497383874545, 24.40781283609972, 24.370987551024257, 24.370987551024257, 24.237662106116208, 24.22574582193338, 24.22574582193338, 24.22574582193338, 24.22574582193338]"
instance_374,19,29.76301,30.7283,19,0.032432539585209946,360.50283789634705,1000,"[33.18714136246904, 32.47847223569908, 31.68869138228907, 31.478732123784468, 30.841797719159615, 30.841797719159615, 30.72990433432822, 30.72829608687256, 30.72829608687256, 30.72829608687256]"
instance_381,19,33.42731,35.86315,20,0.0728697582904517,351.29686164855957,1000,"[36.52433607877991, 36.15342321943885, 36.05536661991999, 35.86418964957229, 35.86418964957228, 35.86315119221769, 35.86315119221769, 35.86315119221769, 35.86315119221769, 35.86315119221769]"
instance_375,17,23.84722,24.88506,19,0.043520376798637295,363.43306255340576,1000,"[26.64379249991836, 26.456762343117855, 26.371383861637707, 26.203227676067634, 26.203227676067634, 26.203227676067634, 25.705018300254377, 25.390584600261285, 25.062442721428663, 24.885058025360316]"
instance_383,14,17.86299,18.2812,16,0.023412093943958903,347.65808272361755,1000,"[20.455172139487264, 18.920157512821298, 18.760291537652446, 18.644048361995335, 18.545641050282306, 18.293304356957673, 18.281197029154303, 18.281197029154303, 18.281197029154303, 18.281197029154303]"
instance_370,17,27.11471,28.77863,18,0.06136595228199015,369.5808844566345,1000,"[30.081832085330188, 29.25698794871592, 29.25698794871592, 29.038674988629175, 28.93943016353158, 28.93724221428117, 28.84749040877778, 28.845597016836553, 28.778630932947955, 28.778630932947955]"
instance_379,19,28.42147,29.63368,20,0.04265120699246024,361.0643699169159,1000,"[30.193163017556955, 30.14675445367941, 29.881653214056186, 29.656469630309708, 29.656469630309708, 29.656469630309708, 29.656469630309708, 29.656469630309708, 29.636301828212158, 29.63367575489076]"
instance_380,15,20.6139,21.7845,16,0.05678692532708513,363.01712107658386,1000,"[23.104284976886866, 22.242123333477082, 22.015861555260194, 22.015861555260194, 21.866256280143453, 21.866256280143453, 21.841429486176633, 21.841429486176633, 21.784502456809907, 21.784502456809907]"
instance_394,19,32.87178,34.34968,20,0.0449595367211632,348.0255198478699,1000,"[36.886677617588674, 34.99696798261289, 34.629590938935145, 34.44083187174978, 34.35029464816888, 34.34967800830399, 34.34967800830399, 34.34967800830399, 34.34967800830399, 34.34967800830399]"
instance_378,19,31.39746,32.97423,20,0.05021966745080653,368.1107213497162,1000,"[35.445822437324196, 33.78422748822662, 33.78140372020381, 33.586590648791415, 33.586590648791415, 33.514048250086944, 33.27982184879837, 33.08531568638232, 32.97460221935756, 32.97423195102225]"
instance_386,18,27.65057,29.32222,19,0.06045625822541826,355.8738353252411,1000,"[30.963216087120028, 29.75794162966345, 29.746725844151484, 29.428898626373602, 29.322222641690498, 29.322222641690498, 29.322222641690498, 29.322222641690498, 29.322222641690498, 29.322222641690498]"
instance_387,14,17.42458,18.41918,14,0.05708028543586141,358.76176381111145,1000,"[19.3644528922219, 19.207901952000626, 19.207886173098434, 19.207886173098434, 18.91412246090139, 18.776817787484546, 18.568251296796785, 18.560288022704334, 18.445363066654178, 18.419184493311775]"
instance_396,18,29.33786,30.88523,20,0.052743110779041175,346.8351893424988,1000,"[32.21161526477974, 31.26996908627191, 31.207692725008915, 31.207692725008915, 31.192071662042572, 30.88522518510663, 30.88522518510663, 30.88522518510663, 30.88522518510663, 30.88522518510663]"
instance_391,16,20.861,21.51005,16,0.031113081827333255,356.2969262599945,1000,"[23.35952552569184, 22.476820646467868, 22.267114275595915, 22.09094750983633, 21.650991402221134, 21.548967015792464, 21.51004600761126, 21.510046007611255, 21.510046007611255, 21.510046007611255]"
instance_382,18,27.74149,29.33141,19,0.05731199009137588,363.8448085784912,1000,"[30.712950395222858, 30.164486228754868, 29.807164148048965, 29.786025611723787, 29.786025611723783, 29.786025611723783, 29.412681951541405, 29.412681951541405, 29.393749467688384, 29.331409273619617]"
instance_388,17,26.12807,26.99202,17,0.033065970812233704,360.2477490901947,1000,"[29.004932375205275, 28.232119859546696, 28.232119859546696, 28.199783520973018, 28.16495863775999, 27.673347858671043, 27.198755573854896, 27.04272019394505, 26.99351762843202, 26.992020760998955]"
instance_385,15,18.97358,19.62959,16,0.03457491944061174,367.09331941604614,1000,"[21.575232058741854, 20.316418809766816, 20.08051436401186, 19.980377056961476, 19.980377056961476, 19.980377056961476, 19.980377056961476, 19.66495555312308, 19.66495555312308, 19.62959173700447]"
instance_390,18,26.4874,27.2504,19,0.02880614933893089,363.0291471481323,1000,"[28.88709647596164, 27.527318698589177, 27.527318698589177, 27.32356439125744, 27.314587327967427, 27.287286922087958, 27.250401520131067, 27.250401520131067, 27.250401520131067, 27.250401520131064]"
instance_392,16,23.11177,23.69891,16,0.025404371884974693,363.3925449848175,1000,"[24.647166652210927, 24.54125687622517, 24.11206740696334, 24.012482758143186, 23.70952245909988, 23.70952245909988, 23.709522459099876, 23.698910256870754, 23.698910256870754, 23.698910256870754]"
instance_389,18,28.53259,29.69169,19,0.04062372185630545,366.34640288352966,1000,"[31.904947360035887, 31.548662154623127, 31.51114420959843, 31.466370579006366, 31.39885912277355, 31.156996480844956, 30.798918387559365, 29.75833566871749, 29.69169132892695, 29.69169132892695]"
instance_393,18,30.68329,32.13911,20,0.0474466721137141,368.2933421134949,1000,"[33.48650396393601, 32.82993224945218, 32.32302764278657, 32.287286079709226, 32.13910851303853, 32.13910851303853, 32.13910851303853, 32.13910851303853, 32.13910851303853, 32.13910851303853]"
instance_397,17,23.1378,24.33441,17,0.05171667142079194,365.323912858963,1000,"[26.33943098336136, 24.49345171289508, 24.334406598412997, 24.334406598412997, 24.334406598412997, 24.334406598412997, 24.334406598412997, 24.334406598412997, 24.334406598412997, 24.334406598412997]"
instance_395,15,19.82788,20.46321,17,0.032042255652142325,376.88860511779785,1000,"[21.430669557084006, 20.817224164181642, 20.571711526057474, 20.52297612077159, 20.52297612077159, 20.504780498018572, 20.463205316476852, 20.463205316476852, 20.463205316476852, 20.463205316476852]"
instance_398,16,24.4303,25.88222,18,0.059431116277737124,364.70870637893677,1000,"[27.429112959335367, 26.933470450890226, 26.785840737699168, 26.459155899924706, 26.02609112069716, 25.96221778741114, 25.96221778741114, 25.96221778741114, 25.94977029929955, 25.882222820761402]"
instance_399,18,26.8727,28.15758,19,0.047813580325013906,365.65125727653503,1000,"[29.557739596263396, 28.25495196372442, 28.25495196372442, 28.248695951938465, 28.157580547448724, 28.157580547448724, 28.157580547448724, 28.157580547448724, 28.157580547448724, 28.157580547448724]"
instance_400,18,29.78804,31.41252,19,0.05453463873420346,314.7918953895569,1000,"[32.320403842064515, 31.504890327381727, 31.41251508282563, 31.41251508282563, 31.41251508282563, 31.41251508282563, 31.41251508282563, 31.41251508282563, 31.41251508282563, 31.41251508282563]"
instance_416,17,26.17519,27.05528,18,0.03362306061579683,299.8741817474365,1000,"[30.238521787300567, 28.678078464207314, 28.084537801511345, 27.44147065645478, 27.291272865385242, 27.055278681741456, 27.055278681741456, 27.055278681741456, 27.055278681741456, 27.055278681741456]"
instance_401,16,18.81417,20.13657,17,0.07028744823715308,320.9777250289917,1000,"[20.496327881037356, 20.488587256737905, 20.488587256737905, 20.488587256737905, 20.488587256737905, 20.3551894353401, 20.258844365349216, 20.258844365349216, 20.25557333892995, 20.136565660212526]"
instance_409,15,19.42365,20.42493,16,0.051549528538662986,314.65654277801514,1000,"[22.112855137178013, 20.82044698894644, 20.716750777818525, 20.716750777818525, 20.63376984489891, 20.63376984489891, 20.42492951665734, 20.42492951665734, 20.42492951665734, 20.42492951665734]"
instance_402,18,28.80167,30.15377,19,0.04694519449740241,324.6091079711914,1000,"[31.573061893519068, 31.33683608803846, 31.312751269918905, 30.694837456442617, 30.694837456442617, 30.657332712604866, 30.657332712604866, 30.153768862589637, 30.153768862589637, 30.153768862589637]"
instance_405,16,22.78376,24.45453,18,0.07333161866171331,320.66705322265625,1000,"[24.611111185370397, 24.516128736284205, 24.516128736284205, 24.516128736284205, 24.48263270990559, 24.48263270990559, 24.48263270990559, 24.45452737606608, 24.45452737606608, 24.45452737606608]"
instance_403,18,26.91307,27.49431,18,0.021596941560364444,325.22961807250977,1000,"[29.96593981514436, 27.95376786282456, 27.786000840455674, 27.69697722634076, 27.69697722634076, 27.662613266647103, 27.624099479365114, 27.49656134625403, 27.494308108342366, 27.494308108342366]"
instance_408,19,30.8048,33.2431,20,0.07915324884433589,318.0499863624573,1000,"[35.64257625834307, 34.19553350577093, 33.66322036882487, 33.34761201101238, 33.27382415512272, 33.27382415512272, 33.27382415512272, 33.27382415512272, 33.24309921404266, 33.24309921404266]"
instance_411,21,38.19667,39.73142,21,0.040180204190574796,315.7704060077667,1000,"[42.7394015686811, 40.97470477894452, 40.133892058812364, 39.73141673624147, 39.73141673624147, 39.73141673624147, 39.73141673624147, 39.731416736241464, 39.731416736241464, 39.731416736241464]"
instance_404,16,21.94225,23.24401,17,0.05932664152491189,328.0119092464447,1000,"[24.826276617637525, 23.37283289712748, 23.244013029698486, 23.244013029698486, 23.244013029698486, 23.244013029698486, 23.244013029698486, 23.244013029698486, 23.244013029698486, 23.244013029698486]"
instance_406,21,38.70082,39.37556,21,0.017434772699906613,324.6056983470917,1000,"[41.65717228963232, 41.577596777452975, 40.44987850809217, 40.42788344512921, 40.40683463312522, 40.40683463312522, 40.34148912290022, 40.11463032824225, 39.3755649489964, 39.3755649489964]"
instance_424,15,18.7037,19.33004,16,0.033487491779701284,305.3064353466034,1000,"[20.75675866338268, 19.636607903569473, 19.636607903569473, 19.636607903569473, 19.58083108955136, 19.33004459239329, 19.33004459239329, 19.33004459239329, 19.33004459239329, 19.33004459239329]"
instance_407,15,19.52945,20.30494,17,0.03970874755817485,326.2968943119049,1000,"[21.426068079173696, 20.688699364776266, 20.5460919789865, 20.501674195498623, 20.411776258851773, 20.411776258851773, 20.375365001768472, 20.304940121550448, 20.304940121550448, 20.304940121550448]"
instance_410,17,24.37848,25.47782,17,0.045094690070915065,323.1207435131073,1000,"[27.663115178067326, 26.88058265184593, 25.812396767679715, 25.810210985133, 25.68022401578875, 25.663987971255956, 25.663987971255956, 25.477820410232003, 25.477820410232003, 25.477820410232003]"
instance_413,19,30.67076,32.66853,20,0.06513597967575617,320.71202206611633,1000,"[36.687639876994474, 34.29281646269782, 34.2549866558306, 34.06798487207083, 33.86355198179227, 33.8443648513434, 33.32252943530632, 33.32252943530632, 32.66852588459638, 32.66852588459638]"
instance_412,15,20.52278,21.4027,16,0.04287528297823192,323.98610377311707,1000,"[22.31101549420068, 21.739321975172846, 21.739321975172846, 21.635535853433552, 21.635535853433552, 21.526594503436094, 21.402696813915448, 21.402696813915448, 21.402696813915448, 21.402696813915448]"
instance_422,17,27.44103,28.89044,19,0.05281908149949183,312.725786447525,1000,"[29.765287144904274, 28.98548526947419, 28.91157559088378, 28.895016830822744, 28.89043633345049, 28.89043633345049, 28.89043633345049, 28.89043633345049, 28.89043633345049, 28.89043633345049]"
instance_417,16,23.72666,24.91747,18,0.05018869069645718,321.5493013858795,1000,"[26.734311565518126, 25.964101945121847, 25.71498147124405, 25.611919020478254, 25.31831361357697, 24.917473464828106, 24.917473464828106, 24.917473464828106, 24.917473464828106, 24.917473464828106]"
instance_420,15,19.8523,20.85794,17,0.050656095263521085,320.7246561050415,1000,"[22.623707163800987, 22.13559379967503, 21.92937836943105, 21.900541505268336, 21.570177754923016, 21.269486552395204, 21.269486552395204, 21.018239287273225, 20.881878839860864, 20.857935872634496]"
instance_428,15,21.32011,22.10832,17,0.03697025953430819,312.54715633392334,1000,"[23.258539112891675, 22.586734133604974, 22.4349907092895, 22.273490579566378, 22.26748034387577, 22.26748034387577, 22.26748034387577, 22.18709799177925, 22.18709799177925, 22.108321926819784]"
instance_415,18,27.03129,27.90615,18,0.032364715113485217,328.0553705692291,1000,"[29.398893394119053, 29.00417258858636, 28.93684338496134, 28.52486875891196, 28.51919942706789, 28.0277007465006, 27.984274386112297, 27.906152763599106, 27.906152763599106, 27.906152763599106]"
instance_426,16,23.8832,24.73156,16,0.035521203188852546,317.12924790382385,1000,"[26.861100575605946, 26.420158415927254, 24.950472569198368, 24.950472569198368, 24.950472569198368, 24.950472569198368, 24.8530566936585, 24.80112330878952, 24.76792652736395, 24.731563714390024]"
instance_423,17,25.49301,28.03184,19,0.09958925995792561,320.9528081417084,1000,"[28.499731975276553, 28.476463046771585, 28.476463046771585, 28.403184373483022, 28.342119973151057, 28.31440757226916, 28.034532295756723, 28.031843666044793, 28.031843666044793, 28.031843666044793]"
instance_421,17,25.62213,27.77552,19,0.08404414465151812,324.17513060569763,1000,"[28.05703292239651, 28.048032937298064, 28.048032937298064, 27.924774331819766, 27.785316080482055, 27.775523326640645, 27.775523326640645, 27.775523326640645, 27.775523326640645, 27.775523326640645]"
instance_431,18,29.25886,30.08711,19,0.028307664755222884,314.7589416503906,1000,"[32.07098639155789, 31.913479220576548, 31.095530173499093, 30.504409691780147, 30.379351961300234, 30.118409555767883, 30.118409555767883, 30.118409555767883, 30.087114601419888, 30.087114601419888]"
instance_414,15,18.7251,19.8246,15,0.05871797747408553,334.63054275512695,1000,"[20.963251902924505, 19.87274624225346, 19.87274624225346, 19.87274624225346, 19.82459679067564, 19.82459679067564, 19.82459679067564, 19.82459679067564, 19.82459679067564, 19.82459679067564]"
instance_427,15,18.01521,18.85634,16,0.046689991401709985,321.44738030433655,1000,"[20.208813597166213, 19.891660023613394, 19.73590333616169, 19.0188285839009, 18.900568949361944, 18.900568949361944, 18.85633578898402, 18.85633578898402, 18.85633578898402, 18.85633578898402]"
instance_433,18,27.53055,29.10859,18,0.05731959586713661,331.49341011047363,1000,"[31.986819523290706, 29.793907665013972, 29.558348623518725, 29.233429446823017, 29.20706764882446, 29.20322671605318, 29.182307221892096, 29.110992060552388, 29.110992060552388, 29.108592270230066]"
instance_419,16,21.64781,22.20807,16,0.025880677999298753,349.93985295295715,1000,"[24.28699499639194, 23.393360766794626, 23.016178896902957, 23.013421676655586, 23.013421676655586, 22.6444195144642, 22.578382051531435, 22.480872945506594, 22.219158505236198, 22.208067996842694]"
instance_418,15,18.01136,19.07011,17,0.05878234625258725,350.9918112754822,1000,"[20.31077378408881, 19.24879100022873, 19.161642237416036, 19.07011291451205, 19.07011291451205, 19.07011291451205, 19.07011291451205, 19.07011291451205, 19.07011291451205, 19.07011291451205]"
instance_432,16,22.85971,23.76293,17,0.03951143737169024,391.58214926719666,1000,"[24.988351136096476, 24.018767587095216, 23.950031931948605, 23.76292520129241, 23.76292520129241, 23.76292520129241, 23.76292520129241, 23.76292520129241, 23.76292520129241, 23.76292520129241]"
instance_437,16,25.85608,26.65863,17,0.031039121166085506,384.01872062683105,1000,"[28.09131311721924, 27.543734168198032, 26.757352914819016, 26.744898069115102, 26.744898069115102, 26.744898069115102, 26.744898069115102, 26.744898069115102, 26.744898069115102, 26.658633501385218]"
instance_425,15,20.51223,22.09303,17,0.07706621854376633,402.63497400283813,1000,"[22.570312261815417, 22.204374514015253, 22.142139051767924, 22.142139051767924, 22.142139051767924, 22.093029713823537, 22.093029713823537, 22.093029713823537, 22.093029713823537, 22.093029713823537]"
instance_441,21,37.00808,39.09653,22,0.05643227100676398,377.82609128952026,1000,"[39.60795112823151, 39.401054906370156, 39.38806306901858, 39.368700123466155, 39.368700123466155, 39.368700123466155, 39.12737959545413, 39.12212187701326, 39.09653375476523, 39.09653375476523]"
instance_429,15,17.82299,18.43431,16,0.034299519889760315,411.8450779914856,1000,"[19.50581600621705, 19.064568998456245, 19.064568998456245, 18.814449388188862, 18.7860170399614, 18.7860170399614, 18.67824596226811, 18.67824596226811, 18.495521465447535, 18.43431455514136]"
instance_434,17,26.1332,27.1794,19,0.040033367517181305,403.901517868042,1000,"[28.240672180260262, 28.01585956545455, 27.73732268208271, 27.541905902335117, 27.397032260804313, 27.397032260804313, 27.35153798251916, 27.25272179267833, 27.17940340006436, 27.17940340006436]"
instance_430,15,18.73048,19.10826,16,0.020169264215332515,410.50367641448975,1000,"[20.888468585191653, 20.054306253817938, 19.49391597939334, 19.492702772488578, 19.178175629368795, 19.171914390928833, 19.140345725554226, 19.140345725554226, 19.108255783695704, 19.108255783695704]"
instance_439,16,23.49034,24.53253,17,0.04436674820372977,399.0172176361084,1000,"[26.243326244194957, 25.20910322832855, 25.20538033478023, 25.205380334780227, 25.205380334780227, 24.736161984947604, 24.600479458655162, 24.569146575861012, 24.569146575861012, 24.532525173901018]"
instance_435,17,26.99832,27.86371,18,0.03205347591998322,405.6816506385803,1000,"[28.261884823306225, 28.11627060359417, 28.080306904998174, 28.055536293631917, 28.055536293631917, 28.055536293631917, 28.055536293631917, 27.936049810849855, 27.936049810849855, 27.863706275407427]"
instance_445,16,25.10287,26.13423,18,0.041085342034596024,388.84134125709534,1000,"[28.10160695967825, 26.881428932572916, 26.85089111834734, 26.76148435968676, 26.76148435968676, 26.76148435968676, 26.73763202422842, 26.134226598975804, 26.134226598975797, 26.134226598975797]"
instance_436,18,28.30126,29.81439,19,0.05346511074065255,404.906943321228,1000,"[30.40317631268439, 30.210002164223592, 29.81438744679475, 29.81438744679475, 29.81438744679475, 29.81438744679475, 29.81438744679475, 29.81438744679475, 29.81438744679475, 29.81438744679475]"
instance_438,17,28.45506,29.8638,19,0.04950753925663842,407.9319715499878,1000,"[30.910527271175, 30.86186286320915, 30.21051041472803, 30.06338993663208, 30.058541891636647, 30.014163203960152, 29.91872143314069, 29.86379809160111, 29.86379809160111, 29.86379809160111]"
instance_444,15,19.29091,20.13972,16,0.04400051630534797,399.7284960746765,1000,"[21.97477207166104, 20.764898346095006, 20.4629927920663, 20.4629927920663, 20.4629927920663, 20.15114154781236, 20.15114154781236, 20.15114154781236, 20.139722905357555, 20.139722905357555]"
instance_443,19,31.44796,32.26407,19,0.025951126877546218,401.1938633918762,1000,"[33.76490750929742, 32.738533922055844, 32.46443523805157, 32.36336525981131, 32.29232530567069, 32.29232530567069, 32.29232530567069, 32.29232530567069, 32.266410759050785, 32.26406662007031]"
instance_440,17,27.91985,29.61796,19,0.06082088549902667,406.35945749282837,1000,"[31.45651827736215, 29.789136056768157, 29.759742098066916, 29.732409400584963, 29.7167249983546, 29.7167249983546, 29.7167249983546, 29.617964989364552, 29.617964989364552, 29.617964989364552]"
instance_442,19,30.23747,31.7212,20,0.04906925083348578,404.5751099586487,1000,"[34.17441570600451, 31.830035336533662, 31.818256774570308, 31.818256774570308, 31.818256774570308, 31.726183463360627, 31.726183463360627, 31.721200474157595, 31.72120047415759, 31.72120047415759]"
instance_447,17,27.18064,28.29199,19,0.040887558203191614,397.66465497016907,1000,"[30.476348984797117, 29.00430349008064, 28.69604137292229, 28.584277056270828, 28.48817542398197, 28.488175423981968, 28.488175423981968, 28.488175423981968, 28.381401663809005, 28.291987865687723]"
instance_446,15,19.88236,20.33351,16,0.02269096827539598,402.66737842559814,1000,"[21.39715890234525, 20.733608785132432, 20.624739702782044, 20.54906561535317, 20.364871516171352, 20.333505748836927, 20.333505748836924, 20.333505748836924, 20.333505748836924, 20.333505748836924]"
instance_448,16,22.91282,24.06469,16,0.05027185654144705,397.7292881011963,1000,"[25.64638467418715, 24.595910903707598, 24.225055371780364, 24.18559920464236, 24.18559920464236, 24.18559920464236, 24.18559920464236, 24.18559920464236, 24.06468616982952, 24.06468616982952]"
instance_449,16,22.45737,23.61884,18,0.051718878924825025,399.25488567352295,1000,"[24.996115693944763, 24.14053207298935, 23.97525927544879, 23.61884265916695, 23.61884265916695, 23.61884265916695, 23.61884265916695, 23.61884265916695, 23.61884265916695, 23.61884265916695]"
instance_450,14,18.60987,19.61092,16,0.0537913483543947,480.7377688884735,1000,"[20.354187466918074, 19.92546766201943, 19.82313774216287, 19.823137742162864, 19.823137742162864, 19.823137742162864, 19.63492478871729, 19.63492478871729, 19.625165446724182, 19.61091840974009]"
instance_452,17,25.05622,26.5139,18,0.05817637297245953,711.8391010761261,1000,"[28.595839455844796, 27.369208518492698, 26.76087426430014, 26.683798708754846, 26.628418273235113, 26.562353180921342, 26.538103271423303, 26.513900689010963, 26.513900689010963, 26.513900689010963]"
instance_455,17,26.45098,27.87684,18,0.053905753208387745,765.3899881839752,1000,"[29.264875643344162, 29.083290316112773, 28.755380127697176, 28.556742924443753, 28.22237015464235, 28.22237015464235, 28.198096089594582, 28.14121233470538, 28.01431633374913, 27.87684499710817]"
instance_453,17,26.33938,27.22035,18,0.03344687688168823,769.3989961147308,1000,"[29.40841905930398, 29.008309803811258, 28.162837849142214, 27.879660951976607, 27.7786917185019, 27.2747650959492, 27.2747650959492, 27.2747650959492, 27.2747650959492, 27.220348301099957]"
instance_458,17,22.56129,24.19259,18,0.07230526268666373,821.6394350528717,1000,"[25.39222309795575, 24.59078608197364, 24.48963002264515, 24.48963002264515, 24.469607012160566, 24.241677721755437, 24.241677721755437, 24.192592402816015, 24.192592402816015, 24.192592402816015]"
instance_451,15,18.33842,18.6699,16,0.018075712084247124,833.2638330459595,1000,"[20.063093661078117, 19.77330633381869, 19.77330633381869, 19.619542960042644, 19.003605449106438, 18.669898278115344, 18.669898278115344, 18.669898278115344, 18.669898278115344, 18.669898278115344]"
instance_456,16,23.07044,24.22234,18,0.049929693581916845,886.899346113205,1000,"[24.951338827408264, 24.378602738218643, 24.378602738218643, 24.378602738218643, 24.346670680908826, 24.263624399277546, 24.263624399277543, 24.222339339498117, 24.222339339498117, 24.222339339498117]"
instance_465,19,30.67108,31.77838,19,0.0361024130875078,929.7367467880249,1000,"[33.79785616550135, 33.035961036729354, 32.597637578569554, 31.888857260363594, 31.847233520355218, 31.847233520355214, 31.778380869880387, 31.778380869880387, 31.778380869880387, 31.778380869880387]"
instance_454,18,27.68998,29.48069,19,0.06466996364749995,944.7555801868439,1000,"[30.819185302083653, 30.68821974487051, 30.31787934963058, 30.203710950392818, 30.203710950392818, 30.20366296468047, 30.059572962100592, 29.804696588363203, 29.786996815275515, 29.480687134592138]"
instance_459,19,31.87618,33.92049,20,0.06413284151363179,942.2886693477631,1000,"[36.839569768788216, 36.10302435754545, 35.62604788978439, 34.28394672001769, 34.27971690307872, 34.27754892706842, 34.17268693012465, 34.17268693012465, 33.92048895994982, 33.92048895994982]"
instance_462,15,20.22135,21.00213,16,0.038611665393260095,938.3638877868652,1000,"[21.712253877382455, 21.287675655772563, 21.06261518451357, 21.046844933445954, 21.006683416561106, 21.006683416561106, 21.006683416561106, 21.00213294063441, 21.00213294063441, 21.00213294063441]"
instance_460,17,27.57799,29.35673,18,0.0644985366953864,942.203768491745,1000,"[32.09864732700198, 30.725456953877362, 30.025391162240265, 29.89581103150036, 29.742980558209315, 29.742980558209315, 29.608086547535102, 29.356728844766206, 29.356728844766202, 29.356728844766202]"
instance_480,16,22.7876,24.2254,16,0.0630957187242184,850.3303105831146,1000,"[24.896983470345848, 24.74137616624721, 24.74137616624721, 24.318167511092355, 24.225398045609445, 24.225398045609445, 24.225398045609445, 24.225398045609445, 24.225398045609445, 24.225398045609445]"
instance_471,17,26.31138,28.0688,19,0.06679315186052574,934.7019383907318,1000,"[29.259199806534056, 28.95707392055548, 28.693223020943392, 28.247990470480264, 28.247990470480264, 28.210985779891182, 28.06880046329232, 28.06880046329232, 28.06880046329232, 28.06880046329232]"
instance_461,15,20.57899,22.14222,17,0.07596242575558845,949.4564304351807,1000,"[23.10101451973785, 22.248239667271683, 22.21730568970536, 22.215780114214795, 22.142216711442078, 22.142216711442078, 22.142216711442078, 22.142216711442078, 22.142216711442078, 22.142216711442078]"
instance_457,16,20.74284,21.26481,16,0.02516386377178822,957.0700697898865,1000,"[22.60714395136071, 21.791001605461467, 21.79036150188003, 21.765076189797355, 21.765076189797355, 21.765076189797355, 21.500291645290012, 21.326355385125495, 21.264812643368266, 21.264812643368266]"
instance_468,15,21.27415,23.05601,17,0.08375704787265305,940.3887946605682,1000,"[24.212773437132167, 23.193640187924526, 23.066499499635988, 23.059297085468085, 23.059297085468085, 23.056005910039453, 23.056005910039453, 23.056005910039453, 23.056005910039453, 23.056005910039453]"
instance_463,15,20.71014,21.28514,16,0.027764177354667775,950.125766992569,1000,"[22.979276323021303, 22.43094061569699, 22.11770920425437, 21.98597101544193, 21.656312340507483, 21.496715287222603, 21.33820243932541, 21.285144509060313, 21.285144509060313, 21.28514450906031]"
instance_467,19,31.88762,33.12521,20,0.03881098683438916,946.3742651939392,1000,"[35.21423692441939, 34.64299968843362, 33.50948460306799, 33.36404955704379, 33.36393694014113, 33.36393694014113, 33.125211933702, 33.125211933702, 33.125211933702, 33.125211933702]"
instance_470,15,20.44388,21.16216,17,0.035134230879852554,942.9472551345825,1000,"[22.278483199375263, 21.542354887396854, 21.48433831246092, 21.48433831246092, 21.354381944491113, 21.354381944491113, 21.354381944491113, 21.354381944491113, 21.354381944491113, 21.162163956199965]"
instance_466,18,28.97634,30.33101,19,0.04675090090742995,948.9375703334808,1000,"[31.671227014359513, 30.48590746262149, 30.485179019365006, 30.485179019365006, 30.450520840197257, 30.34915490852671, 30.34915490852671, 30.33686224379439, 30.33686224379439, 30.33100894832262]"
instance_464,15,21.21762,22.726,17,0.07109091406104921,954.0977861881256,1000,"[23.9158112861864, 23.156863839347338, 22.72599500949417, 22.72599500949417, 22.72599500949417, 22.72599500949417, 22.72599500949417, 22.72599500949417, 22.72599500949417, 22.72599500949417]"
instance_475,17,26.59952,27.23074,18,0.023730503407580386,937.4417712688446,1000,"[29.82647481678385, 28.6909256163702, 27.725063188575405, 27.66458411768784, 27.66458411768784, 27.522324897856294, 27.23073619704437, 27.23073619704437, 27.23073619704437, 27.23073619704437]"
instance_472,15,20.34334,20.82011,17,0.02343617124818237,943.4789233207703,1000,"[22.84137806380386, 22.04426078633044, 21.18594512011113, 21.145239195074012, 21.145239195074012, 21.145239195074012, 21.145239195074012, 21.04119252911061, 21.04119252911061, 20.820111791021795]"
instance_469,16,23.07486,24.48733,18,0.06121250573134567,946.8941237926483,1000,"[24.807501090051623, 24.794662794931728, 24.521982703840585, 24.48733077067186, 24.48733077067186, 24.48733077067186, 24.48733077067186, 24.48733077067186, 24.48733077067186, 24.48733077067186]"
instance_473,17,26.73394,28.32818,18,0.05963355943792794,942.965571641922,1000,"[30.08574313214811, 29.21558935025443, 28.837366239822167, 28.541990145227963, 28.348854019584056, 28.328182662434372, 28.328182662434372, 28.328182662434372, 28.328182662434372, 28.328182662434372]"
instance_482,18,30.22035,31.64813,19,0.04724564738661195,863.0756866931915,1000,"[33.36757078969591, 32.49850901972633, 32.384601365371736, 32.327714245273214, 32.04582350285743, 31.79632339343927, 31.771213815022612, 31.73509377650523, 31.64813465966296, 31.64813465966296]"
instance_487,14,18.25986,18.66996,15,0.02245909881017707,850.6185188293457,1000,"[20.89927952113104, 19.695015122886495, 19.152146159973793, 18.8053316806977, 18.689870350725325, 18.689870350725325, 18.669955242406026, 18.669955242406026, 18.669955242406026, 18.669955242406026]"
instance_476,16,22.76602,23.44054,17,0.029628367189346118,947.9881665706635,1000,"[24.824133577584973, 23.720971081751983, 23.695557055772973, 23.695557055772973, 23.69488492644541, 23.536810893706907, 23.53613876437935, 23.536035403273566, 23.4809753628726, 23.440536032414354]"
instance_477,21,38.65248,39.54172,21,0.023006027038886018,929.6059522628784,1000,"[41.43354986956698, 40.364336280597335, 40.29044497092404, 39.69865550523296, 39.69865550523295, 39.57962409009524, 39.57962409009524, 39.57962409009524, 39.54172480704235, 39.54172480704235]"
instance_478,17,23.05199,24.01808,18,0.04190918007512589,872.308794260025,1000,"[24.743376320747693, 24.382676074442003, 24.355912945787264, 24.240806793288897, 24.240806793288897, 24.240806793288897, 24.218526937040473, 24.02598184939087, 24.02598184939087, 24.01807596448192]"
instance_494,16,23.84752,25.06991,17,0.051258579508477224,845.6401386260986,1000,"[26.40183822874524, 26.308729594474055, 25.60419559768649, 25.556760533172, 25.556760533172, 25.556760533171996, 25.48068075077829, 25.142030713779377, 25.06991299331559, 25.06991299331559]"
instance_481,16,20.23179,20.95183,17,0.035589535083153837,871.5707170963287,1000,"[22.799383328042573, 22.208321681518836, 21.77706125498797, 21.551967057922393, 21.237914165039957, 21.237914165039957, 21.237914165039957, 20.95372312363496, 20.951826247544364, 20.951826247544364]"
instance_489,14,18.42404,19.02041,16,0.03236912208180164,854.2688112258911,1000,"[20.705956320074108, 19.256536770023022, 19.021116190238825, 19.021116190238825, 19.021116190238825, 19.021116190238825, 19.0204097364026, 19.0204097364026, 19.0204097364026, 19.0204097364026]"
instance_488,17,22.83657,23.28219,17,0.019513438314072633,854.5317933559418,1000,"[25.693543823074933, 23.99856374553326, 23.98329668970048, 23.98329668970048, 23.98329668970048, 23.98329668970048, 23.51333558962238, 23.372907320847556, 23.28218621674779, 23.282186216747785]"
instance_491,17,26.595,28.06918,19,0.055430720060161705,850.948150396347,1000,"[30.02819815027452, 28.5422356472554, 28.385225777579414, 28.178651518633007, 28.125082015778492, 28.069176337501858, 28.069176337501858, 28.069176337501858, 28.069176337501858, 28.069176337501858]"
instance_474,15,19.47733,20.07999,16,0.030941612633764496,955.8578295707703,1000,"[20.677247275009876, 20.482345523198077, 20.246280480889265, 20.246280480889265, 20.23507203184474, 20.114739247639626, 20.110319063108573, 20.110319063108573, 20.07999433410034, 20.07999433410034]"
instance_485,17,23.93378,25.02462,18,0.045577422371225945,864.101527929306,1000,"[26.60595043611384, 26.10618228574015, 25.65338137175281, 25.528796942005087, 25.194216747260256, 25.16705753796762, 25.11010125511048, 25.024618981588784, 25.024618981588784, 25.024618981588784]"
instance_492,17,26.22881,27.78931,18,0.05949564619973232,854.3210382461548,1000,"[30.28364070977787, 28.16398471912257, 27.990077187360107, 27.835400973123605, 27.78931140476635, 27.78931140476635, 27.78931140476635, 27.78931140476635, 27.78931140476635, 27.78931140476635]"
instance_484,18,28.67079,29.69383,18,0.0356823094166571,866.9342052936554,1000,"[31.902610632427944, 30.686062419806934, 29.861116744905576, 29.75740702206325, 29.75740702206325, 29.75740702206325, 29.723480358201524, 29.723480358201524, 29.693834338051936, 29.693834338051936]"
instance_486,16,23.3318,24.03999,17,0.03035299462536102,865.5444159507751,1000,"[25.92000339051887, 24.89388355726713, 24.843675660778977, 24.714740264740747, 24.587849258547802, 24.587849258547802, 24.587849258547802, 24.587849258547802, 24.067948775818934, 24.039993639165044]"
instance_493,14,17.25269,18.3118,15,0.06138810817327619,856.387286901474,1000,"[19.63744183396745, 18.590940389811205, 18.36840641855624, 18.311802118220694, 18.311802118220694, 18.311802118220694, 18.311802118220694, 18.311802118220694, 18.311802118220694, 18.311802118220694]"
instance_483,15,18.19273,18.50649,15,0.0172464495433065,884.0445835590363,1000,"[19.829966443630077, 19.03022001762831, 18.85710910609397, 18.586109276079778, 18.586109276079778, 18.586109276079778, 18.50649175079317, 18.50649175079317, 18.50649175079317, 18.50649175079317]"
instance_490,16,20.50728,21.34873,16,0.04103177018112583,864.7279374599457,1000,"[24.353225246955137, 22.350247701808954, 21.520874690239964, 21.465450171156135, 21.465450171156135, 21.465450171156135, 21.40159680605716, 21.34873029520121, 21.34873029520121, 21.34873029520121]"
instance_479,15,19.60545,19.9381,16,0.016967220849304528,888.3772056102753,1000,"[21.494614690842504, 20.96008326292717, 20.7761252493289, 20.7761252493289, 20.7761252493289, 20.7761252493289, 20.70889676407658, 20.39280370804259, 20.031827226031886, 19.938101992416286]"
instance_495,16,24.55284,25.54371,17,0.04035663491473903,871.770259141922,1000,"[25.970017729557092, 25.617124637880195, 25.55817039186477, 25.54370655442827, 25.54370655442827, 25.54370655442827, 25.54370655442827, 25.54370655442827, 25.54370655442827, 25.54370655442827]"
instance_497,14,17.81748,18.22775,15,0.023026264095708293,856.4318468570709,1000,"[18.903932211133274, 18.5958939291891, 18.5292193555331, 18.5292193555331, 18.227754867418984, 18.227754867418984, 18.227754867418984, 18.227754867418984, 18.227754867418984, 18.227754867418984]"
instance_496,15,17.22676,17.79722,15,0.033114758666168254,866.7599172592163,1000,"[19.103622199466443, 18.12392905022387, 17.877198644500634, 17.838180242718323, 17.838180242718323, 17.838180242718323, 17.838180242718323, 17.797222684623655, 17.797222684623655, 17.797222684623655]"
instance_498,16,22.8805,23.84954,17,0.04235222132383469,865.7285995483398,1000,"[25.068340060313087, 24.506367191596517, 24.506367191596517, 24.304085584979337, 23.892904349950083, 23.892904349950083, 23.892904349950083, 23.89290434995008, 23.89290434995008, 23.84954085426519]"
instance_499,17,29.47064,31.27482,19,0.06121957310733662,865.4609615802765,1000,"[31.991853761279973, 31.865048259060607, 31.65909372941856, 31.365563417458674, 31.365563417458674, 31.317279279449764, 31.274815728959826, 31.274815728959823, 31.274815728959823, 31.274815728959823]"
instance_500,17,26.89487,29.26018,19,0.08794651173253476,1310.3707559108734,1000,"[30.114158711007796, 29.71500553082317, 29.41346747722494, 29.385124412708027, 29.385124412708027, 29.383929796673936, 29.342712568702314, 29.341498468236274, 29.341498468236274, 29.260183963931848]"
instance_501,17,25.20806,26.64694,18,0.05708015610880016,1012.6456379890442,1000,"[28.120763617606997, 27.698315991037752, 27.456919044184243, 27.204671928948713, 27.156511444560056, 27.06452640548614, 26.70070646113051, 26.69252166861744, 26.64693881504571, 26.64693881504571]"
instance_502,16,22.92002,24.22876,18,0.057100299214398596,1021.0475118160248,1000,"[27.91383147548979, 24.760509331602076, 24.566442763457452, 24.524735691463874, 24.329996705044266, 24.257509078028164, 24.25614399175589, 24.25614399175589, 24.25614399175589, 24.22875878291838]"
instance_518,18,27.25262,28.5772,18,0.04860376727081656,828.8256421089172,1000,"[30.657802582825244, 29.171611856341165, 28.849357327831314, 28.689722097898066, 28.689722097898063, 28.689722097898063, 28.689722097898063, 28.67732196886667, 28.677321968866664, 28.57720323347757]"
instance_503,17,24.54883,25.2107,18,0.02696136638691133,970.716536283493,1000,"[26.582841385413474, 25.948419971684505, 25.902276936808928, 25.87233213818487, 25.87233213818487, 25.87233213818487, 25.62513287517834, 25.548240567234625, 25.210703610240166, 25.210703610240166]"
instance_505,17,22.20801,23.40217,17,0.053771589620141565,971.0904047489166,1000,"[25.210632758821564, 23.667203417158518, 23.42750202445478, 23.42750202445478, 23.419996623464055, 23.419996623464055, 23.419996623464055, 23.402170606808017, 23.402170606808017, 23.402170606808017]"
instance_515,18,28.55365,30.0757,19,0.05330491898583894,839.5641179084778,1000,"[31.64641909810627, 30.970959430959525, 30.653556203866557, 30.46456989916935, 30.075702545423656, 30.075702545423656, 30.075702545423656, 30.075702545423656, 30.075702545423656, 30.075702545423656]"
instance_504,15,19.2304,20.09267,16,0.04483890090689735,975.2343165874481,1000,"[22.029478097108015, 20.36357640376453, 20.36357640376453, 20.36357640376453, 20.1300053067129, 20.120792710862286, 20.120792710862286, 20.09267040303984, 20.09267040303984, 20.09267040303984]"
instance_508,16,19.56993,20.66918,17,0.056170359321673684,856.349116563797,1000,"[20.979169304099205, 20.775365912542508, 20.709472971006555, 20.68343265481922, 20.68343265481922, 20.673571367710313, 20.673571367710313, 20.66917743523981, 20.66917743523981, 20.66917743523981]"
instance_506,18,29.4666,30.34859,19,0.029931855049445875,860.6403934955597,1000,"[32.722408487057365, 31.740631744551074, 31.200018687993463, 30.83197582021637, 30.715505933561282, 30.695350029682764, 30.39635805006661, 30.35445480657797, 30.348594133271103, 30.348594133271103]"
instance_510,18,25.49999,26.73072,18,0.04826394049566299,856.9592425823212,1000,"[28.314825358589292, 27.335710915607898, 26.933754242879772, 26.85881655909937, 26.841349811439716, 26.828441457324324, 26.747084205498425, 26.730718216207933, 26.730718216207933, 26.730718216207933]"
instance_509,17,27.64701,29.5018,19,0.06708826741119556,858.9292857646942,1000,"[31.392880672851554, 29.94619569236389, 29.80765946364771, 29.648789707992623, 29.535135854503196, 29.534867367282747, 29.534867367282747, 29.501795538436827, 29.501795538436827, 29.501795538436827]"
instance_511,18,28.9978,30.80869,19,0.06244922028567674,859.1141891479492,1000,"[34.25733764947083, 33.220993749954545, 31.99129021349518, 31.424223373652033, 31.237173414969, 30.80868527572772, 30.808685275727715, 30.808685275727715, 30.808685275727715, 30.808685275727715]"
instance_507,16,22.59948,24.06641,17,0.06490990058178336,866.3119945526123,1000,"[24.931945964314195, 24.536991790835476, 24.536991790835476, 24.536991790835476, 24.536991790835476, 24.290368833080745, 24.252520039854428, 24.252520039854428, 24.20112733835186, 24.066410276744854]"
instance_513,17,22.88578,24.61805,18,0.07569197991066941,853.6645498275757,1000,"[26.145665559644318, 25.59518802331838, 25.59518802331838, 25.59518802331838, 25.59518802331838, 25.546106513138966, 25.546106513138966, 25.52018418948231, 25.213557466868505, 24.61805373083127]"
instance_512,19,32.87083,34.38242,20,0.04598575697662655,854.9950289726257,1000,"[37.07460771674289, 35.36926881380815, 35.25066605379894, 35.086583422862354, 34.91886334146642, 34.58679221360109, 34.54060562575151, 34.54060562575151, 34.382415106366686, 34.382415106366686]"
instance_514,16,22.55439,23.93139,18,0.06105241595981974,856.3865885734558,1000,"[25.070497904180044, 24.16916647814075, 24.165381208719488, 24.165381208719488, 24.165381208719488, 24.165381208719488, 24.09695926908066, 24.09695926908066, 24.05187865698517, 23.931394971273008]"
instance_521,19,32.95587,34.79738,20,0.05587805753572883,853.3123230934143,1000,"[37.36369645845383, 36.03200312023169, 34.956064748150105, 34.956064748150105, 34.956064748150105, 34.956064748150105, 34.82951600732108, 34.82951600732108, 34.82951600732108, 34.7973835587895]"
instance_517,16,20.64205,21.12025,16,0.023166303734367347,860.8729095458984,1000,"[23.348073391250534, 21.684439744831064, 21.26826373688447, 21.120253631089767, 21.120253631089767, 21.120253631089767, 21.120253631089767, 21.120253631089767, 21.120253631089767, 21.120253631089767]"
instance_516,15,20.00521,20.4072,16,0.020094265443851768,861.3649394512177,1000,"[21.49504484641757, 21.302921975459974, 21.28046656746971, 21.28046656746971, 20.946120854257217, 20.701935424580164, 20.513379316589553, 20.407203703438533, 20.407203703438533, 20.407203703438533]"
instance_523,15,18.79668,19.68053,17,0.04702160168710658,856.1705842018127,1000,"[21.57304378395091, 20.175053428262032, 20.172449896206846, 19.757233672630562, 19.754975009895503, 19.739427171159495, 19.73585803930579, 19.733204163019625, 19.70344534120813, 19.6805251393655]"
instance_524,16,24.18754,25.55448,16,0.05651422178526643,857.4910809993744,1000,"[27.02782919207045, 26.696953401175524, 26.696953401175524, 26.696953401175524, 26.120950895875566, 25.69715737809936, 25.664443315787597, 25.664443315787594, 25.664443315787594, 25.554475160482955]"
instance_519,15,20.72989,22.22199,17,0.07197819187656088,861.0745174884796,1000,"[23.629164758816806, 22.559074493062937, 22.559074493062937, 22.559074493062937, 22.36643277207638, 22.36643277207638, 22.286100899813075, 22.253646075118297, 22.22199187974681, 22.22199187974681]"
instance_526,15,19.71693,20.87093,16,0.05852838144680738,874.868809223175,1000,"[21.63973977922172, 21.344785988493825, 21.24803593275533, 21.21692671204695, 21.202922240833736, 21.09466241442249, 21.09466241442249, 21.08373560754434, 21.00209956617308, 20.87092762950437]"
instance_520,18,26.43247,27.84731,18,0.05352659059104207,881.2373161315918,1000,"[28.680612001677154, 28.13762922541591, 27.847308795437453, 27.847308795437453, 27.847308795437453, 27.847308795437453, 27.847308795437453, 27.847308795437453, 27.847308795437453, 27.847308795437453]"
instance_530,16,23.64462,25.63871,18,0.08433588697978651,870.4854412078857,1000,"[26.554903369206436, 25.710006575041486, 25.710006575041486, 25.700552642120165, 25.655872945362553, 25.638712690440617, 25.638712690440617, 25.638712690440617, 25.638712690440617, 25.638712690440617]"
instance_525,21,39.85815,41.20379,22,0.03376072396736918,936.6939513683319,1000,"[43.40315469725133, 42.61903360998086, 41.64987079786473, 41.64987079786473, 41.37219214750554, 41.20378587239037, 41.20378587239037, 41.20378587239037, 41.20378587239037, 41.20378587239037]"
instance_536,14,18.54149,19.92383,16,0.0745538788953854,923.3246116638184,1000,"[20.788263373192876, 20.6221937822069, 20.398644855908735, 20.356786714072, 20.043371213687724, 20.043371213687724, 20.00602542766964, 19.984559663682127, 19.923827389235985, 19.923827389235985]"
instance_529,17,26.72535,28.74992,18,0.07575466738508572,930.3816995620728,1000,"[29.93347709781643, 29.559048726158473, 29.3435398123979, 29.264865560813842, 28.74992164900351, 28.749921649003507, 28.749921649003507, 28.749921649003507, 28.749921649003507, 28.749921649003507]"
instance_532,15,21.6113,22.96075,16,0.062441870688019735,930.1887228488922,1000,"[25.389003724711852, 23.779504374463652, 23.72645608355346, 23.595064812117766, 23.58323023435903, 23.58323023435903, 22.96074693261164, 22.96074693261164, 22.96074693261164, 22.96074693261164]"
instance_531,16,20.98006,21.3366,17,0.01699423166568632,988.6276104450226,1000,"[23.382973567509012, 22.027800435962465, 22.027800435962465, 21.935713020365792, 21.917773578626747, 21.398987653367616, 21.33659871435374, 21.33659871435374, 21.33659871435374, 21.33659871435374]"
instance_522,15,21.74142,22.83986,16,0.050522918926178696,1059.7331397533417,1000,"[23.63659584880631, 22.91464701858957, 22.839855231183805, 22.839855231183805, 22.839855231183805, 22.839855231183805, 22.839855231183805, 22.839855231183805, 22.839855231183805, 22.839855231183805]"
instance_539,16,23.1694,24.16874,17,0.04313188947491088,1038.0795412063599,1000,"[25.51173260210366, 24.748380840783412, 24.682308393864197, 24.669613737979034, 24.26024416325105, 24.26024416325105, 24.26024416325105, 24.26024416325105, 24.16874499769784, 24.16874499769784]"
instance_527,14,16.72438,17.50873,15,0.04689859952954907,1052.4509253501892,1000,"[18.537460313464575, 17.96279120494477, 17.900113041635812, 17.80649479694157, 17.580471773988066, 17.580471773988066, 17.580471773988066, 17.580471773988066, 17.580471773988066, 17.508725404733482]"
instance_528,15,18.14959,19.95538,17,0.09949480952462297,1050.8634111881256,1000,"[20.994743024069855, 20.06591237031599, 20.00871405377192, 20.00871405377192, 19.989413169067742, 19.95537842366486, 19.95537842366486, 19.95537842366486, 19.95537842366486, 19.95537842366486]"
instance_534,15,18.33311,19.91703,16,0.08639668883239117,1106.1733946800232,1000,"[20.884309762866042, 20.32418168139082, 20.32418168139082, 20.008134592129764, 19.998740402017916, 19.998740402017916, 19.998740402017916, 19.998740402017916, 19.917025836890886, 19.917025836890886]"
instance_533,16,20.49878,21.39569,17,0.043754311232180564,1106.7139737606049,1000,"[22.18731191480323, 21.978163149165027, 21.865571181383125, 21.865571181383125, 21.83707239311021, 21.72672091952125, 21.692559625480108, 21.39568856320279, 21.39568856320279, 21.39568856320279]"
instance_535,17,26.7457,28.80691,19,0.077066967774259,1104.1102755069733,1000,"[30.599247804356434, 29.977543308056696, 29.977543308056696, 29.76640575339778, 29.700225290030094, 29.39403967507707, 28.818074138838785, 28.818074138838785, 28.80690948818752, 28.80690948818752]"
instance_538,24,45.78753,46.64515,24,0.018730427258251414,1101.532732963562,1000,"[48.13524249672726, 46.904317896115565, 46.898333081604505, 46.898333081604505, 46.898333081604505, 46.88000663523196, 46.8235378158615, 46.822853417712125, 46.64892021467557, 46.6451510709155]"
instance_543,16,23.71431,24.49248,17,0.03281436398528986,1096.5874803066254,1000,"[26.286844852362083, 25.73453050080656, 25.63820235219406, 25.3975497779395, 25.3975497779395, 24.492484523049814, 24.492484523049814, 24.492484523049814, 24.492484523049814, 24.492484523049814]"
instance_542,15,20.77468,21.62522,17,0.04094118417227118,1096.8211889266968,1000,"[22.653468660213, 21.69717474142291, 21.670830418295633, 21.664033423593555, 21.625992780675222, 21.625218045834238, 21.625218045834238, 21.625218045834238, 21.625218045834238, 21.625218045834238]"
instance_541,15,20.60332,21.08167,16,0.0232171319962025,1218.6014292240143,1000,"[22.926736572433917, 21.60400795332619, 21.165924680943917, 21.11263388077185, 21.081665033542546, 21.081665033542542, 21.081665033542542, 21.081665033542542, 21.081665033542542, 21.081665033542542]"
instance_537,16,23.79775,25.37692,18,0.06635795400825699,1222.3911230564117,1000,"[27.7918911633255, 26.2079070795414, 25.491413144350567, 25.45711018579574, 25.456827086438345, 25.384815138067484, 25.384815138067484, 25.384815138067484, 25.384815138067484, 25.376921764860853]"
instance_540,16,21.0201,21.28836,16,0.012762070589578617,1278.2154178619385,1000,"[22.959829970422547, 22.63275165156201, 22.39153319496549, 21.746529824619223, 21.746529824619223, 21.55925454761585, 21.370698787127136, 21.317057712582272, 21.28835753616603, 21.288357536166025]"
instance_545,20,37.06715,38.75234,21,0.045463166172743215,1321.5362827777863,1000,"[40.4221294095162, 39.78524543151047, 39.48721479038963, 39.4562497670043, 39.4562497670043, 39.435532397218815, 38.80357174171357, 38.75234369126367, 38.75234369126367, 38.75234369126367]"
instance_546,17,24.62955,25.59322,18,0.03912657762728107,1318.3309032917023,1000,"[26.702674162491203, 26.054383867388417, 25.6919223924831, 25.598736110224866, 25.598736110224866, 25.598736110224866, 25.593217699190443, 25.593217699190443, 25.593217699190443, 25.593217699190443]"
instance_544,19,31.1124,31.99486,19,0.028363610650415854,1334.369408607483,1000,"[36.07258079665066, 33.93667099493095, 33.82944676769668, 33.41270224808913, 32.10468123923572, 31.994855990722503, 31.9948559907225, 31.9948559907225, 31.9948559907225, 31.9948559907225]"
instance_547,18,31.60787,32.49804,19,0.028162922715134073,1551.9977431297302,1000,"[34.96614423815944, 33.4215119535404, 33.07087745429324, 32.64754366503393, 32.57514161548364, 32.498042919491986, 32.498042919491986, 32.498042919491986, 32.498042919491986, 32.498042919491986]"
instance_548,17,26.26831,26.57343,17,0.01161551694798785,1665.2942237854004,1000,"[29.148249981740815, 28.437678244027914, 28.397178685340503, 28.062039442992486, 27.38191165530379, 27.040177724436816, 26.957754011329992, 26.632527609225484, 26.624672700021158, 26.573428412421404]"
instance_549,16,22.2227,22.99305,16,0.03466500470239892,1775.7901787757874,1000,"[24.583345963797637, 24.148612743974965, 23.745803143030123, 23.74171526439816, 23.74171526439816, 23.420300042869506, 23.40688739548952, 23.374693266655605, 23.374693266655605, 22.993047368076933]"
instance_551,15,18.09194,19.2364,15,0.06325800328765177,2290.1045548915863,1000,"[20.018068548799295, 19.403518044527267, 19.388941891883118, 19.388941891883118, 19.388941891883118, 19.355421392622972, 19.23640268565262, 19.23640268565262, 19.23640268565262, 19.23640268565262]"
instance_553,16,24.41708,25.73711,18,0.05406174694107579,2512.058650493622,1000,"[26.43373723401282, 25.90120354989334, 25.761020841657164, 25.761020841657164, 25.755583783673686, 25.755583783673686, 25.752087684553945, 25.737107369009475, 25.737107369009475, 25.737107369009475]"
instance_552,17,26.02312,27.49714,18,0.05664270848384064,2519.43937087059,1000,"[28.804913905057187, 28.60869539490829, 28.209240422542102, 27.784467660521038, 27.599651995611254, 27.51689444065505, 27.51689444065505, 27.51689444065505, 27.51689444065505, 27.497143782213282]"
instance_556,15,19.4409,19.97715,16,0.027583599524713495,2509.569941997528,1000,"[21.021792060909632, 20.509502661991284, 20.236112520500257, 20.053735491298436, 19.99534921622678, 19.994781022414305, 19.994781022414305, 19.994781022414305, 19.994781022414305, 19.977147241978777]"
instance_550,18,26.60704,28.36438,19,0.06604793317858729,2588.773805141449,1000,"[29.636039300594057, 28.87507097854098, 28.759232992834782, 28.747603425193535, 28.747603425193535, 28.747603425193535, 28.747603425193535, 28.556050053456556, 28.556050053456556, 28.364379969533257]"
instance_562,16,23.98585,24.82933,17,0.03516573313015797,2618.2525358200073,1000,"[28.48153777704441, 26.73718730555202, 25.673979983664097, 25.064670556962064, 24.97110157730925, 24.858157890525536, 24.858157890525536, 24.848485867782117, 24.848485867782117, 24.829327543166578]"
instance_554,18,29.08253,30.11157,19,0.035383441536895245,2690.1886880397797,1000,"[32.14419741191895, 31.337949220141734, 30.59369414437582, 30.11839022868602, 30.111569403103317, 30.111569403103317, 30.111569403103317, 30.111569403103317, 30.111569403103317, 30.111569403103317]"
instance_559,15,22.05937,22.79637,16,0.03340983899358859,2683.3892855644226,1000,"[24.40042645938533, 23.368343192923376, 22.8516323024699, 22.79636571841561, 22.79636571841561, 22.79636571841561, 22.79636571841561, 22.79636571841561, 22.79636571841561, 22.79636571841561]"
instance_555,18,23.59583,25.1388,19,0.06539163911589464,2689.8138275146484,1000,"[26.536220985064, 25.503647805322128, 25.17949330410852, 25.16391287907807, 25.13912785535292, 25.13880409015646, 25.13880409015646, 25.13880409015646, 25.13880409015646, 25.13880409015646]"
instance_561,20,33.65419,36.18798,21,0.07528899076162592,2741.635397911072,1000,"[37.53657954107784, 36.555498218096865, 36.46458519921309, 36.42313718992282, 36.42313718992282, 36.42313718992282, 36.226261746865084, 36.22626174686508, 36.18798010189558, 36.18798010189558]"
instance_560,17,24.157,26.08194,18,0.07968456348056462,2802.6846187114716,1000,"[27.630383274328487, 26.8043149732745, 26.22740088577112, 26.081941810424492, 26.081941810424492, 26.081941810424492, 26.081941810424492, 26.081941810424492, 26.081941810424492, 26.08194181042449]"
instance_564,15,19.16107,20.21305,16,0.054901944411246364,2797.7245666980743,1000,"[20.55785972725132, 20.515216668962104, 20.515216668962104, 20.515216668962104, 20.462453889392226, 20.35091926952873, 20.30324500154215, 20.239638317673723, 20.239638317673723, 20.213050519366913]"
instance_558,18,28.37129,29.67234,19,0.045857978259007615,2863.6368732452393,1000,"[30.590054364015256, 29.943969705146205, 29.932893290786545, 29.708446576015742, 29.708446576015742, 29.700830232611647, 29.672335064063716, 29.672335064063716, 29.672335064063716, 29.672335064063716]"
instance_557,16,22.05042,23.67136,17,0.07351061793834317,2864.8760409355164,1000,"[24.968599989281234, 24.31396982767781, 24.30581453342967, 24.068683314692287, 24.01140203467404, 23.710813670552625, 23.710813670552625, 23.710813670552625, 23.671363196194672, 23.671363196194672]"
instance_565,18,25.90772,27.06848,18,0.044803633820343886,2915.980019569397,1000,"[28.428238740654763, 27.635055675845233, 27.60125734159957, 27.573685659908044, 27.57304786997075, 27.4806702275395, 27.46699721780525, 27.13877786740654, 27.073423369266834, 27.068481345466445]"
instance_567,17,22.58222,23.21929,17,0.028211132475018018,2908.591592311859,1000,"[25.124771568220297, 23.87624463975185, 23.62791425666916, 23.440656879328355, 23.345654439814265, 23.337748739685736, 23.25160932304144, 23.25160932304144, 23.222310043737643, 23.21929037198239]"
instance_566,18,27.50434,28.11551,19,0.022220856781148043,2970.8080866336823,1000,"[31.708651867124505, 29.772397374573984, 29.772397374573984, 29.50374197871253, 28.13235259758543, 28.132352597585427, 28.132352597585427, 28.115513964288162, 28.115513964288162, 28.115513964288162]"
instance_563,15,17.23341,17.70296,15,0.027246493874398724,2975.7960498332977,1000,"[18.70112552569939, 17.83396865224331, 17.702959087250292, 17.702959087250292, 17.702959087250292, 17.702959087250292, 17.702959087250292, 17.702959087250292, 17.702959087250292, 17.702959087250292]"
instance_577,16,24.11399,25.08033,18,0.0400738326589668,2879.9593789577484,1000,"[27.153891299998925, 25.590235680328682, 25.26063482934064, 25.107481981225362, 25.080332520850384, 25.080332520850384, 25.080332520850384, 25.080332520850384, 25.080332520850384, 25.080332520850384]"
instance_573,17,28.04333,29.61941,19,0.05620159945341718,3060.6160793304443,1000,"[31.3964920274422, 30.229469098324326, 29.66586666458734, 29.645985678463838, 29.645985678463838, 29.620072650340987, 29.61941236311572, 29.61941236311572, 29.61941236311572, 29.61941236311572]"
instance_571,15,20.22836,21.35774,17,0.05583151575313081,3081.7471957206726,1000,"[22.159395885994364, 22.000257314713878, 21.998289232793173, 21.755744383412914, 21.414458255180477, 21.40557861081101, 21.357742891013025, 21.35774289101302, 21.35774289101302, 21.35774289101302]"
instance_569,16,23.08083,23.83705,17,0.032763986390437545,3143.4808712005615,1000,"[24.935466377197336, 24.77499646622911, 24.19788679457029, 24.197886794570284, 23.876144821662095, 23.876144821662095, 23.876144821662095, 23.837045316809597, 23.837045316809597, 23.83704531680959]"
instance_568,15,18.40662,19.12297,16,0.038918063175096704,3145.5995569229126,1000,"[19.76973490450053, 19.36321470799412, 19.353101864068655, 19.353101864068655, 19.353101864068655, 19.33315234279072, 19.122966904056177, 19.122966904056177, 19.122966904056177, 19.122966904056177]"
instance_572,16,22.22919,23.33014,17,0.04952722073993704,3141.3386328220367,1000,"[24.785923767416865, 23.601584930627553, 23.43514167240887, 23.330142671507573, 23.330142671507573, 23.330142671507573, 23.330142671507573, 23.330142671507573, 23.330142671507573, 23.330142671507573]"
instance_570,19,30.41901,33.07471,20,0.08730395893883473,3201.5310621261597,1000,"[34.56394588269814, 33.95058028762709, 33.58955548831621, 33.58955548831621, 33.34754186523706, 33.07471452451115, 33.07471452451115, 33.07471452451115, 33.07471452451115, 33.07471452451115]"
instance_575,24,46.65108,48.14524,24,0.032028411775247234,3121.4379522800446,1000,"[51.435451061133435, 49.66351918422095, 49.09436469224459, 48.448940472463136, 48.17055931700498, 48.17055931700498, 48.145235212434, 48.145235212434, 48.145235212434, 48.145235212434]"
instance_579,17,26.57836,27.87418,18,0.048754701193000585,3123.5421693325043,1000,"[29.243216370254206, 28.859901087075198, 28.461703971454476, 28.397316118755338, 28.33730879425197, 28.028812950828097, 27.874221201625247, 27.87422120162524, 27.87418080196954, 27.87418080196954]"
instance_586,16,22.05041,23.33822,17,0.05840299568125946,3059.814268350601,1000,"[24.933004291495287, 23.542124341449675, 23.36525695103826, 23.350149937520722, 23.338223285242485, 23.338223285242485, 23.338223285242485, 23.338223285242485, 23.338223285242485, 23.338223285242485]"
instance_587,18,30.66554,30.97028,19,0.009937539009585316,3059.093547821045,1000,"[32.73351440334077, 31.58038612992118, 31.241714368145747, 31.195720317216082, 31.0451323470546, 31.0451323470546, 30.970275141086315, 30.970275141086315, 30.970275141086315, 30.970275141086315]"
instance_576,20,34.0008,35.66007,21,0.04880091056681018,3240.7928986549377,1000,"[37.31093705393954, 36.5103818490059, 36.40269420007584, 36.242580998442804, 35.69207321106291, 35.66007395523363, 35.66007395523363, 35.66007395523363, 35.66007395523363, 35.66007395523363]"
instance_584,18,28.95155,29.31447,18,0.012535425564434339,3120.61900305748,1000,"[31.39610154349403, 30.556614826543136, 30.1179688026226, 30.086480368441165, 30.007749181210304, 30.007749181210304, 29.8182586174163, 29.765793756278292, 29.3144692007498, 29.3144692007498]"
instance_589,16,22.8607,23.74627,18,0.03873765895182552,3117.182637691498,1000,"[25.356458252341024, 24.896458167549948, 24.615833128637743, 24.412760053142748, 24.404987961602778, 24.404987961602778, 24.352472551874317, 24.352472551874317, 24.29743761451893, 23.746269456242516]"
instance_574,17,23.10439,24.05443,18,0.041119458250142134,3359.7931096553802,1000,"[25.463639947343463, 24.72943041376355, 24.24520183058418, 24.24520183058418, 24.24520183058418, 24.243580687369583, 24.13771413884726, 24.058653531039283, 24.054428188011034, 24.054428188011034]"
instance_581,18,27.10053,29.00235,19,0.07017648732331068,3180.9551038742065,1000,"[30.887770756473426, 29.815270912903312, 29.142786235466183, 29.00786468592811, 29.00786468592811, 29.00786468592811, 29.00786468592811, 29.00235398728271, 29.00235398728271, 29.00235398728271]"
instance_582,18,26.62814,27.61196,18,0.0369466286417302,3181.1383221149445,1000,"[30.709444312912844, 28.683296304952925, 28.66039924038696, 28.30711290770815, 28.30440780808266, 28.181238416483133, 28.07561098395741, 28.07561098395741, 27.68932081547051, 27.61196322234158]"
instance_591,19,32.87285,34.98877,21,0.06436679509078168,3000.6578512191772,1000,"[37.420598124470885, 36.503147759634146, 36.36613218748177, 35.44308351115897, 35.44308351115897, 35.20438923679207, 35.20438923679207, 35.13078058621967, 34.98877375797617, 34.98877375797617]"
instance_583,16,20.99996,21.95328,16,0.04539627694528932,3180.8260288238525,1000,"[23.36928557565885, 23.00633844882884, 22.78955980116653, 22.78955980116653, 22.21979383445386, 21.95327799764456, 21.95327799764456, 21.95327799764456, 21.95327799764456, 21.95327799764456]"
instance_580,16,19.80633,20.89461,16,0.05494607027147387,3298.6325178146362,1000,"[21.32543947791284, 21.26740797630889, 21.19725718046118, 21.19364860759003, 21.123474953733755, 21.123474953733755, 20.894609533784376, 20.894609533784376, 20.894609533784376, 20.894609533784376]"
instance_585,16,18.99014,19.71595,16,0.038220360671379947,3181.3011016845703,1000,"[20.629684531202216, 20.61864598751383, 20.602199466407328, 20.463683972484624, 20.185636031210958, 19.906295836599423, 19.86137631221439, 19.772385430581622, 19.75522901614683, 19.71594643140017]"
instance_578,17,20.79806,21.44287,18,0.031003372429928545,3358.9217360019684,1000,"[22.429442042185574, 21.541371615679584, 21.541371615679584, 21.541371615679584, 21.464515252036577, 21.446255026724558, 21.446255026724558, 21.442874031526934, 21.442874031526934, 21.442874031526934]"
instance_590,17,25.00691,26.85466,18,0.07388957692093896,3122.3626618385315,1000,"[28.499083462728937, 27.40034021043015, 27.212850950462215, 27.212850950462215, 27.212850950462215, 27.045516323399887, 26.854662820744537, 26.854662820744537, 26.854662820744537, 26.854662820744537]"
instance_588,19,29.60315,30.88562,20,0.04332207890038729,3237.500873565674,1000,"[32.60534521444521, 31.93978300949761, 31.584748893603123, 31.529248350274102, 31.325596858986085, 31.325596858986085, 31.0227003748253, 30.89056050139084, 30.89056050139084, 30.8856235606686]"
instance_592,17,26.87171,27.48883,18,0.022965416045350292,3179.383939266205,1000,"[28.460692079871084, 27.619216698219123, 27.56725559521228, 27.56725559521228, 27.56725559521228, 27.54517267848185, 27.54517267848185, 27.508308125492203, 27.488826454003807, 27.488826454003807]"
instance_594,18,29.46342,31.04917,19,0.05382097529750453,3239.153108358383,1000,"[32.66523024943139, 32.04656611403937, 31.416365593985965, 31.13746130573284, 31.131126445332256, 31.051747289415694, 31.051628707069174, 31.04916533521819, 31.04916533521819, 31.04916533521819]"
instance_596,15,19.66786,20.34794,16,0.034578240845724965,3182.7910623550415,1000,"[21.337607084385336, 21.01981879215872, 20.860347755539912, 20.85643711119356, 20.503480541583322, 20.34793776925824, 20.34793776925824, 20.34793776925824, 20.34793776925824, 20.34793776925824]"
instance_595,17,24.57912,25.48164,18,0.036718971224356245,3183.028484582901,1000,"[26.133289484073227, 25.912840101544134, 25.577746470190867, 25.53170957951587, 25.495940455069526, 25.495940455069526, 25.495940455069526, 25.481644271248857, 25.481644271248857, 25.481644271248857]"
instance_593,15,17.97094,18.41867,16,0.024914111337526027,3359.5945839881897,1000,"[20.459806868295246, 19.03698120724913, 19.03698120724913, 19.03698120724913, 18.968242056996537, 18.90314167391741, 18.44615313777506, 18.44615313777506, 18.446153137775056, 18.418665840531297]"
instance_597,16,21.72034,21.96626,16,0.01132210637586696,3258.4822385311127,1000,"[23.332904488649696, 22.736070525087854, 22.73607052508785, 22.62291844474838, 22.514333035433545, 22.462744084172126, 22.180755932435364, 22.051879135283148, 21.966257043156713, 21.966257043156713]"
instance_598,22,43.0657,45.0064,23,0.04506370499028228,3141.6342895030975,1000,"[46.894439849696425, 46.410406908309334, 45.61847312181086, 45.03449237417463, 45.03449237417463, 45.03449237417463, 45.03449237417463, 45.03449237417463, 45.00639812800278, 45.00639812800278]"
instance_599,16,19.52618,20.35557,16,0.04247579403651918,3030.2937989234924,1000,"[22.723720787534404, 20.760310465431342, 20.656561148602037, 20.635214908263936, 20.55677625482405, 20.55677625482405, 20.547707489884438, 20.381384064791597, 20.355566029908484, 20.35556602990848]"
instance_600,19,33.46098,35.75865,21,0.06866714603098904,1784.1776928901672,1000,"[38.280235275217514, 36.11379677016493, 36.088253260085665, 36.040031539991766, 36.03093410403326, 36.03093410403325, 36.02755208380089, 35.94848440783314, 35.90556746791367, 35.75865233063382]"
instance_601,17,27.59534,29.09378,18,0.05430047247107659,1613.5652186870575,1000,"[31.56892898278373, 30.924972173972513, 30.83189555327573, 30.580986627214777, 30.091326342543162, 30.091326342543162, 29.762041167103092, 29.186223255204336, 29.093776710584738, 29.093776710584738]"
instance_606,15,19.12567,19.90841,16,0.04092614794671248,1433.713397026062,1000,"[21.333492613937256, 20.18612131582127, 19.9321168962547, 19.9321168962547, 19.912260940841616, 19.908413422079676, 19.908413422079676, 19.908413422079676, 19.908413422079676, 19.908413422079672]"
instance_602,15,19.02866,19.65528,16,0.03293032720117983,1615.6877517700195,1000,"[20.5358971386115, 19.81818807716483, 19.6937578387619, 19.6937578387619, 19.6937578387619, 19.655283537692497, 19.655283537692497, 19.655283537692497, 19.655283537692497, 19.655283537692497]"
instance_603,15,21.34774,21.99478,17,0.03030953159444498,1561.8983135223389,1000,"[23.545283875506733, 22.416888423541987, 22.416888423541987, 22.364306433068364, 22.324923327541438, 22.187504020165182, 22.105304808661405, 22.028715940562794, 22.010190758900478, 21.994779017929346]"
instance_609,16,21.38274,22.40873,17,0.04798215757194823,1323.4804039001465,1000,"[24.4027161673409, 22.886942089701694, 22.469357610575837, 22.469357610575837, 22.469357610575837, 22.469357610575837, 22.46600989075033, 22.408732439812745, 22.408732439812745, 22.408732439812745]"
instance_611,15,18.71077,19.25956,15,0.029330166529758013,1321.6768064498901,1000,"[20.34964623234062, 20.002374340340506, 20.002374340340506, 20.002374340340506, 19.621563464322875, 19.621563464322875, 19.264510149440063, 19.264510149440063, 19.264170215170157, 19.25956459952311]"
instance_612,16,22.76795,23.65828,17,0.03910453071093367,1321.5922815799713,1000,"[26.78101108091029, 25.019364886291292, 24.5234597261493, 24.46815219852871, 24.46815219852871, 24.468144880778883, 24.2186069093776, 24.2186069093776, 23.99137894777637, 23.65828340069374]"
instance_608,16,20.42393,21.45097,18,0.05028611045964235,1443.363881111145,1000,"[22.624162613708158, 21.890860486168293, 21.890860486168293, 21.68497502763368, 21.61954330650856, 21.514884356069864, 21.46648766530558, 21.45096806163017, 21.45096806163017, 21.45096806163017]"
instance_605,15,19.87236,20.46092,16,0.029617015794802484,1618.2874555587769,1000,"[21.93138220016636, 20.87934067707067, 20.87934067707067, 20.86355035254066, 20.86355035254066, 20.86355035254066, 20.648732653239076, 20.61898280137953, 20.460918276204747, 20.460918276204747]"
instance_604,16,20.8396,21.87075,17,0.0494803163208507,1740.6143639087677,1000,"[22.665493129039163, 22.305919512802042, 22.209737539349042, 22.19753177489971, 22.18109464481519, 22.003880938172934, 21.988918282679194, 21.89071215329176, 21.87370396546767, 21.87074688074854]"
instance_607,18,29.77137,31.36865,19,0.05365154509181128,1678.4554874897003,1000,"[33.09707599550931, 32.75836467887463, 32.602556047181885, 31.83031873756203, 31.830318737562028, 31.64264175596824, 31.383692137390018, 31.368647176128775, 31.368647176128775, 31.368647176128775]"
instance_613,16,22.27367,23.01665,17,0.03335687383354424,1560.7404074668884,1000,"[24.814602422324242, 23.3895279496436, 23.363977996354112, 23.362367099100393, 23.219652627548967, 23.17148116662678, 23.08412660976701, 23.01664889026224, 23.016648890262235, 23.016648890262235]"
instance_616,17,23.88078,24.47254,18,0.02477976012508792,1500.996481180191,1000,"[25.96249634908142, 25.53091961262265, 24.79214439369883, 24.79214439369883, 24.72362142033491, 24.57955276625286, 24.490692280480747, 24.490692280480747, 24.490692280480747, 24.47253923850669]"
instance_617,15,19.69008,20.98031,16,0.06552690491861898,1500.8391370773315,1000,"[22.094080721529416, 21.669801596993658, 21.669801596993658, 21.669801596993658, 21.155847714828138, 21.155847714828138, 21.147504208236068, 21.147504208236068, 21.098657249004166, 20.980308197709295]"
instance_610,16,20.94896,22.14443,17,0.05706584002260734,1679.7083568572998,1000,"[23.114626240541707, 22.662604915362373, 22.63303274170569, 22.6027337346457, 22.6027337346457, 22.497723278354346, 22.257604282933286, 22.14953805367152, 22.144433353899885, 22.144433353899885]"
instance_615,15,19.01696,19.91521,16,0.04723415309281806,1617.7125399112701,1000,"[21.476675716388048, 20.482562129368002, 20.302040272486096, 20.149403363952448, 20.149403363952448, 20.149403363952448, 19.92232108360225, 19.915208428362337, 19.915208428362337, 19.915208428362337]"
instance_620,14,18.21245,19.59819,16,0.07608751156489096,1438.9732177257538,1000,"[20.59438138745005, 19.840609603766552, 19.80479168348498, 19.788714945882447, 19.68217187655262, 19.612893191580913, 19.60854818603604, 19.5981893304013, 19.5981893304013, 19.5981893304013]"
instance_619,19,30.56963,32.16962,20,0.05233920070344331,1441.495176076889,1000,"[32.99450923212194, 32.32736907633869, 32.31623783789266, 32.1696208823548, 32.1696208823548, 32.1696208823548, 32.1696208823548, 32.1696208823548, 32.1696208823548, 32.1696208823548]"
instance_623,15,17.59215,18.63292,16,0.05916104626211113,1438.9850842952728,1000,"[19.67954935277279, 18.878984350049166, 18.878984350049166, 18.878984350049166, 18.68016245448706, 18.68016245448706, 18.680162454487057, 18.680162454487057, 18.67824909063678, 18.632921765852927]"
instance_618,16,22.34663,23.55223,17,0.053949969189985264,1620.791523694992,1000,"[24.518891170580307, 24.214561914331362, 23.721261999066307, 23.6485267096326, 23.6485267096326, 23.6485267096326, 23.643027906275854, 23.552234426955692, 23.552234426955692, 23.552234426955692]"
instance_621,17,24.60283,25.48773,18,0.03596740700155219,1501.1264882087708,1000,"[27.19416323336982, 26.354952302404705, 26.06342336245481, 25.48772951091855, 25.48772951091855, 25.48772951091855, 25.48772951091855, 25.48772951091855, 25.48772951091855, 25.48772951091855]"
instance_614,15,17.42722,18.02448,15,0.034271673852743136,1797.9164175987244,1000,"[19.56533315145808, 18.436073394645856, 18.169957718453706, 18.0721944876433, 18.0721944876433, 18.0721944876433, 18.0721944876433, 18.0721944876433, 18.02447846873148, 18.02447846873148]"
instance_632,16,22.74818,24.02142,18,0.05597107109228069,1320.5591132640839,1000,"[24.187371348302634, 24.15815131723837, 24.15815131723837, 24.15815131723837, 24.15815131723837, 24.021423759191087, 24.021423759191084, 24.021423759191084, 24.021423759191084, 24.021423759191084]"
instance_628,18,27.45581,28.43356,18,0.03561177033203538,1381.5139932632446,1000,"[31.576483860889134, 30.703149090666567, 30.399452979629388, 30.351679063689584, 30.299449662179, 30.299449662179, 29.77770465802766, 28.50552700446366, 28.47082023908783, 28.433563285802556]"
instance_624,15,18.13636,18.88385,17,0.04121499573232992,1501.9073343276978,1000,"[19.31609927421117, 19.0179082575256, 18.9864533016126, 18.9451853789764, 18.9451853789764, 18.94044139931733, 18.94044139931733, 18.90111984158304, 18.90111984158304, 18.883848107691026]"
instance_630,18,29.76021,30.75658,19,0.03347993848161686,1380.4450540542603,1000,"[33.838178896786275, 32.674436835185894, 32.45597253063544, 31.92364786432864, 31.596504826244068, 31.450375036443358, 31.427121748393787, 31.427121748393787, 31.1200485299992, 30.75658067333522]"
instance_625,14,18.2883,19.62075,16,0.07285805679040706,1559.9660217761993,1000,"[20.599481636482977, 20.433404172009197, 20.332754094580384, 19.620749555829967, 19.620749555829967, 19.620749555829967, 19.620749555829963, 19.620749555829963, 19.620749555829963, 19.620749555829963]"
instance_622,15,18.77975,19.67392,16,0.04761351988178751,1679.1949954032898,1000,"[20.16084149771781, 20.10080405483099, 20.078845949650248, 20.078845949650248, 20.067521069920456, 19.96825379905207, 19.96825379905207, 19.96825379905207, 19.96825379905207, 19.673923254708022]"
instance_626,14,16.98937,17.54119,15,0.03248030974662387,1503.0403394699097,1000,"[19.527118071082715, 18.660111064875576, 18.441438619800156, 17.925764653223307, 17.54118687041412, 17.54118687041412, 17.541186870414116, 17.541186870414116, 17.541186870414116, 17.541186870414116]"
instance_639,18,28.11727,29.27864,19,0.041304507870074086,1438.8654987812042,1000,"[31.047120028772515, 30.517862399062462, 30.392621765718065, 30.007193143602983, 29.5906614658905, 29.27864436098442, 29.27864436098442, 29.27864436098442, 29.27864436098442, 29.27864436098442]"
instance_642,17,26.28986,27.45183,18,0.04419840957692434,1320.7907450199127,1000,"[29.39539442349804, 28.202308521421912, 27.723091192355838, 27.65264156657857, 27.65264156657857, 27.607236220889035, 27.585197613421368, 27.585197613421368, 27.538569011392156, 27.451825650330264]"
instance_629,17,27.6843,29.27354,18,0.057405822072438176,1619.2862451076508,1000,"[30.503100799161388, 30.018724565504527, 29.584728419052396, 29.29367111443164, 29.29367111443164, 29.29367111443164, 29.27353729813007, 29.27353729813007, 29.27353729813007, 29.27353729813007]"
instance_627,16,24.16286,25.84642,18,0.06967552682091441,1619.913523197174,1000,"[27.413751483271543, 26.21976403927552, 25.957908428035267, 25.90977676840764, 25.909776768407635, 25.909776768407635, 25.90340725196762, 25.846422038793744, 25.846422038793744, 25.846422038793744]"
instance_633,14,16.18235,16.53933,15,0.022059836797498514,1559.990658044815,1000,"[17.74946262332491, 17.249748291956216, 17.104712226507612, 17.052820519288566, 17.050220000291652, 17.050220000291652, 17.050220000291652, 16.811378639116366, 16.64569587628871, 16.539330021405256]"
instance_641,16,24.34823,24.78198,16,0.017814436614078305,1441.3323669433594,1000,"[26.877226141274598, 25.30700074798502, 25.163595327144257, 25.152053530185547, 25.152053530185547, 24.82909019985154, 24.82909019985154, 24.82909019985154, 24.818520200379435, 24.781976157851055]"
instance_634,17,25.62961,27.06757,18,0.056105418693456525,1617.8959698677063,1000,"[28.023386866151633, 27.507397408597544, 27.23870866033585, 27.23870866033585, 27.23870866033585, 27.23870866033585, 27.067565449669424, 27.067565449669424, 27.067565449669424, 27.067565449669424]"
instance_637,16,25.30089,25.91154,17,0.024135514600474518,1559.7384250164032,1000,"[28.47120124925833, 26.991811156641667, 26.5503323906766, 26.380610355970774, 26.271484943284353, 26.271484943284353, 26.22759707736638, 26.109812157870724, 26.075324494795467, 25.91153893102875]"
instance_635,17,25.13824,26.21955,17,0.04301454676222369,1619.9604625701904,1000,"[27.57659626576479, 27.025385064111163, 26.815799630072263, 26.435572511092328, 26.219548343846853, 26.219548343846853, 26.219548343846853, 26.219548343846853, 26.219548343846853, 26.219548343846853]"
instance_636,15,17.94156,18.19882,15,0.014338775446505336,1679.3746485710144,1000,"[19.89697035033834, 19.20753537113348, 19.081478070208792, 18.971712880666722, 18.92872153822698, 18.392344900589983, 18.353089847730118, 18.353089847730118, 18.353089847730118, 18.198823568711592]"
instance_646,18,30.85873,31.98754,19,0.03657992406038738,1262.3517482280731,1000,"[33.45951454273121, 32.63087840683761, 32.62256989068285, 32.62256989068285, 32.17435701395973, 32.00091221834494, 31.993046397498667, 31.993046397498667, 31.993046397498667, 31.98753915119438]"
instance_638,16,23.14912,23.92357,16,0.03345483543218929,1678.996970653534,1000,"[25.88344002343381, 24.261840754224366, 24.00840759141562, 23.994061289565142, 23.994061289565142, 23.994061289565142, 23.994061289565142, 23.923569147682826, 23.923569147682826, 23.923569147682826]"
instance_631,16,22.3665,23.25572,16,0.0397567791116179,1740.2457842826843,1000,"[24.23652116850107, 23.952867242900247, 23.477121680970875, 23.477121680970875, 23.262582026625353, 23.262582026625353, 23.25571668744033, 23.25571668744033, 23.25571668744033, 23.25571668744033]"
instance_640,18,26.94015,29.05501,19,0.07850216127230177,1680.9956502914429,1000,"[30.515562457078026, 29.885080647331876, 29.314225173603386, 29.314225173603386, 29.314225173603386, 29.114122960280923, 29.055012998573286, 29.055012998573286, 29.055012998573286, 29.055012998573286]"
instance_643,16,23.0467,23.97964,17,0.04048041585129318,1439.8717548847198,1000,"[25.32076459284496, 24.947133061454196, 24.763785083850596, 24.732069254473256, 24.626500891730103, 24.080574926005443, 23.97963547480945, 23.979635474809445, 23.979635474809445, 23.979635474809445]"
instance_645,16,20.92254,21.61036,16,0.032874593620086205,1619.381460905075,1000,"[22.92417310694951, 22.076078230020123, 21.942977370659776, 21.942977370659772, 21.942977370659772, 21.942977370659772, 21.942977370659772, 21.73041555227765, 21.64840487827304, 21.61036168919964]"
instance_648,20,32.61462,33.55458,21,0.028820203945347185,1406.0687935352325,1000,"[35.13411497527071, 34.494115316073625, 34.220304809047846, 34.220304809047846, 33.71507089556292, 33.71000933748413, 33.59370152815708, 33.55457943730977, 33.55457943730977, 33.55457943730977]"
instance_647,15,20.61108,22.22912,16,0.07850340690541206,1408.8082287311554,1000,"[23.108688503441343, 23.04893924456564, 22.850730712405202, 22.537982923236353, 22.51080886031632, 22.437941478973073, 22.437941478973073, 22.395349251703507, 22.395349251703507, 22.229117588399152]"
instance_644,16,19.23765,19.48133,16,0.012666827809010002,1668.1727087497711,1000,"[20.201176945227175, 19.976426538447086, 19.638916461130265, 19.6004351270451, 19.600435127045095, 19.600435127045095, 19.481334014836662, 19.481334014836662, 19.48133401483666, 19.48133401483666]"
instance_649,16,22.45034,22.9578,16,0.02260366658144145,1403.3423018455505,1000,"[24.51389094160718, 24.44825756342677, 24.44825756342677, 24.140731728392463, 23.757289018955046, 23.176387071607262, 23.16009174472542, 23.041780314753442, 23.041780314753442, 22.957802519560712]"
instance_650,19,32.32881,33.17891,19,0.026295431226822295,1458.9113054275513,1000,"[35.16122712542962, 34.82971188346067, 34.468319574219635, 34.41389872040166, 34.40024581373059, 34.269345561811484, 33.735618783509814, 33.50800764961857, 33.21863926570908, 33.178913111306]"
instance_651,16,20.4865,21.40117,16,0.0446474507602568,1746.0271091461182,1000,"[22.365906822239133, 21.95043520000195, 21.75787811537484, 21.52075926632156, 21.52075926632156, 21.469418694219485, 21.45925401633159, 21.45925401633159, 21.45925401633159, 21.401172287507666]"
instance_653,15,21.4434,22.64975,17,0.05625740321031182,1742.4857540130615,1000,"[24.690395629211963, 23.425341094393325, 23.33623555536485, 22.71920922199796, 22.71920922199796, 22.67890291438935, 22.678902914389347, 22.66304042370117, 22.64974678766459, 22.64974678766459]"
instance_661,19,31.63747,33.26035,20,0.05129613714370972,1558.6296112537384,1000,"[35.86623517872189, 34.661990677006955, 34.08848640183741, 33.98411027740519, 33.917984743406535, 33.91519006838734, 33.91487529552196, 33.91487529552196, 33.40980802335614, 33.260347842698295]"
instance_657,17,23.10201,24.19091,19,0.047134426831258354,1738.220532655716,1000,"[25.228429784096942, 24.923964691653772, 24.905944862477234, 24.667658217573887, 24.667658217573887, 24.213451234265275, 24.201228011074164, 24.200216302555923, 24.200216302555923, 24.19090817283894]"
instance_654,15,18.43495,19.46739,16,0.05600449146865064,1859.6956505775452,1000,"[22.187339161810716, 20.04083860674402, 20.023264002996235, 19.962434613543675, 19.639335213543376, 19.467393836369897, 19.467393836369897, 19.467393836369897, 19.467393836369897, 19.467393836369897]"
instance_652,14,16.9905,17.50664,15,0.03037815249698361,1866.9355404376984,1000,"[18.86188334447189, 18.019999004536352, 17.50663670422186, 17.50663670422186, 17.50663670422186, 17.50663670422186, 17.50663670422186, 17.50663670422186, 17.50663670422186, 17.50663670422186]"
instance_666,18,25.61655,26.57684,18,0.037487093304914225,1501.8246343135834,1000,"[28.620823027959457, 27.132110667572977, 26.70898494653442, 26.68611460483894, 26.68611460483894, 26.678886258292685, 26.676160244351554, 26.576844850536126, 26.576844850536123, 26.576844850536123]"
instance_658,16,22.39205,23.63099,17,0.05532945844618958,1861.9219415187836,1000,"[24.597630827520902, 23.89919025614272, 23.793562057577784, 23.659961641853293, 23.630989236332788, 23.630989236332784, 23.630989236332784, 23.630989236332784, 23.630989236332784, 23.630989236332784]"
instance_655,16,23.96176,25.39328,17,0.059741855356200836,1923.505159854889,1000,"[28.10811105691275, 26.453681961442985, 26.130749282176666, 26.100375866416428, 25.88888422648465, 25.88888422648465, 25.69589749979972, 25.543223706240887, 25.417918669860907, 25.393280048577274]"
instance_656,15,20.99554,22.86224,17,0.0889093588447833,1978.203464269638,1000,"[24.07246009787535, 23.44335378772832, 23.30463223418528, 23.247850158624914, 23.11952099538924, 23.068532544848875, 22.93343883221375, 22.88555104882089, 22.868431930920103, 22.862236034562343]"
instance_659,15,20.5698,21.10474,16,0.02600608659296633,1918.7780530452728,1000,"[22.35638209694005, 22.231353359841233, 22.17474050825098, 21.13440001049233, 21.12145490034012, 21.113242012814393, 21.104739203344582, 21.10473920334458, 21.10473920334458, 21.10473920334458]"
instance_660,17,25.72332,26.84204,17,0.04349049811610631,1977.7505660057068,1000,"[27.596900281202434, 27.34022307175895, 27.02683351968846, 26.842042213471466, 26.842042213471466, 26.842042213471466, 26.842042213471466, 26.842042213471466, 26.842042213471466, 26.842042213471466]"
instance_667,14,16.6402,17.83234,15,0.0716421677624066,1801.1417908668518,1000,"[19.215801015659185, 18.574740336496102, 18.3480364815262, 17.857312557473918, 17.832341868690758, 17.832341868690758, 17.832341868690758, 17.832341868690758, 17.832341868690758, 17.832341868690758]"
instance_665,15,19.63734,20.29473,16,0.03347652991698484,1916.9954769611359,1000,"[21.58949871048832, 21.422486614758114, 21.249410498726384, 21.24453566624406, 21.134876486519723, 20.904871708531566, 20.904871708531566, 20.904871708531566, 20.3037840016115, 20.294734630381882]"
instance_662,17,25.36683,26.31075,18,0.037210798511284164,1979.546748638153,1000,"[28.50403491524553, 27.14319750504343, 27.024632187887565, 27.024632187887565, 26.901015533462743, 26.689276522191776, 26.688694392248177, 26.310745029153686, 26.310745029153686, 26.310745029153686]"
instance_670,18,28.41914,29.89093,19,0.051788688890656166,1859.2144811153412,1000,"[31.697405073000727, 30.025396791455687, 29.999929390921565, 29.91873579544972, 29.890934762732478, 29.890934762732478, 29.890934762732478, 29.890934762732478, 29.890934762732478, 29.890934762732478]"
instance_671,17,27.31918,28.88821,18,0.05743327581574562,1800.603132724762,1000,"[31.27954345707299, 29.730136902187823, 29.103544363954427, 29.08985423758683, 29.048999911783003, 29.034495332245598, 28.909132906017962, 28.888206665659116, 28.888206665659116, 28.888206665659116]"
instance_664,18,28.20395,28.72173,18,0.018358421426786033,1980.5250883102417,1000,"[30.525037436822338, 29.59843330661271, 29.48138338918807, 29.13132244744362, 28.86788864320044, 28.780585690890458, 28.780585690890458, 28.721729810237807, 28.721729810237807, 28.721729810237807]"
instance_669,21,36.26666,37.27186,21,0.027716916859727225,1918.4030458927155,1000,"[39.505385870687924, 38.875277166224535, 37.508210314133805, 37.508210314133805, 37.27185657860584, 37.27185657860584, 37.27185657860584, 37.27185657860584, 37.27185657860584, 37.27185657860584]"
instance_668,15,18.94049,19.82125,16,0.046501436868845454,2036.9776332378387,1000,"[20.928909789298128, 19.932885067817686, 19.900121057514696, 19.82422885380777, 19.824228853807767, 19.824228853807767, 19.82176310826457, 19.821250686650767, 19.821250686650767, 19.821250686650767]"
instance_663,16,22.08267,23.81443,17,0.07842167636431652,2098.54584980011,1000,"[24.52248941439654, 24.144865321797255, 24.06712628594956, 24.06712628594956, 24.06712628594956, 24.06712628594956, 24.06712628594956, 24.06712628594956, 24.017423910643508, 23.814431280174247]"
instance_673,17,23.90675,24.85622,18,0.03971556150459605,1859.6701028347015,1000,"[28.119603206356334, 27.167989174117764, 25.738047345474325, 25.676911150553742, 25.359319543958986, 25.14300637812476, 24.973590412239023, 24.973590412239023, 24.85621854724797, 24.85621854724797]"
instance_674,16,23.57931,24.32517,17,0.031631968874407286,1860.2374122142792,1000,"[25.485753368382998, 24.484924113058717, 24.32816339057354, 24.325167975916138, 24.325167975916138, 24.325167975916138, 24.325167975916138, 24.325167975916138, 24.325167975916138, 24.325167975916138]"
instance_684,19,35.05184,37.63599,20,0.07372366186767945,1620.8182971477509,1000,"[39.130709423464516, 38.76042052698546, 37.86223242152464, 37.830378996362924, 37.64799630001704, 37.635994033549885, 37.635994033549885, 37.635994033549885, 37.635994033549885, 37.635994033549885]"
instance_676,17,26.53413,28.12266,18,0.059867423578613604,1859.6958527565002,1000,"[30.261476259245377, 29.108211873822484, 28.238480746754714, 28.151226195932278, 28.151226195932278, 28.131010675491243, 28.131010675491243, 28.131010675491243, 28.122660702871933, 28.122660702871933]"
instance_689,15,19.47953,20.08544,16,0.031104959924597664,1559.7026047706604,1000,"[21.428033526658083, 21.070090468933167, 20.39726704623577, 20.37947067597813, 20.08544154143398, 20.08544154143398, 20.08544154143398, 20.08544154143398, 20.08544154143398, 20.08544154143398]"
instance_672,16,20.54305,21.53642,18,0.04835552656494526,1982.2732071876526,1000,"[23.062868619404878, 21.56767689069075, 21.56767689069075, 21.56767689069075, 21.562068383365443, 21.562068383365443, 21.562068383365443, 21.562068383365443, 21.562068383365443, 21.53642433988532]"
instance_678,16,22.99701,23.89923,17,0.03923205668910871,1861.3871004581451,1000,"[25.304132349248345, 24.136524745524756, 24.013847900369395, 23.941324218719252, 23.905827068037535, 23.905827068037535, 23.905827068037535, 23.899229603245498, 23.899229603245498, 23.899229603245498]"
instance_675,17,22.37914,23.44302,17,0.04753891347031213,2038.93816781044,1000,"[24.839806801040204, 24.090435340157242, 24.044848555780856, 23.453996024933236, 23.453996024933236, 23.453996024933236, 23.443016378824606, 23.443016378824602, 23.443016378824602, 23.443016378824602]"
instance_680,17,25.96838,26.64032,18,0.025875314517116558,1861.3061203956604,1000,"[28.156710474323805, 27.208993330684027, 26.97256271968014, 26.90140216318679, 26.837734250023907, 26.69700920099151, 26.69700920099151, 26.640322725173387, 26.640322725173387, 26.640322725173387]"
instance_681,20,35.32741,37.57611,21,0.06365312373593195,1917.4884233474731,1000,"[37.6595657855222, 37.625324423281306, 37.61324438273201, 37.61324438273201, 37.609581409420194, 37.6065008743202, 37.5999192853267, 37.57611180320422, 37.57611180320422, 37.57611180320422]"
instance_677,14,17.78183,19.01237,16,0.06920210124604731,2038.9658496379852,1000,"[20.04013993316061, 19.21136207077683, 19.148794595828264, 19.012372764026704, 19.012372764026704, 19.012372764026704, 19.012372764026704, 19.012372764026704, 19.012372764026704, 19.012372764026704]"
instance_679,21,36.45094,38.1614,21,0.046924990137428485,1921.5319666862488,1000,"[40.168484167654135, 39.6531621227696, 38.87704307586935, 38.716955916772754, 38.45486107630664, 38.161404996716485, 38.161404996716485, 38.16140499671648, 38.16140499671648, 38.16140499671648]"
instance_683,17,25.4362,26.69649,18,0.04954710216148644,1860.3050231933594,1000,"[28.742079364979826, 27.02216887408116, 27.02216887408116, 26.766670133860526, 26.766670133860526, 26.766670133860526, 26.764071948344842, 26.696492832719258, 26.696492832719258, 26.696492832719258]"
instance_687,17,25.41385,26.66075,18,0.049063797889733356,1802.2250111103058,1000,"[28.894381826393747, 28.266046026625023, 27.571249965366217, 27.467527546138378, 26.951860813602636, 26.908038437084834, 26.87845103033304, 26.66075058812034, 26.66075058812034, 26.66075058812034]"
instance_682,18,28.96425,30.02243,18,0.03653400312454146,1980.4282276630402,1000,"[32.213342503847336, 31.372407747732904, 30.641564197977434, 30.178237927048933, 30.083075112242867, 30.083075112242867, 30.083075112242867, 30.083075112242867, 30.083075112242867, 30.02243390439449]"
instance_688,15,19.26939,19.56883,15,0.015539671987540707,1918.986379146576,1000,"[21.034084998099118, 20.377045718430214, 20.176893348445038, 20.176893348445038, 20.14517582095222, 20.025287886382454, 20.025287886382454, 19.568825351567686, 19.568825351567686, 19.568825351567686]"
instance_685,16,24.07816,24.89203,17,0.03380117085358673,1979.9395718574524,1000,"[25.896881322210383, 25.753054512101738, 25.69710560994617, 25.676045589903946, 25.676045589903946, 25.676045589903946, 25.676045589903946, 25.661932263798338, 24.903250155606017, 24.892034821843524]"
instance_686,21,37.93315,40.52552,22,0.06834048846457524,1979.74733543396,1000,"[42.63971058393095, 41.50412096612299, 41.479696444745365, 40.892478284766554, 40.89247828476655, 40.64733981458633, 40.52551518916916, 40.52551518916916, 40.52551518916916, 40.52551518916916]"
instance_692,14,17.84702,18.97122,16,0.06299090828608912,1859.8402409553528,1000,"[19.823787800420472, 19.44088912633594, 19.084099731286162, 18.971215428251185, 18.971215428251185, 18.971215428251185, 18.971215428251185, 18.971215428251185, 18.971215428251185, 18.971215428251185]"
instance_690,18,29.22151,30.6959,20,0.050455640382718187,1919.9074320793152,1000,"[34.064160094549074, 31.19787942718121, 31.00186121359435, 31.00186121359435, 30.907956053536132, 30.806751882894968, 30.790517714898265, 30.737941638145156, 30.69590009770974, 30.69590009770974]"
instance_691,18,27.94145,29.58757,19,0.058913191691912906,1978.856910943985,1000,"[30.727721929045046, 29.587567167107633, 29.587567167107633, 29.587567167107633, 29.587567167107633, 29.587567167107633, 29.587567167107633, 29.587567167107633, 29.587567167107633, 29.587567167107633]"
instance_696,15,19.35033,20.1425,16,0.04093831991495746,1693.1659405231476,1000,"[21.348378375660296, 20.386378716380484, 20.15621330255132, 20.144533157557465, 20.144533157557465, 20.142500663645478, 20.142500663645475, 20.142500663645475, 20.142500663645475, 20.142500663645475]"
instance_694,18,29.70153,31.51889,20,0.06118742031134413,1980.2347528934479,1000,"[33.08285378673996, 32.653384830051436, 32.07189894747316, 31.94227972845009, 31.873884512750834, 31.81450918893767, 31.81450918893767, 31.750586879868838, 31.518890063209092, 31.518890063209092]"
instance_693,18,28.81357,30.29111,20,0.0512793104082556,2100.0669016838074,1000,"[31.20755556835354, 30.453832937227382, 30.443423954000178, 30.306083077278814, 30.29111139531463, 30.291111395314626, 30.291111395314626, 30.291111395314626, 30.291111395314626, 30.291111395314626]"
instance_695,17,26.64207,27.73852,18,0.04115483519110943,1978.8041365146637,1000,"[29.149031025992453, 28.346793951952513, 27.8225853239644, 27.750224968757795, 27.750224968757795, 27.750224968757795, 27.750224968757795, 27.750224968757795, 27.738519245868993, 27.738519245868993]"
instance_698,15,19.78518,20.79795,16,0.051188313677206866,1989.1186900138855,1000,"[22.32439996942406, 21.20089103134513, 21.166237267256456, 21.004823274131894, 20.85661751445465, 20.85661751445465, 20.85661751445465, 20.85661751445465, 20.85661751445465, 20.79795255061913]"
instance_699,19,32.35371,34.26248,20,0.058996943472634115,2105.1836516857147,1000,"[36.54593849565606, 35.32085438274582, 34.95852162395351, 34.64662591875771, 34.44579179377224, 34.3122960789851, 34.262483093833666, 34.262483093833666, 34.262483093833666, 34.262483093833666]"
instance_697,15,16.76072,17.1589,16,0.023756735987475477,2172.8198657035828,1000,"[18.61697798766952, 17.437054510949988, 17.40579523226875, 17.40579523226875, 17.23156634972794, 17.187126705546675, 17.187126705546675, 17.187126705546675, 17.187126705546675, 17.158903595714726]"
instance_700,19,32.54991,34.72985,20,0.06697222818742056,2200.903334379196,1000,"[36.66349756534632, 36.161878739887364, 35.97442796244671, 35.97442796244671, 35.96180037528383, 35.9466587746718, 35.424572884812505, 34.74503659857951, 34.74503659857951, 34.729845623027195]"
instance_705,16,21.71687,23.35549,18,0.07545378316488516,1845.210398197174,1000,"[24.730406773991223, 23.7175762242254, 23.483855177474343, 23.483855177474343, 23.483855177474343, 23.483855177474343, 23.35549357543101, 23.35549357543101, 23.35549357543101, 23.35549357543101]"
instance_703,20,35.42449,36.94497,21,0.04292171884478786,1910.9214837551117,1000,"[39.49525813988062, 37.63467488917349, 37.36002302440479, 37.36002302440479, 37.36002302440479, 37.34117723674453, 37.34117723674453, 36.9456033980129, 36.9456033980129, 36.94496912400215]"
instance_701,14,16.93272,17.92506,16,0.05860487860190204,1971.3075342178345,1000,"[18.605767778187662, 18.10297015660326, 17.94403795820093, 17.94403795820093, 17.94403795820093, 17.93753844358774, 17.93753844358774, 17.93753844358774, 17.925064155151336, 17.925064155151336]"
instance_702,18,27.02661,28.38578,19,0.05029006597571796,1982.7743911743164,1000,"[29.95223260703929, 28.57198643081618, 28.546989423493375, 28.385780814348372, 28.385780814348372, 28.385780814348372, 28.385780814348372, 28.385780814348372, 28.385780814348372, 28.385780814348372]"
instance_704,18,29.13556,30.8729,19,0.05962953861192301,1924.5052111148834,1000,"[31.762704419004358, 31.554059583154505, 31.378900894396384, 31.37065601090566, 31.23512217886506, 31.185856306496348, 31.135546461035673, 31.11686061939591, 30.98627594079856, 30.872901585267766]"
instance_706,16,25.85533,27.75577,18,0.0735028328781725,1867.9593398571014,1000,"[28.11669460764226, 27.838376111751494, 27.798469619034442, 27.798469619034442, 27.775171688851987, 27.775171688851987, 27.775171688851987, 27.775171688851987, 27.775171688851987, 27.755774113209746]"
instance_707,15,19.11095,19.98841,16,0.0459139917167906,1809.5676357746124,1000,"[22.018538941611453, 20.088561060754287, 20.039039945350034, 19.999736835372136, 19.999736835372136, 19.999736835372133, 19.999736835372133, 19.999736835372133, 19.999736835372133, 19.988413845064404]"
instance_711,15,19.9938,20.5749,16,0.02906400984305131,1692.3950781822205,1000,"[21.72480233071575, 21.229520837876375, 20.738585618138078, 20.694986995127895, 20.574902726729153, 20.574902726729153, 20.574902726729153, 20.574902726729153, 20.574902726729153, 20.574902726729153]"
instance_708,18,28.73692,30.43258,19,0.05900632357260277,1751.627794265747,1000,"[32.141332149747434, 31.345118005960813, 30.73615108558909, 30.633810410988108, 30.6061878404231, 30.6061878404231, 30.6061878404231, 30.6061878404231, 30.6061878404231, 30.432581209268797]"
instance_712,19,30.08577,32.35938,19,0.07557094267489253,1578.0123884677887,1000,"[33.8138778500144, 32.95263539380809, 32.847249585918796, 32.847249585918796, 32.847249585918796, 32.847249585918796, 32.460311141912236, 32.460311141912236, 32.45253559186251, 32.359382054410894]"
instance_710,21,40.23576,41.92277,22,0.04192812562755124,1698.704707145691,1000,"[44.69273237027003, 43.240516498873795, 42.21415113024221, 42.043376508076456, 42.043376508076456, 42.043376508076456, 42.043376508076456, 42.043376508076456, 42.03247724100363, 41.92277221365534]"
instance_709,16,19.93762,20.71111,16,0.03879550317440108,1699.5325331687927,1000,"[22.177864386407705, 20.910313357169326, 20.8926227642318, 20.711111155623946, 20.711111155623943, 20.711111155623943, 20.711111155623943, 20.711111155623943, 20.711111155623943, 20.711111155623943]"
instance_717,15,19.21671,20.21418,17,0.051906387721935746,1401.1057255268097,1000,"[20.966208775465777, 20.553908179013895, 20.279393939472385, 20.223811597241095, 20.223811597241095, 20.223811597241095, 20.214183204738777, 20.214183204738777, 20.214183204738777, 20.214183204738777]"
instance_714,15,18.97315,19.46737,16,0.02604838943454295,1468.9038274288177,1000,"[20.30942173467908, 19.99408370600828, 19.912432229391893, 19.728612452536765, 19.676822420671286, 19.64215215190029, 19.642152151900287, 19.642152151900287, 19.642152151900287, 19.467372469893725]"
instance_713,16,22.74974,24.19951,17,0.0637268821533785,1471.7219915390015,1000,"[25.98599714555255, 25.18066082294449, 24.729456268090075, 24.712265852177897, 24.68011653720916, 24.506816867839138, 24.484965108668035, 24.226464939661962, 24.226464939661962, 24.19951483490937]"
instance_719,15,19.03173,19.71653,16,0.035982015297610845,1351.7840030193329,1000,"[20.9740618775426, 20.35414009412313, 20.14544509670848, 19.82424211540154, 19.8043127878579, 19.8043127878579, 19.716526229658935, 19.716526229658935, 19.716526229658935, 19.716526229658935]"
instance_724,17,27.18706,28.43235,18,0.04580451141094332,1289.3114869594574,1000,"[30.230695613318247, 29.52214030850439, 28.949400060744622, 28.599399522414906, 28.572233033861558, 28.572233033861558, 28.572233033861558, 28.43235009975649, 28.43235009975649, 28.43235009975649]"
instance_715,17,26.44913,27.67563,18,0.04637203567754408,1470.798994064331,1000,"[29.600841653439833, 27.997751841517356, 27.984325343433518, 27.680071053826964, 27.675634101401226, 27.675634101401226, 27.675634101401226, 27.675634101401226, 27.675634101401226, 27.675634101401226]"
instance_729,15,17.55029,18.13314,16,0.03321027743701104,1112.6690039634705,1000,"[19.10827200682617, 18.610399002131533, 18.491134005402245, 18.47169930469509, 18.421084894202245, 18.421084894202245, 18.383231084295616, 18.383231084295616, 18.23350619466678, 18.133142702002033]"
instance_720,16,23.86242,25.6551,18,0.07512565783353074,1294.8205988407135,1000,"[26.225565303411436, 25.919854589424205, 25.71270427694071, 25.701722615298614, 25.701722615298614, 25.701722615298614, 25.701722615298614, 25.701722615298614, 25.655104745968746, 25.655104745968746]"
instance_722,18,28.11207,29.09746,19,0.03505220355527012,1294.0773448944092,1000,"[31.80479955485872, 29.852475696692046, 29.76046589197828, 29.584605454025635, 29.563773400046067, 29.485649033494386, 29.441100792159585, 29.323394273895698, 29.249318168281565, 29.097459734798825]"
instance_718,15,21.89164,23.11144,17,0.05571990038206379,1417.0463597774506,1000,"[25.174928392811495, 24.19181195041996, 24.075968160675075, 24.075968160675075, 23.43488178639472, 23.20430468429959, 23.111435042363194, 23.11143504236319, 23.11143504236319, 23.11143504236319]"
instance_732,16,19.36904,20.03428,16,0.034345532871014814,1060.3825778961182,1000,"[21.80972198187029, 20.0394380653659, 20.0394380653659, 20.039438065365896, 20.034283383725107, 20.034283383725107, 20.034283383725107, 20.034283383725107, 20.034283383725107, 20.034283383725107]"
instance_721,18,29.01517,30.04072,19,0.03534530385312232,1302.69984292984,1000,"[32.38912372097805, 31.476273717118882, 30.950983034596586, 30.579654759935504, 30.49288307368822, 30.434525824928404, 30.417535649621716, 30.218616888078177, 30.124029769899423, 30.040715073127707]"
instance_716,16,22.48002,23.16574,17,0.03050353158048791,1421.8038671016693,1000,"[24.718186515678386, 23.322404858953036, 23.214875554696786, 23.19612652975145, 23.191997814430554, 23.165739275186002, 23.165739275186002, 23.165739275186002, 23.165739275186002, 23.165739275186002]"
instance_726,15,18.87512,19.5003,16,0.03312190862892529,1240.892288684845,1000,"[19.622656260752336, 19.622656260752336, 19.578305854036685, 19.56377969613578, 19.51484170783572, 19.514685521260283, 19.500302770764353, 19.500302770764353, 19.500302770764353, 19.500302770764353]"
instance_723,14,17.61395,18.55952,16,0.053683018289480786,1303.389799118042,1000,"[19.62392635851992, 18.639970376369416, 18.582650556739086, 18.582650556739086, 18.582650556739086, 18.582650556739086, 18.559518566964574, 18.559518566964574, 18.559518566964574, 18.559518566964574]"
instance_735,16,22.33961,23.96291,17,0.07266465260584229,1064.564062833786,1000,"[24.36539377748211, 24.237614071892075, 24.13065838004183, 23.997965728244637, 23.997965728244637, 23.997965728244637, 23.997965728244637, 23.997965728244637, 23.997965728244637, 23.962905388597484]"
instance_725,16,22.89562,23.94083,17,0.04565108959704945,1247.0795450210571,1000,"[25.89292353377964, 25.306657508510227, 24.922501199052665, 24.82658298811997, 24.711153229920303, 24.28783028064131, 24.10116683958514, 24.08596396201154, 24.04578797731963, 23.94082720726314]"
instance_727,20,34.25848,36.22094,21,0.05728391919314576,1128.5907537937164,1000,"[38.797863431920035, 37.45387145630454, 36.689363224232665, 36.689363224232665, 36.425286396895864, 36.425286396895864, 36.26567992483222, 36.26567992483222, 36.26567992483222, 36.220937352643105]"
instance_737,16,19.73415,20.08945,16,0.018004322456249687,947.8676846027374,1000,"[21.465058360599517, 20.202229794183307, 20.202229794183307, 20.202229794183307, 20.17385099098729, 20.17385099098729, 20.08945286104298, 20.08945286104298, 20.08945286104298, 20.08945286104298]"
instance_733,19,30.78403,32.21076,20,0.0463464335241357,1072.0419921875,1000,"[34.671958826337125, 32.92461719258953, 32.374826535433975, 32.34759522251572, 32.30833761064885, 32.30833761064885, 32.30833761064885, 32.30833761064885, 32.222168590528376, 32.21076172829904]"
instance_730,16,19.71691,20.18651,16,0.02381711941678487,1132.5094962120056,1000,"[22.11575668687201, 21.8418023720463, 20.48868465473206, 20.283366718094403, 20.283366718094403, 20.283366718094403, 20.283366718094403, 20.283366718094403, 20.227716905437525, 20.18651235612612]"
instance_740,16,22.73691,24.78333,17,0.09000431457044944,894.1555008888245,1000,"[27.289798026246554, 25.804238043178707, 25.532840143004048, 25.201963434626737, 25.201963434626737, 25.161783720473373, 25.129592851635238, 25.129592851635238, 24.94871555379972, 24.78332606227982]"
instance_742,15,17.73097,18.49385,15,0.043025282880744774,775.7659945487976,1000,"[19.560737841452415, 19.163030324261978, 18.626525242441513, 18.613985824903605, 18.61059548640997, 18.538666873437972, 18.538666873437972, 18.538666873437972, 18.538666873437972, 18.49385475793113]"
instance_728,16,21.84861,23.21844,18,0.06269643698157458,1136.4224898815155,1000,"[24.211135308411055, 23.555480643337713, 23.28933755736475, 23.24839152538602, 23.24839152538602, 23.24839152538602, 23.24839152538602, 23.24839152538602, 23.218441254996723, 23.218441254996723]"
instance_734,17,23.58196,24.53305,17,0.04033125321220122,1074.2408287525177,1000,"[26.30275388882326, 25.109893753215236, 25.06742008434805, 25.05374250890908, 24.610153105733197, 24.599818848245533, 24.599818848245533, 24.533046899969428, 24.533046899969428, 24.533046899969428]"
instance_731,17,26.63751,27.54884,18,0.03421228185367174,1076.0256123542786,1000,"[28.71457466818522, 28.39657125796923, 27.958977628925666, 27.943043604819053, 27.943043604819053, 27.75563189130109, 27.548844572765237, 27.548844572765233, 27.548844572765233, 27.548844572765233]"
instance_739,21,38.82497,40.62937,22,0.04647524518370526,899.8866593837738,1000,"[44.08766246130523, 41.96094431991981, 41.78305226938588, 41.43609394919756, 40.6655790377087, 40.64941034093615, 40.64130487688791, 40.629365760545056, 40.629365760545056, 40.629365760545056]"
instance_736,17,25.46773,27.16711,19,0.06672679504612314,959.5696442127228,1000,"[29.12749541144092, 28.75258182541799, 27.452546341704906, 27.29245672142656, 27.28912507657883, 27.28912507657883, 27.167108550875767, 27.167108550875767, 27.167108550875767, 27.167108550875767]"
instance_738,16,22.97866,23.7755,17,0.034677391980211185,963.0140538215637,1000,"[25.40280542930937, 24.564429473099953, 24.19392546177177, 24.02505604284623, 24.02505604284623, 24.02505604284623, 24.022916265030222, 23.935001188347666, 23.77549696227128, 23.77549696227128]"
instance_741,16,23.86204,25.51055,18,0.06908504050785257,856.0749771595001,1000,"[26.760107144697518, 25.962924581720767, 25.936368864366663, 25.774115811961956, 25.553667512442374, 25.553667512442374, 25.543807446427724, 25.51054855445602, 25.51054855445602, 25.51054855445602]"
instance_745,16,21.95405,22.60652,17,0.029719801130087663,617.7790222167969,1000,"[24.510517082311996, 23.35049994607781, 23.266060017423968, 23.157159553071462, 23.024319415448563, 22.6110264326733, 22.60652013467065, 22.60652013467065, 22.60652013467065, 22.60652013467065]"
instance_743,16,21.11786,22.52024,17,0.06640729695149039,796.6428384780884,1000,"[22.948091316517978, 22.879485831984184, 22.677612596677903, 22.677612596677903, 22.677612596677903, 22.574636519447147, 22.520241069299924, 22.520241069299924, 22.520241069299924, 22.520241069299924]"
instance_746,18,29.18489,30.4411,19,0.043043163774131046,559.6960926055908,1000,"[32.202734804271216, 31.372774166408043, 31.285230673294993, 30.925082053105353, 30.69471964423381, 30.68867769328332, 30.68867769328332, 30.589851079953018, 30.589851079953018, 30.441104999636842]"
instance_744,15,19.59561,20.60701,17,0.051613601209658605,741.4156713485718,1000,"[21.739188043331893, 21.444569187468094, 21.42355362484703, 21.376154772006274, 21.223201916814048, 21.035783691509874, 21.034821644746536, 20.650967126115756, 20.607011176788337, 20.607011176788337]"
instance_747,15,21.50096,22.41719,18,0.04261344609729065,518.62047123909,1000,"[24.03560749540723, 23.070620669124207, 22.850160545571956, 22.847147749292468, 22.745204891567415, 22.720901878280856, 22.720901878280856, 22.680928138936963, 22.42163547099291, 22.4171868988456]"
instance_748,15,17.9754,18.80605,16,0.04621037640330666,401.62201833724976,1000,"[19.445008327329525, 19.3832848008388, 19.11353697373661, 19.11353697373661, 19.11353697373661, 19.11353697373661, 18.98218594434392, 18.97411458835209, 18.806053806945254, 18.806053806945254]"
instance_749,16,22.23947,23.80882,17,0.07056598021445655,288.83375310897827,1000,"[25.4580794744523, 24.414862028844173, 24.08339431967779, 24.0775473569594, 24.065069097690472, 24.065069097690472, 24.04299915812384, 23.857368932440412, 23.808820489376966, 23.808820489376966]"
instance_751,15,20.69184,21.36583,16,0.03257274365160372,176.75257205963135,1000,"[23.098484432612985, 22.394115642588623, 22.372578668906456, 22.15849336571785, 22.051581200978514, 21.992722134633393, 21.972147539140945, 21.367418450041335, 21.365831650581438, 21.36583165058143]"
instance_750,23,44.928,46.73492,24,0.040218126780626896,196.05550479888916,1000,"[48.23512745603819, 47.158856495156456, 46.89977926987788, 46.8310165696274, 46.8310165696274, 46.8310165696274, 46.75301251794904, 46.75301251794904, 46.73492415908938, 46.73492415908938]"
instance_753,17,26.21836,27.76633,18,0.059041450342431766,189.38669753074646,1000,"[29.999862853921787, 28.231180674803383, 28.231180674803383, 28.231180674803383, 28.160379793235492, 28.012875523103787, 27.879782264479864, 27.879782264479864, 27.85898074742606, 27.76633444964951]"
instance_752,19,32.53182,33.97866,20,0.04447460978205321,191.8978374004364,1000,"[35.75321881177932, 34.621097202459374, 34.014130143291396, 34.01413014329139, 34.01413014329139, 33.99872141540006, 33.99872141540006, 33.99224099234804, 33.97866229137553, 33.97866229137553]"
instance_757,17,27.03416,28.59203,19,0.05762598135100189,172.6111204624176,1000,"[30.57987883272023, 29.304488064974162, 28.893965228390268, 28.863870023980922, 28.85213288747147, 28.831538413794423, 28.6532021082938, 28.592027399221468, 28.592027399221468, 28.592027399221468]"
instance_755,20,37.05688,38.91507,22,0.05014426470873966,180.63660287857056,1000,"[41.51651016863085, 39.77307429889951, 39.64683550862463, 39.64683550862463, 39.42443884382292, 39.35522854478555, 39.35522854478555, 39.175704039464314, 39.175704039464314, 38.915074768957425]"
instance_754,15,19.13628,20.18628,16,0.05486959847995539,188.59576869010925,1000,"[20.9571457417593, 20.567814632975868, 20.48742122798885, 20.401038584207797, 20.38819777211413, 20.38819777211413, 20.38819777211413, 20.38819777211413, 20.38819777211413, 20.186280642549406]"
instance_758,18,28.21378,30.27102,18,0.07291614239566624,181.06276774406433,1000,"[33.17781412968654, 31.18113005111942, 31.161461749390433, 31.161461749390433, 31.013850699982726, 30.88077953600168, 30.501841490816837, 30.501841490816837, 30.501841490816837, 30.271023108564496]"
instance_756,16,19.92472,21.04309,17,0.056129772463552746,188.4860680103302,1000,"[22.46319091617904, 21.326567079576773, 21.318412141817053, 21.304923009820772, 21.2995972104264, 21.043093935182483, 21.04309393518248, 21.04309393518248, 21.04309393518248, 21.04309393518248]"
instance_764,15,19.067,19.6655,16,0.03138931137567532,172.58178234100342,1000,"[20.396030706350274, 19.954255531397035, 19.954255531397035, 19.954255531397035, 19.954255531397035, 19.954255531397035, 19.954255531397035, 19.954255531397035, 19.954255531397035, 19.665497207077287]"
instance_759,16,25.25785,26.88655,18,0.06448292313082857,188.74432682991028,1000,"[27.50623495644488, 27.19433275261297, 27.117942686459543, 26.984566814925156, 26.961501563588065, 26.961501563588065, 26.945538121716595, 26.91870165222371, 26.8865540842089, 26.8865540842089]"
instance_761,17,26.1641,27.85595,18,0.06466303064122209,184.46352124214172,1000,"[30.044127238639117, 29.506779422185893, 28.68479764775558, 28.028935620303606, 27.903146417731545, 27.885350581828146, 27.885350581828142, 27.885350581828142, 27.855947880312986, 27.855947880312986]"
instance_773,16,24.73796,25.18716,17,0.01815832833426837,163.55793070793152,1000,"[27.86841637164156, 25.842229706416145, 25.41420087762459, 25.340005344003668, 25.29515644105109, 25.27446003830156, 25.27446003830156, 25.269107696048206, 25.269107696048206, 25.18715840277539]"
instance_762,16,21.96895,22.72497,17,0.034413114873491885,193.1574604511261,1000,"[25.043730870768613, 24.176589155554165, 24.154944792191834, 23.890557588266446, 23.56103585825561, 22.936147774173488, 22.824823386039462, 22.824823386039462, 22.755927464658217, 22.724973732697265]"
instance_765,16,21.20676,22.07928,17,0.04114348443609498,181.0155143737793,1000,"[22.537816247262164, 22.139982521504844, 22.110625461359884, 22.107201942594536, 22.107201942594536, 22.107201942594536, 22.107201942594536, 22.092219771229846, 22.092219771229846, 22.079278594879444]"
instance_769,16,21.46151,22.93297,16,0.06856274325525093,179.58886051177979,1000,"[24.341102943679648, 23.481237089817906, 22.93297285006664, 22.932972850066633, 22.932972850066633, 22.932972850066633, 22.932972850066633, 22.932972850066633, 22.932972850066633, 22.932972850066633]"
instance_776,16,24.9996,25.9563,17,0.03826861229779668,171.25799107551575,1000,"[28.18193860628736, 27.05201090875936, 26.561977730222594, 26.106770477319568, 26.036564812198524, 26.036564812198524, 25.956296935096496, 25.956296935096496, 25.956296935096496, 25.956296935096496]"
instance_770,18,27.12504,28.7859,19,0.06122977145840165,179.9132890701294,1000,"[29.20978810499805, 29.02507720267891, 28.995999266601704, 28.868585872148884, 28.858120395157346, 28.829854932227573, 28.785899190639142, 28.785899190639142, 28.785899190639142, 28.785899190639142]"
instance_766,15,19.82953,20.40611,15,0.029076836415185003,183.08234810829163,1000,"[22.857353484861463, 21.22718252833795, 20.87368459967248, 20.778971605632247, 20.739260538323993, 20.406110813383936, 20.406110813383936, 20.406110813383936, 20.406110813383933, 20.406110813383933]"
instance_760,18,26.23804,26.99423,19,0.02882036920440704,197.21111965179443,1000,"[29.419214797617308, 27.523596676496965, 27.241961878498792, 27.213219946198624, 27.05673962694623, 27.021678109296793, 27.010557977278165, 26.99422766993194, 26.99422766993194, 26.99422766993194]"
instance_767,16,21.72664,22.62034,17,0.04113383385558002,183.47542715072632,1000,"[24.458805928015735, 23.579267645166972, 23.1486855725718, 22.828910015187727, 22.828910015187727, 22.647178431717254, 22.63801049159259, 22.62033804246821, 22.620338042468205, 22.620338042468205]"
instance_775,15,19.27212,20.37596,16,0.05727652173191108,185.70673847198486,1000,"[22.116020018553666, 20.420499963694954, 20.420499963694954, 20.385788222718748, 20.385788222718748, 20.385788222718748, 20.385788222718748, 20.37595702890673, 20.37595702890673, 20.37595702890673]"
instance_771,16,23.52173,24.8452,18,0.05626584439154759,194.56462836265564,1000,"[25.47939042043282, 25.23513716822729, 25.129058794736583, 25.10417466456994, 25.02893347854502, 25.00185557848429, 24.956913133192018, 24.88432366685059, 24.88432366685059, 24.84520371744506]"
instance_768,15,17.70189,18.35019,16,0.03662320803032911,198.6783003807068,1000,"[19.747540407858963, 18.862911491638773, 18.862911491638773, 18.433752890405433, 18.417296653949652, 18.361196730607016, 18.361196730607016, 18.35122968456804, 18.350187905962375, 18.350187905962375]"
instance_763,15,19.49114,20.50875,16,0.05220884976455957,209.61140275001526,1000,"[21.697264829574014, 21.16811809731311, 20.94746879149358, 20.719790993957098, 20.719790993957098, 20.71026762125525, 20.68669090780573, 20.68669090780573, 20.68669090780573, 20.508748607387922]"
instance_774,18,28.27404,29.03587,19,0.026944504570270107,190.72465896606445,1000,"[31.236921877844278, 29.783305961505928, 29.631031057085806, 29.591779315882402, 29.57478346473439, 29.37231637732303, 29.06861225959932, 29.06861225959931, 29.06861225959931, 29.03586576808048]"
instance_772,17,25.29789,26.63732,19,0.05294631291384381,194.43686699867249,1000,"[26.89405122410263, 26.87959968869557, 26.730935882218986, 26.730935882218986, 26.730935882218986, 26.730935882218986, 26.730935882218986, 26.730935882218986, 26.70023614326121, 26.637323710840914]"
instance_778,17,26.64778,27.70797,18,0.039785302940807774,190.80503749847412,1000,"[29.80866572553112, 29.366876524667493, 27.93784527601656, 27.856410682400195, 27.856410682400195, 27.852090954132077, 27.79587109679608, 27.78456824287382, 27.78456824287382, 27.70797367017741]"
instance_780,16,22.01801,23.19151,17,0.05329727800105462,190.34285044670105,1000,"[24.172613569509863, 23.351508584786323, 23.323781608435503, 23.323781608435503, 23.323781608435503, 23.323781608435503, 23.242484654707834, 23.196059755291333, 23.191514352007403, 23.191514352007403]"
instance_777,16,21.23519,22.60952,16,0.06471945859679148,193.61790585517883,1000,"[24.518423754580276, 24.24216992174164, 23.24171991996622, 23.002094234836207, 22.999900889195473, 22.610152470744183, 22.60952477564349, 22.60952477564349, 22.60952477564349, 22.60952477564349]"
instance_779,17,23.0544,23.86174,17,0.03501891179124158,192.27927613258362,1000,"[25.212587846996836, 24.435114702946507, 24.435114702946507, 24.36800158301449, 24.123746138210535, 23.99245329811414, 23.978472058576898, 23.887771305376035, 23.883229726491884, 23.86173652318009]"
instance_788,14,19.25694,19.74223,15,0.025200784756041154,184.2718551158905,1000,"[21.405673412804607, 20.919032472863996, 20.8964251742904, 20.76664370571679, 20.694855960507653, 20.694855960507653, 20.688324832650093, 20.688324832650093, 20.60103616097943, 19.742233985463105]"
instance_792,15,18.8262,19.68002,17,0.04535275307815698,166.20015692710876,1000,"[21.338498009069472, 19.99260381382398, 19.86020692297783, 19.86020692297783, 19.85824568201722, 19.85824568201722, 19.802306853492205, 19.802306853492205, 19.8023068534922, 19.680024259445407]"
instance_791,15,18.55362,19.28828,16,0.03959658546418444,178.84969663619995,1000,"[20.36837622810943, 19.828292727528687, 19.74607440165728, 19.66801703409632, 19.605655001296643, 19.32081436198121, 19.320814361981206, 19.320814361981206, 19.312082883930493, 19.288279751613505]"
instance_782,17,23.0306,24.02328,17,0.04310265472892586,190.89040064811707,1000,"[26.508501447683233, 24.15466016891478, 24.084659198718416, 24.084659198718413, 24.0241232147503, 24.024123214750297, 24.02328217566201, 24.02328217566201, 24.02328217566201, 24.02328217566201]"
instance_781,17,25.45062,25.88858,17,0.017208225182726408,194.78070521354675,1000,"[28.757067931359742, 27.86555546086695, 26.54537130474527, 26.466065176514256, 26.11850876362415, 26.025788733315068, 25.936212066921296, 25.920079754953665, 25.888582608254907, 25.888582608254907]"
instance_787,14,17.98026,18.65029,16,0.03726475590453069,189.55840420722961,1000,"[19.190163654143813, 18.83390236449246, 18.667491158869662, 18.663624313171137, 18.663624313171137, 18.65029388781906, 18.65029388781906, 18.65029388781906, 18.65029388781906, 18.65029388781906]"
instance_790,16,22.56655,24.02063,18,0.06443519279641775,185.84288096427917,1000,"[25.080094489153723, 24.041199725104704, 24.041199725104704, 24.041199725104704, 24.041199725104704, 24.03885168183455, 24.02062948539157, 24.02062948539157, 24.02062948539157, 24.02062948539157]"
instance_785,16,24.80374,26.2873,17,0.05981194771433651,193.14012670516968,1000,"[27.679106863547126, 27.274391952123835, 27.13254463139713, 26.702610186411437, 26.39147817435915, 26.347674584835662, 26.347674584835662, 26.28729647905752, 26.28729647905752, 26.28729647905752]"
instance_784,17,27.49575,28.61964,19,0.04087504432503203,194.60302186012268,1000,"[30.204085249171406, 29.46543240678618, 29.21750291627659, 29.107748003917294, 29.106931110434367, 29.09435975921297, 29.09435975921297, 28.905052058574938, 28.778672255531397, 28.619644049392104]"
instance_789,17,26.12582,27.21907,18,0.04184557652161722,192.06900835037231,1000,"[28.76955622927279, 27.424270655830334, 27.415588849538146, 27.34825985550627, 27.34825985550627, 27.279768334148894, 27.256960042560557, 27.256960042560557, 27.256960042560557, 27.219067834819718]"
instance_786,15,22.54091,23.28297,16,0.03292058750068203,198.85977268218994,1000,"[26.401878394077062, 24.799314782989114, 24.694066337338786, 24.657576444651678, 23.50593294633786, 23.50593294633786, 23.48126408679305, 23.2829683877657, 23.2829683877657, 23.2829683877657]"
instance_783,15,20.10044,20.76843,16,0.033232605853404186,205.12699699401855,1000,"[22.11436709144119, 21.543768587440848, 21.50276461761067, 21.270017076883367, 20.826414001676554, 20.826414001676554, 20.768431739665786, 20.768431739665786, 20.768431739665786, 20.768431739665786]"
instance_793,16,21.1642,21.86379,17,0.03305534818230789,183.71977853775024,1000,"[23.34302147100048, 22.198360832178363, 22.198360832178363, 22.093473498092102, 22.093473498092102, 21.98035776845943, 21.98035776845943, 21.98035776845943, 21.95649405034666, 21.863788045807894]"
instance_794,15,19.8506,20.53772,16,0.03461457084420623,188.24702095985413,1000,"[22.66874583790224, 21.521603040311827, 21.459967445140798, 21.405512356149124, 21.378882709789035, 21.24238353428113, 20.828885463774554, 20.589612386843296, 20.589612386843296, 20.537724201414306]"
instance_795,18,29.4822,30.56717,19,0.036800849326034085,190.6358528137207,1000,"[32.24355694609977, 31.447852509237613, 31.153798936249764, 31.082475310651372, 31.05473205371216, 30.76118338452708, 30.69395639763397, 30.677409033057902, 30.677409033057902, 30.567170464187893]"
instance_796,15,18.05624,19.45502,17,0.07746795567626495,191.2173511981964,1000,"[19.801879619124872, 19.55104293985521, 19.551042939855208, 19.478860996772, 19.478860996772, 19.478860996772, 19.455019430062343, 19.455019430062343, 19.455019430062343, 19.455019430062343]"
instance_798,18,27.75978,29.09935,18,0.04825578588879314,186.07366371154785,1000,"[30.393620611096523, 29.953630154226968, 29.628791222400018, 29.628791222400018, 29.607774214119523, 29.607774214119523, 29.217354916612233, 29.2137798908874, 29.2137798908874, 29.099349329451528]"
instance_797,17,26.55141,27.38039,18,0.031221694064458263,194.5330991744995,1000,"[30.102323724376415, 29.728789493113112, 29.31091286273821, 28.18508419195867, 28.07035863466317, 28.068943982800864, 27.380385242892068, 27.380385242892068, 27.380385242892068, 27.380385242892068]"
instance_799,16,22.25121,23.65811,18,0.06322802220643282,196.50902152061462,1000,"[24.198977217169325, 23.955863087273414, 23.844233187838007, 23.824804198225497, 23.658113049089284, 23.658113049089284, 23.658113049089284, 23.658113049089284, 23.658113049089284, 23.658113049089284]"
instance_800,15,19.50454,20.65133,16,0.05879605466214548,193.43864679336548,1000,"[21.54514211705051, 20.844508566404745, 20.833454385212992, 20.74709595492382, 20.69304195652354, 20.652771925641574, 20.651330463065868, 20.651330463065868, 20.651330463065868, 20.651330463065868]"
instance_803,15,18.5103,19.18343,16,0.03636515885750098,181.23212599754333,1000,"[20.569987464974137, 19.387228170477457, 19.387228170477457, 19.387228170477457, 19.387228170477457, 19.387228170477457, 19.387228170477457, 19.28074572900436, 19.28074572900436, 19.183432773275285]"
instance_801,15,19.58652,20.41253,16,0.04217237161067919,191.00793623924255,1000,"[21.69850831306377, 20.564833969552105, 20.440337531125458, 20.439886647818792, 20.439886647818792, 20.4381857636382, 20.41590152575103, 20.412529583295072, 20.412529583295072, 20.412529583295072]"
instance_802,17,21.37349,21.71536,18,0.01599504807123217,187.98506450653076,1000,"[23.866152814957527, 22.356233218523137, 22.039120270459286, 22.039120270459286, 22.039120270459286, 22.031699665323043, 21.71934381375255, 21.71934381375255, 21.715357052583055, 21.71535705258305]"
instance_816,17,24.27774,25.17097,18,0.03679213963078932,157.61633467674255,1000,"[27.277213733046246, 26.605903369490996, 26.072255629863978, 25.803575382344672, 25.717657246076346, 25.66296612673315, 25.66296612673315, 25.66296612673315, 25.17096914268108, 25.170969142681077]"
instance_805,16,22.66959,23.28579,17,0.027181788466399227,192.94822812080383,1000,"[25.668911219216497, 24.097755447764268, 23.748283239079885, 23.74449281845957, 23.636809617714555, 23.330417611686663, 23.30589496328327, 23.30589496328327, 23.30589496328327, 23.285788274730898]"
instance_811,16,23.482,24.30666,17,0.035118814411038306,176.4593231678009,1000,"[25.620371202953347, 25.02399277255357, 25.016103837862364, 24.922839632958844, 24.532061694059557, 24.374048105314, 24.374048105314, 24.30666379979287, 24.30666379979287, 24.30666379979287]"
instance_812,16,22.65349,23.48197,18,0.03657184831123147,175.65490221977234,1000,"[25.512183590006146, 24.626330785117393, 23.873177436729147, 23.873177436729144, 23.73139978821501, 23.73139978821501, 23.73139978821501, 23.69212206388993, 23.678419959537788, 23.48196990724074]"
instance_804,20,34.70217,36.17892,21,0.04255497566866843,196.15255331993103,1000,"[38.04788749363747, 36.84761868732534, 36.788351015903395, 36.62824080056509, 36.400994721394945, 36.37150041640065, 36.2321601383856, 36.2321601383856, 36.2321601383856, 36.17892071944775]"
instance_807,17,25.39651,26.51919,18,0.044206073984181256,190.8482105731964,1000,"[27.804086100148446, 27.22099057559788, 26.797036214537474, 26.797036214537474, 26.67589207183861, 26.67589207183861, 26.630932447102598, 26.587130937720175, 26.585203316175075, 26.5191915751341]"
instance_820,16,23.52193,24.81045,17,0.0547795185174005,170.73481345176697,1000,"[25.95295857536949, 24.872555176792833, 24.815577988075827, 24.810449665469335, 24.810449665469335, 24.810449665469335, 24.810449665469335, 24.810449665469335, 24.810449665469335, 24.810449665469335]"
instance_810,15,18.77041,19.63643,15,0.04613751111456822,185.54352617263794,1000,"[21.061154896201597, 20.21096700827078, 20.129416691031608, 19.98021623199708, 19.959806218161333, 19.953373098419384, 19.90036281130081, 19.725888039525103, 19.636427461580286, 19.636427461580286]"
instance_806,17,27.89303,29.33335,18,0.0516372728240711,196.1865508556366,1000,"[30.535321034020875, 29.957941224065483, 29.87922469395261, 29.777564330822347, 29.647350726447378, 29.62860571263715, 29.62860571263715, 29.62860571263715, 29.62860571263715, 29.333345773317692]"
instance_809,17,26.71575,27.72697,18,0.03785108035522123,189.8145236968994,1000,"[30.04756093936109, 28.27342140939601, 28.168429828853313, 27.726967720384735, 27.726967720384735, 27.726967720384735, 27.726967720384735, 27.726967720384735, 27.726967720384735, 27.726967720384735]"
instance_808,15,18.69891,19.4185,17,0.03848299178936099,192.67941188812256,1000,"[20.396374150106013, 19.595676026532175, 19.568653308461215, 19.534856258208652, 19.47414665409585, 19.441491963034753, 19.441491963034753, 19.418501860697233, 19.418501860697233, 19.418501860697233]"
instance_819,16,18.68653,19.63961,17,0.051003583864955127,185.539475440979,1000,"[20.54173499882396, 19.943007017720124, 19.94051058214755, 19.94051058214755, 19.92727868495763, 19.63960986270599, 19.63960986270599, 19.63960986270599, 19.63960986270599, 19.63960986270599]"
instance_817,19,31.98907,33.01637,20,0.03211409397022171,187.4209442138672,1000,"[34.56376206606986, 33.860422268084385, 33.83682202536744, 33.62535238063577, 33.59662976004072, 33.59662976004072, 33.171409017478204, 33.0408492973015, 33.03977128072431, 33.0163661047928]"
instance_818,18,28.78852,30.30763,19,0.052767908874787633,188.315767288208,1000,"[32.47902837276028, 30.921979610659882, 30.873074662420198, 30.668383312105554, 30.668383312105554, 30.631663074504672, 30.309149630714177, 30.309149630714177, 30.307630685767467, 30.307630685767467]"
instance_813,17,27.63249,28.29103,18,0.0238320904124094,190.99528670310974,1000,"[31.281890978322874, 29.8714246837695, 29.57808971028945, 29.434309848677387, 29.01000653214641, 28.944001310256592, 28.944001310256592, 28.858407895036756, 28.858407895036756, 28.291032042094105]"
instance_815,17,25.79197,27.40461,19,0.06252488662168894,192.67778086662292,1000,"[27.906219435237826, 27.862102350577874, 27.5689888739329, 27.5689888739329, 27.5689888739329, 27.41587121031076, 27.4046142705705, 27.4046142705705, 27.4046142705705, 27.4046142705705]"
instance_814,16,23.02922,24.91479,18,0.08187728459756785,194.80930304527283,1000,"[25.465938576342197, 25.113900554514803, 25.065215535563237, 25.065215535563237, 25.065215535563237, 25.065215535563237, 25.065215535563237, 24.937032172622075, 24.937032172622075, 24.91478784786943]"
instance_826,18,28.19201,29.42966,18,0.04390073641432443,178.03779339790344,1000,"[30.868381834443685, 30.009035169080594, 29.823003033466513, 29.777717454338642, 29.765476947155022, 29.765476947155022, 29.660257650663148, 29.656676843162735, 29.434349633528576, 29.429662797119953]"
instance_822,19,32.89852,34.32894,20,0.04347976747890195,183.2561116218567,1000,"[36.53537318447198, 35.55344801575074, 35.52236354176773, 35.300039875947974, 34.7471092051816, 34.710353693865436, 34.710353693865436, 34.710353693865436, 34.5050492218364, 34.32894083242242]"
instance_828,15,20.81114,21.46885,16,0.03160374683943301,181.15474915504456,1000,"[22.256370607920193, 22.130778199261204, 22.130778199261204, 22.130778199261204, 22.013595431407758, 21.859546527549988, 21.468846449247216, 21.468846449247216, 21.468846449247216, 21.468846449247216]"
instance_831,19,30.50367,31.99219,20,0.04879806265934562,182.82394337654114,1000,"[33.13809376413468, 32.842628154147334, 32.75297233941821, 32.41929447204987, 32.373589112335765, 32.24713972859004, 32.21135140001958, 32.13327494350576, 32.0067022973789, 31.992190730366257]"
instance_824,16,23.93263,25.14465,17,0.050642992433343054,190.52283024787903,1000,"[27.075598416663535, 25.283969840381477, 25.22132303818658, 25.22132303818658, 25.22132303818658, 25.148264185455023, 25.144647968989734, 25.14464796898973, 25.14464796898973, 25.14464796898973]"
instance_825,18,31.29478,32.93615,19,0.0524486831350148,191.4419765472412,1000,"[35.74529035224951, 34.637827658136914, 33.386368590471896, 33.042532320146165, 32.93962617462597, 32.93962617462597, 32.93962617462597, 32.93615292299954, 32.93615292299953, 32.93615292299953]"
instance_823,15,18.85048,19.29344,17,0.023498605871044097,193.66643285751343,1000,"[20.289158360726734, 19.596170982948195, 19.582985263766112, 19.582985263766112, 19.582985263766112, 19.506063032305267, 19.34454515132255, 19.336482107087352, 19.336482107087352, 19.293436850823053]"
instance_833,15,18.50461,19.16536,16,0.03570731833851133,183.110933303833,1000,"[21.146468362312262, 20.415576456035694, 19.939735415983773, 19.926694130762243, 19.926694130762243, 19.180181384145584, 19.180181384145584, 19.175565421235206, 19.165358474558467, 19.165358474558467]"
instance_827,17,26.24799,27.31437,19,0.04062711087591845,189.3395974636078,1000,"[28.579844536432386, 27.653044050375236, 27.479179478127957, 27.479179478127957, 27.479179478127953, 27.41908999227511, 27.41908999227511, 27.314371657105806, 27.314371657105806, 27.314371657105806]"
instance_829,15,18.62589,19.44116,16,0.04377079430835261,189.39269924163818,1000,"[20.832628962422536, 20.046106370595368, 20.046106370595368, 19.925790457126684, 19.925790457126684, 19.925790457126684, 19.925790457126684, 19.925790457126684, 19.617356722669772, 19.44116416745755]"
instance_821,15,20.91514,22.30588,16,0.06649441505053265,200.7176513671875,1000,"[23.61549313970032, 22.566448227969538, 22.566448227969538, 22.566448227969538, 22.56461537182601, 22.530586740210016, 22.530586740210016, 22.50080749378806, 22.50080749378806, 22.30587751855227]"
instance_840,15,21.98805,23.91383,17,0.08758302805387469,177.84524846076965,1000,"[25.346286083190115, 24.160490872654346, 24.045433880020557, 24.03327905171454, 23.919819618824892, 23.919819618824892, 23.913827067925304, 23.913827067925304, 23.913827067925304, 23.913827067925304]"
instance_830,17,25.8414,27.12368,18,0.049621150556858375,191.6612503528595,1000,"[28.35800683955599, 27.377154390327487, 27.377154390327487, 27.377154390327487, 27.123679130974082, 27.123679130974082, 27.123679130974082, 27.123679130974082, 27.123679130974082, 27.123679130974082]"
instance_832,17,21.21907,21.83193,18,0.028882509930925403,190.843608379364,1000,"[23.768051341606263, 23.117458266760487, 23.116284249341586, 23.112355491729783, 22.9803096608523, 22.530186954229574, 22.42242905333218, 22.38514177948617, 22.047290164920888, 21.831928833058925]"
instance_834,17,25.3398,26.70443,18,0.05385322693943907,189.4562635421753,1000,"[27.670005772352464, 27.192552193099793, 27.003238274014873, 26.954778527018597, 26.954778527018597, 26.814294148501624, 26.814294148501624, 26.814294148501624, 26.814294148501624, 26.704425855867907]"
instance_839,16,21.637,23.04302,17,0.06498220640569385,184.14518570899963,1000,"[24.4538411480261, 24.017678381388908, 23.943544875179633, 23.894410279808973, 23.585250214357558, 23.56500100920011, 23.414610046239883, 23.285072559559108, 23.05682219883481, 23.043022163665075]"
instance_841,17,27.34565,28.66888,18,0.04838904908093252,180.41421151161194,1000,"[32.36532424255479, 29.37706660151783, 29.339488689650537, 29.255660381659283, 29.242856083966384, 28.78126566421526, 28.728942291208682, 28.702581689106506, 28.668881133564128, 28.668881133564128]"
instance_836,16,22.79527,23.19908,17,0.017714639923106856,194.54430174827576,1000,"[23.821556926903085, 23.474795797135087, 23.22370284774521, 23.22370284774521, 23.22370284774521, 23.22370284774521, 23.20750516311555, 23.199075067273483, 23.199075067273483, 23.199075067273483]"
instance_838,17,27.36711,28.20615,18,0.03065869943885199,191.7387306690216,1000,"[29.634127485306216, 29.002194022163682, 29.002194022163682, 28.622953053220293, 28.24591065138761, 28.24591065138761, 28.20614703470684, 28.20614703470684, 28.20614703470684, 28.20614703470684]"
instance_837,15,19.14314,19.88825,16,0.03892308158431691,195.3585696220398,1000,"[21.161431267745048, 20.444272488726085, 20.056444555044603, 20.040267508380733, 19.945738693536946, 19.890423802128073, 19.888254838151166, 19.888254838151166, 19.888254838151166, 19.888254838151166]"
instance_835,22,41.91622,43.40562,23,0.035532784206209346,198.2088177204132,1000,"[45.985715359064685, 44.85291446846082, 44.7967897751974, 44.78647190882754, 44.55960269477976, 44.53212318453931, 43.42674682028381, 43.405618134965636, 43.405618134965636, 43.405618134965636]"
instance_843,17,27.06867,28.84254,18,0.0655322186128834,191.02137422561646,1000,"[29.601391325600673, 29.49777449051635, 28.917572657177686, 28.856451151508207, 28.842536048218133, 28.842536048218133, 28.842536048218133, 28.842536048218133, 28.842536048218133, 28.842536048218133]"
instance_842,15,19.58581,20.28873,15,0.03588924838952295,192.8206684589386,1000,"[21.269462931386045, 20.986297478279123, 20.78871652422488, 20.42205912378296, 20.422059123782958, 20.403436479806878, 20.306918565277073, 20.288730899055285, 20.288730899055285, 20.288730899055285]"
instance_844,15,21.0639,21.92422,17,0.04084333860301264,194.20318293571472,1000,"[23.48249441850895, 23.054979848616817, 22.339265273190676, 22.339265273190676, 22.188892606426855, 22.1233923915903, 22.11439003251498, 22.07200690708132, 22.0580866979721, 21.92422383316935]"
instance_845,15,18.45527,19.57177,16,0.06049762479768663,192.49861931800842,1000,"[20.490955982748552, 19.684154156152488, 19.581133328667324, 19.581133328667324, 19.581133328667324, 19.581133328667324, 19.581133328667324, 19.581133328667324, 19.581133328667324, 19.57176895969636]"
instance_846,15,19.74569,20.65696,16,0.046150324450551075,199.34123969078064,1000,"[21.36045306354282, 20.99065460929736, 20.99065460929736, 20.876830654202458, 20.876830654202458, 20.791424067380834, 20.740874897464046, 20.681662780361506, 20.676071619981695, 20.65696065562257]"
instance_848,18,28.23846,29.15217,19,0.032356934478721636,188.4941382408142,1000,"[31.060305375701127, 30.49340662990539, 30.427253239479025, 29.69179881394239, 29.65687354359459, 29.589403219649235, 29.494008523687643, 29.37628113149132, 29.172273239863156, 29.152165573450038]"
instance_847,16,23.05491,23.81861,16,0.03312526485681359,195.6688334941864,1000,"[25.619157941072373, 24.396140490660432, 24.15973809101844, 24.15973809101844, 24.15973809101844, 24.15973809101844, 24.15973809101844, 23.81860836287529, 23.81860836287529, 23.81860836287529]"
instance_849,17,23.86688,25.06385,18,0.050151926016303784,197.69303274154663,1000,"[26.313545333152856, 25.937145962327527, 25.823385548399315, 25.423603997295437, 25.088533047031955, 25.063846440533617, 25.063846440533617, 25.063846440533617, 25.063846440533617, 25.063846440533617]"
instance_850,17,26.26276,28.3079,19,0.07787224191212196,167.71305227279663,1000,"[29.538950258199442, 28.58052823145875, 28.491916327572675, 28.447941869041152, 28.430997671814687, 28.428324554219262, 28.316825924523116, 28.316825924523116, 28.307902849070977, 28.307902849070977]"
instance_852,16,23.24672,24.21808,17,0.04178481953583132,157.83669900894165,1000,"[25.31246670676936, 25.125842206405952, 24.41725367653229, 24.254409240536535, 24.252636727090678, 24.218584756276226, 24.2180768394907, 24.2180768394907, 24.2180768394907, 24.2180768394907]"
instance_853,15,21.44259,22.12366,16,0.03176248764724792,185.80057907104492,1000,"[24.5879217304468, 22.623418530450415, 22.206695076729268, 22.123662148254525, 22.123662148254525, 22.123662148254525, 22.123662148254525, 22.123662148254525, 22.123662148254525, 22.123662148254525]"
instance_854,17,23.7364,25.11195,18,0.057951079354914836,186.66172337532043,1000,"[26.02583317539778, 25.111947799847, 25.111947799847, 25.111947799847, 25.111947799847, 25.111947799847, 25.111947799847, 25.111947799847, 25.111947799847, 25.111947799847]"
instance_851,15,18.67464,19.28361,16,0.0326094639575381,196.7791941165924,1000,"[20.967462102036645, 20.301445929004515, 19.579569634644937, 19.334645559417286, 19.28361230163284, 19.28361230163284, 19.28361230163284, 19.28361230163284, 19.28361230163284, 19.28361230163284]"
instance_856,15,20.32192,20.84071,15,0.025528591786602977,183.89414286613464,1000,"[22.24037731297561, 21.89629803368147, 21.521062159263135, 21.397715127201625, 21.17805126270829, 20.97929637808692, 20.97929637808692, 20.97929637808692, 20.927708454632686, 20.84070936501252]"
instance_857,15,19.57927,20.49239,17,0.046637080953477794,187.05635452270508,1000,"[21.838193190549937, 20.590389271768384, 20.590389271768384, 20.590389271768384, 20.590389271768384, 20.58384432587812, 20.58384432587812, 20.563870154492548, 20.563870154492548, 20.49238861703322]"
instance_859,20,35.20077,37.39218,21,0.06225460408962659,184.34829378128052,1000,"[39.27068634638461, 38.191946650018686, 38.15538907048161, 38.15538907048161, 38.045915591365784, 38.02562255174297, 37.4255036485583, 37.4255036485583, 37.39217623302634, 37.39217623302634]"
instance_855,17,24.4277,25.81251,18,0.05669015093520872,191.18115735054016,1000,"[28.391987994851505, 26.271873398659114, 26.208913779653763, 25.938725544780375, 25.938725544780375, 25.938725544780375, 25.938725544780375, 25.938725544780375, 25.938725544780375, 25.812512192616875]"
instance_860,18,31.0449,31.81975,19,0.024959010980869667,185.55657124519348,1000,"[32.54118092792089, 32.41439805059549, 32.29486538173144, 32.20659585749716, 32.20659585749716, 31.82896756602816, 31.82896756602816, 31.81974898368929, 31.81974898368929, 31.81974898368929]"
instance_861,16,20.58698,21.51854,18,0.04524995895464031,188.5529522895813,1000,"[23.314057462195176, 21.64083697730538, 21.562972781169833, 21.51854244684712, 21.51854244684712, 21.51854244684712, 21.51854244684712, 21.51854244684712, 21.51854244684712, 21.51854244684712]"
instance_858,15,21.55485,22.98128,17,0.06617675372364008,196.66908645629883,1000,"[24.483809233353988, 23.693546647190892, 23.48924328904763, 23.208371472531724, 23.206138367878424, 23.127736683841817, 23.089581536321354, 22.981284547133214, 22.981284547133214, 22.981284547133214]"
instance_862,16,21.05033,22.32492,17,0.060549644589894785,193.00697326660156,1000,"[22.8008783570724, 22.754655652810523, 22.754655652810523, 22.555245342185884, 22.555245342185884, 22.538268445912443, 22.538268445912443, 22.48583335354845, 22.456917775701328, 22.32491819516483]"
instance_863,18,29.26154,30.82455,19,0.05341516543558536,191.6570656299591,1000,"[33.231053766375936, 31.931958622042977, 31.897615971539995, 31.1402949617141, 31.1402949617141, 30.971894642136096, 30.906517053916968, 30.824548870560566, 30.824548870560566, 30.824548870560566]"
instance_878,17,28.55364,29.84801,18,0.04533117318842701,160.4717893600464,1000,"[32.064496180942136, 31.527995123057696, 30.952967396594257, 30.810260127956678, 30.810115282422558, 30.810115282422558, 30.53221748049004, 30.311008581940058, 29.964175988530208, 29.84800970755944]"
instance_868,18,29.2477,31.90235,20,0.09076440198716482,184.93651485443115,1000,"[33.549799337011656, 32.96390545035789, 32.324543972279045, 32.06134705371346, 32.039414232528785, 32.039414232528785, 31.912396347598264, 31.90234852375608, 31.90234852375608, 31.90234852375608]"
instance_876,16,19.02295,20.09509,17,0.05636034369012153,163.22453808784485,1000,"[20.67051801695917, 20.455543357517776, 20.455543357517772, 20.452083857513276, 20.20804036561966, 20.196942886712726, 20.19610990590585, 20.154140734536252, 20.095093684512204, 20.095093684512204]"
instance_864,16,22.69381,23.73093,17,0.04570056768784094,197.0512773990631,1000,"[25.25449915035052, 24.53187740628541, 24.41452720419106, 24.363673869180403, 24.08410572023729, 24.00020950732913, 23.961651835383595, 23.81723676949118, 23.746516353963322, 23.730925082134597]"
instance_866,19,31.57078,32.40296,19,0.0263591840302964,188.3791925907135,1000,"[33.490117797484174, 32.99058313251717, 32.93818201801773, 32.93818201801773, 32.93818201801773, 32.93818201801773, 32.93818201801773, 32.93818201801773, 32.40296142582225, 32.40296142582225]"
instance_871,17,27.24286,28.31972,18,0.03952815526710485,180.39006757736206,1000,"[30.60558957107111, 29.124537367011857, 29.07023919131372, 29.06470446494117, 28.77541644588929, 28.54077988963719, 28.53805328841331, 28.53805328841331, 28.34461670420921, 28.31971594312736]"
instance_865,21,40.33324,41.78954,23,0.03610669512293083,194.59956121444702,1000,"[43.37542308850474, 42.838025141377955, 42.47557347807417, 42.15723745629311, 42.0958713263744, 42.0958713263744, 42.0958713263744, 42.0958713263744, 41.84819505910872, 41.78954303783655]"
instance_867,16,22.18747,23.34377,17,0.05211500004281687,192.58564114570618,1000,"[25.043929398384407, 23.805141563049215, 23.6748864977354, 23.642098599449323, 23.604807888350088, 23.604807888350088, 23.604807888350088, 23.58408621564232, 23.44893295465673, 23.343765472842012]"
instance_874,17,26.30457,27.68456,19,0.05246198664338566,173.3187804222107,1000,"[29.45377932961785, 28.20462300375496, 27.990566962793086, 27.9442451332074, 27.937748015932183, 27.692944046015736, 27.692944046015736, 27.692944046015736, 27.692944046015736, 27.684555952598807]"
instance_870,14,18.72738,18.98747,15,0.013888221416984018,190.82682490348816,1000,"[20.70564971242028, 19.78484764803252, 19.66824442521402, 19.14789936853641, 19.14789936853641, 19.14789936853641, 19.011085404511082, 18.987468130143032, 18.987468130143032, 18.987468130143032]"
instance_873,17,24.60393,25.83528,18,0.05004688275409671,180.78094911575317,1000,"[26.11214227248908, 25.90510047123038, 25.90510047123038, 25.8712764992197, 25.871276499219697, 25.853399334490494, 25.835275806240727, 25.835275806240727, 25.835275806240727, 25.835275806240723]"
instance_869,16,20.29286,21.12038,17,0.0407788749343365,195.54028463363647,1000,"[22.780207509392202, 22.213632361360744, 21.50697737036685, 21.381692979738126, 21.211536890416905, 21.18921627503946, 21.18921627503946, 21.13930576727443, 21.12953318498416, 21.12037929132018]"
instance_872,17,24.90128,26.30795,18,0.05648986718755027,190.4558174610138,1000,"[28.98804165775106, 26.85019220842323, 26.499156775176694, 26.444238226093876, 26.444238226093876, 26.376534900881136, 26.30794847793258, 26.30794847793258, 26.30794847793258, 26.30794847793258]"
instance_883,17,24.59457,25.43154,17,0.034030682382330625,172.3570637702942,1000,"[27.46891364341914, 26.970769980601535, 25.970092106184566, 25.645291286840404, 25.59826846274768, 25.43648270743266, 25.43648270743266, 25.431539173928467, 25.431539173928467, 25.431539173928467]"
instance_880,17,26.55767,27.6884,18,0.042576400715876046,177.9689359664917,1000,"[30.285982316686976, 28.993273654883044, 28.939165189399464, 28.840622318885877, 27.88440532898218, 27.884405328982176, 27.87431102848399, 27.688401777827476, 27.688401777827476, 27.688401777827476]"
instance_887,17,26.05321,27.50676,18,0.05579158959682895,178.30390739440918,1000,"[29.87847987004425, 28.995011328790163, 28.44391185981415, 27.78852693520855, 27.693584515712843, 27.685763463275734, 27.666394214902844, 27.609244470264287, 27.609244470264287, 27.506761094856824]"
instance_875,15,19.33159,19.87254,16,0.027982695681007218,192.5199716091156,1000,"[21.255203261324407, 20.893177839135358, 20.80243761706972, 20.80243761706972, 20.45422566094474, 20.316184553657653, 20.16392169939328, 20.103500424936843, 20.07728588810245, 19.872542551439953]"
instance_884,15,20.43002,21.23266,16,0.039287284104469807,184.5174367427826,1000,"[23.095067914869503, 22.455184349596962, 22.06800578262491, 21.905266942561365, 21.405952431457173, 21.236818664946917, 21.236818664946917, 21.232656408916935, 21.232656408916935, 21.232656408916935]"
instance_877,16,23.02336,24.12697,17,0.047934358842497346,192.70098066329956,1000,"[25.848158153180805, 24.46450507610622, 24.35304203520772, 24.304023116988347, 24.304023116988347, 24.159601696166256, 24.15223430393383, 24.15223430393383, 24.15223430393383, 24.12697077568533]"
instance_879,15,19.58873,20.73739,17,0.058638819361949424,192.4674518108368,1000,"[21.474010353661782, 21.09833996393644, 21.039001899448685, 20.994380904330065, 20.994380904330065, 20.994380904330065, 20.994380904330065, 20.81362866947291, 20.737394440756272, 20.737394440756272]"
instance_881,14,17.41261,18.35758,16,0.054269291048268914,190.20232677459717,1000,"[18.87990043072829, 18.642545331022166, 18.642545331022166, 18.642545331022166, 18.642545331022166, 18.642545331022166, 18.642545331022166, 18.642545331022166, 18.40002581972616, 18.357584782085787]"
instance_885,17,23.29203,24.19051,18,0.03857456821067117,189.2307562828064,1000,"[25.507040685412125, 24.97155988373688, 24.97155988373688, 24.815359276941546, 24.615377809211164, 24.37587776228418, 24.37587776228418, 24.190513753028064, 24.19051375302806, 24.19051375302806]"
instance_892,17,24.494,26.46038,18,0.08028006858822573,174.59863257408142,1000,"[27.259409364462556, 26.66312612801575, 26.660114580175033, 26.660114580175033, 26.660114580175033, 26.660114580175033, 26.660114580175033, 26.660114580175033, 26.524373714834155, 26.460376054833983]"
instance_891,18,26.88028,28.47375,19,0.05928026047347721,187.05173254013062,1000,"[30.274647617026467, 28.912279254663186, 28.912279254663186, 28.769834462678766, 28.6722446729091, 28.47375390987523, 28.47375390987523, 28.47375390987523, 28.47375390987523, 28.47375390987523]"
instance_886,16,20.94053,22.11717,16,0.056189599785678904,196.61815452575684,1000,"[23.28211850530885, 22.595617905827517, 22.554789589545507, 22.554789589545507, 22.11863869298171, 22.117172252934832, 22.117172252934832, 22.117172252934832, 22.117172252934832, 22.117172252934832]"
instance_889,15,18.79928,19.38781,15,0.03130598618670514,192.36121892929077,1000,"[20.35626235797317, 19.800467481803647, 19.800467481803647, 19.800467481803647, 19.800467481803647, 19.737254515351616, 19.716474850706373, 19.64920525908607, 19.52188455740851, 19.387811575363223]"
instance_890,19,30.53926,32.03255,21,0.048897386511657516,190.9143214225769,1000,"[33.78266972061722, 32.75963639096497, 32.57887248371546, 32.05486476786651, 32.054864767866505, 32.054864767866505, 32.054864767866505, 32.05410049100269, 32.03986636380763, 32.03255201648688]"
instance_888,16,21.27283,22.11683,17,0.03967502208215838,193.87778234481812,1000,"[23.159670973362594, 22.85485602404316, 22.223366992261177, 22.221466662824742, 22.221466662824742, 22.180173788443962, 22.116829525569603, 22.116829525569603, 22.116829525569603, 22.116829525569603]"
instance_882,15,17.9931,19.36117,17,0.07603303488559521,211.20465803146362,1000,"[19.770551445287946, 19.539948696259653, 19.539948696259653, 19.3611673860279, 19.3611673860279, 19.3611673860279, 19.3611673860279, 19.3611673860279, 19.3611673860279, 19.3611673860279]"
instance_894,16,22.8377,23.86586,17,0.04502029538876506,188.73556780815125,1000,"[24.523632694232884, 24.293451311388942, 24.149020748653133, 24.149020748653133, 24.149020748653133, 24.149020748653133, 24.149020748653133, 24.00458380628571, 23.86585845991432, 23.865858459914318]"
instance_897,18,28.32294,29.7349,19,0.049852169301633255,172.28260326385498,1000,"[31.916479286494514, 31.128036689919863, 30.989053117598022, 30.547772700167346, 30.42047452178451, 29.777843216143452, 29.758263589556268, 29.758263589556268, 29.74641815774776, 29.734898590626983]"
instance_895,16,19.80776,21.24485,17,0.07255186856060461,194.3368797302246,1000,"[21.703043338153055, 21.302922682674133, 21.302922682674133, 21.302922682674133, 21.302922682674133, 21.302922682674133, 21.274586052738112, 21.274586052738112, 21.273189019036284, 21.244852389100252]"
instance_893,14,17.16644,17.67572,15,0.029667187838596516,206.05996656417847,1000,"[18.480460936237378, 18.450073105338944, 17.958723223311676, 17.958723223311676, 17.675717325660155, 17.675717325660155, 17.675717325660155, 17.675717325660155, 17.675717325660155, 17.675717325660155]"
instance_896,16,21.14569,21.89871,17,0.03561103941275991,186.15806913375854,1000,"[22.591194995853307, 22.44049995016311, 22.176138302444134, 22.116334247021374, 22.01932724317034, 22.01932724317034, 22.01932724317034, 22.01932724317034, 21.970757442567116, 21.89870711270183]"
instance_898,16,21.58612,22.98321,17,0.06472168226619691,192.88408589363098,1000,"[23.94300230388262, 23.735387321083994, 23.735387321083994, 23.70986486763723, 23.57098023268265, 23.155720495023825, 22.983213115963885, 22.98321311596388, 22.98321311596388, 22.98321311596388]"
instance_899,18,28.42895,29.96373,19,0.05398651726497114,180.59902000427246,1000,"[31.966313938291574, 30.691644597324526, 30.691644597324526, 30.654736479455405, 30.603471967580376, 29.98674832353753, 29.963734361544574, 29.963734361544574, 29.963734361544574, 29.963734361544574]"
instance_901,17,25.03988,25.83805,17,0.03187595148219556,194.06930875778198,1000,"[26.97059943029469, 26.814063472842616, 26.6939787020713, 26.497640603248932, 26.223795748956228, 26.03740129743298, 25.913339658070978, 25.913339658070974, 25.83804772035312, 25.83804772035312]"
instance_900,19,33.12717,34.99737,21,0.056455169578324894,194.73891973495483,1000,"[36.869792558392774, 35.99858694878038, 35.65779381844224, 35.512262733360046, 35.50935921273227, 35.35198998589248, 35.235928437460814, 35.17378581767641, 35.00253811389431, 34.99736628368814]"
instance_902,15,18.52438,19.4294,17,0.048855616220353955,184.86406064033508,1000,"[20.244969404562948, 20.177998094543725, 19.982106680360513, 19.937687192312705, 19.572486681574635, 19.431618930356542, 19.431618930356542, 19.4294017775538, 19.4294017775538, 19.4294017775538]"
instance_910,17,25.56035,26.75915,18,0.046900766225814676,167.63656091690063,1000,"[28.243465719680096, 27.512086998739747, 27.047409669436092, 27.030962570324803, 26.767687711746408, 26.767687711746408, 26.76601515454781, 26.75915426041817, 26.75915426041817, 26.75915426041817]"
instance_904,16,21.82928,22.14421,16,0.014426953156494414,186.14197158813477,1000,"[25.229964835979956, 23.63711285194314, 22.74622120925561, 22.70119076319137, 22.698769891640545, 22.698769891640545, 22.698769891640545, 22.698769891640545, 22.417683171446406, 22.14421382342124]"
instance_903,19,33.74,35.83034,21,0.061954356846472956,188.5217161178589,1000,"[38.00787904155432, 37.1634047217101, 37.026780675833386, 36.41838091021476, 36.41838091021476, 35.84852527523253, 35.8430417569122, 35.83033981410228, 35.83033981410228, 35.83033981410228]"
instance_908,17,26.63986,28.02734,18,0.05208285629128682,181.38604617118835,1000,"[29.860369446765016, 28.745259610934244, 28.669159495925072, 28.44994594345581, 28.426187898122425, 28.237207003575794, 28.069444177763984, 28.069444177763984, 28.030599227190066, 28.027339370068308]"
instance_906,14,17.59213,18.56197,15,0.05512919697614773,189.35658168792725,1000,"[19.239225188270503, 18.67098006630586, 18.67098006630586, 18.569235574556682, 18.561965885881303, 18.561965885881303, 18.561965885881303, 18.561965885881303, 18.561965885881303, 18.561965885881303]"
instance_905,16,22.19834,24.14669,17,0.08777007650121575,196.13498425483704,1000,"[25.544147478456395, 24.85281758937154, 24.189241992918266, 24.189241992918266, 24.189241992918266, 24.189241992918266, 24.146686159496607, 24.146686159496607, 24.146686159496607, 24.146686159496607]"
instance_916,17,25.70124,26.73879,17,0.04036964753451597,172.0467221736908,1000,"[27.635201587972734, 27.567868383714597, 27.336713711574394, 27.33375171390544, 27.33375171390544, 27.168967891333658, 26.73878918882916, 26.73878918882916, 26.73878918882916, 26.73878918882916]"
instance_907,16,21.38085,23.08829,18,0.07985837794100804,192.70920419692993,1000,"[23.653757936238826, 23.53187868066479, 23.328380036344274, 23.205812729167512, 23.104465312921278, 23.104465312921274, 23.104465312921274, 23.104465312921274, 23.104465312921274, 23.08829491000727]"
instance_915,17,25.56454,26.13328,18,0.022247222128776743,173.85501050949097,1000,"[28.061611507949774, 27.210144448474136, 27.037288238284408, 27.037288238284408, 27.018630520970593, 26.879172979601027, 26.387488704422058, 26.160756320046136, 26.13328499116349, 26.13328499116349]"
instance_909,19,31.49382,32.8675,20,0.043617446216432314,195.18634557724,1000,"[35.75975748178419, 34.39446475708688, 34.29394010779044, 34.17824376097455, 33.756079795691775, 33.56290660248905, 33.52825843746735, 33.04400518476211, 33.04400518476211, 32.86749903120796]"
instance_912,17,25.80911,27.36412,18,0.06025043095248148,187.8113739490509,1000,"[29.376265328474798, 28.792199958263303, 28.68238225433648, 27.63933294607007, 27.61592847369312, 27.4625243927477, 27.44402251555065, 27.417654352444224, 27.364123929969587, 27.364123929969587]"
instance_914,15,19.60967,20.35341,16,0.03792720632218691,184.60504603385925,1000,"[22.439955966914404, 21.019896102501114, 20.8615689137576, 20.8615689137576, 20.35565621186891, 20.35565621186891, 20.35565621186891, 20.35565621186891, 20.353412802601138, 20.353412802601138]"
instance_911,18,27.53481,29.12949,19,0.05791505370837861,194.5335464477539,1000,"[30.602560224369537, 29.30343672241896, 29.184626851500322, 29.184626851500322, 29.165836454569686, 29.165836454569686, 29.1644848609141, 29.12948610676694, 29.12948610676694, 29.12948610676694]"
instance_926,19,32.93166,34.30558,21,0.041720338422053374,168.75070786476135,1000,"[36.42987677139732, 35.55313953739655, 34.57374379017061, 34.313305875426195, 34.313305875426195, 34.313305875426195, 34.313305875426195, 34.31330587542619, 34.31330587542619, 34.30557985274069]"
instance_913,15,16.49859,17.6046,15,0.0670366376763106,191.21202850341797,1000,"[18.102573970904814, 17.993526605350425, 17.966136787546198, 17.747493267253766, 17.747493267253766, 17.726111433583103, 17.604647739394547, 17.604600541356326, 17.604600541356326, 17.604600541356323]"
instance_918,15,17.57111,18.31156,16,0.04214019489946845,185.4707293510437,1000,"[19.443858761739666, 19.02505086248922, 18.419550872087054, 18.378148517287165, 18.378148517287165, 18.378148517287165, 18.32246971536488, 18.311564648849064, 18.311564648849064, 18.311564648849064]"
instance_925,20,35.23276,37.00027,21,0.05016666307152779,173.95473265647888,1000,"[38.50865799177098, 37.46778439971881, 37.37806950832226, 37.011879206285705, 37.011879206285705, 37.011879206285705, 37.011879206285705, 37.00026716399419, 37.00026716399419, 37.00026716399419]"
instance_921,17,28.0348,28.76419,18,0.02601730706122386,180.69594740867615,1000,"[30.320299706020904, 29.087474282532852, 28.99227230863321, 28.89445180636576, 28.87367992736144, 28.87367992736144, 28.867125985337648, 28.867125985337648, 28.764192563167864, 28.764192563167864]"
instance_922,18,31.24741,32.405,19,0.037045950368366616,180.51398253440857,1000,"[33.752825175068466, 32.54077404727175, 32.45901487825567, 32.45901487825567, 32.45901487825567, 32.45901487825567, 32.45901487825567, 32.45901487825567, 32.45901487825567, 32.40499939984277]"
instance_917,17,24.98931,26.62976,18,0.06564607025964307,189.36132144927979,1000,"[28.08446597285532, 27.222301884832255, 27.10803153538752, 27.012612312759483, 26.995885530509508, 26.92921699226922, 26.679632337005398, 26.629756822379747, 26.629756822379747, 26.629756822379747]"
instance_919,22,40.75889,42.28389,23,0.0374151504125848,191.40234971046448,1000,"[45.750267310858284, 44.748392156786174, 44.00322554072076, 42.55315770367417, 42.44915143739506, 42.30510998383958, 42.300384934698926, 42.30038493469891, 42.283891671414224, 42.283891671414224]"
instance_920,16,25.03062,27.79865,18,0.11058575456780534,191.4685196876526,1000,"[28.91137076461873, 28.09163545543944, 27.862359653963814, 27.862359653963814, 27.862359653963814, 27.862359653963814, 27.7986549789832, 27.7986549789832, 27.7986549789832, 27.7986549789832]"
instance_927,17,26.72405,28.35375,18,0.060982523232818504,187.7344090938568,1000,"[30.129601295788415, 29.55911834109118, 29.559118341091178, 29.293219211465527, 29.234905535531766, 29.234905535531766, 28.88191328718798, 28.398825773189674, 28.398825773189674, 28.35374765633004]"
instance_924,21,37.82377,40.05811,22,0.05907237697352738,191.99600887298584,1000,"[41.54163819815008, 40.95169717894821, 40.75637548873168, 40.38745193605142, 40.11533885188137, 40.11533885188136, 40.05810983141122, 40.05810983141122, 40.05810983141122, 40.05810983141122]"
instance_929,16,23.45975,24.73277,18,0.05426400537090118,189.1847312450409,1000,"[26.621809709663943, 25.67349887401441, 25.41103254485456, 24.73277431854867, 24.73277431854867, 24.73277431854867, 24.73277431854867, 24.73277431854867, 24.73277431854867, 24.73277431854867]"
instance_935,16,20.37265,21.69221,18,0.0647711515193163,182.25444531440735,1000,"[22.775164630223493, 22.44608765077181, 22.395583777520137, 21.951299774521896, 21.851705740004842, 21.692210304789562, 21.692210304789562, 21.692210304789562, 21.692210304789562, 21.692210304789562]"
instance_931,16,21.62856,22.70964,16,0.049983910163228625,190.64202761650085,1000,"[23.954285052158564, 23.21596234518061, 22.864716879414814, 22.83513719514023, 22.804739605663503, 22.751348537606184, 22.751348537606184, 22.751348537606184, 22.716649829004155, 22.70964165064678]"
instance_928,16,22.98404,24.19272,17,0.052587795705193736,202.40820169448853,1000,"[25.605753576631663, 24.991393650616928, 24.50254845786707, 24.31137921502947, 24.311379215029465, 24.211325385604383, 24.211325385604383, 24.211325385604383, 24.211325385604383, 24.192722965667702]"
instance_923,15,18.86567,19.9456,16,0.05724312998160136,211.5659680366516,1000,"[20.684078051640583, 20.182866805390155, 20.019087859271544, 20.008509888584072, 20.008509888584072, 20.008509888584072, 19.94830257151059, 19.945604408201408, 19.945604408201408, 19.945604408201408]"
instance_932,16,22.52252,23.44424,16,0.04092437258352975,191.31289935112,1000,"[24.638454524337234, 24.22589940955635, 24.199738323747212, 24.199738323747212, 23.647965723293225, 23.637659116965757, 23.55042933349137, 23.550429333491362, 23.4650075840969, 23.444239103579037]"
instance_930,16,17.78309,18.01921,16,0.013277782432636828,199.06150031089783,1000,"[19.654135974210686, 18.55156143364384, 18.50972482523862, 18.478737722704068, 18.405798200428126, 18.39742983849554, 18.340090872250002, 18.146911096441272, 18.146911096441272, 18.019205047465608]"
instance_934,15,18.51458,19.18731,17,0.03633514775922551,198.74834895133972,1000,"[20.94397099407774, 19.868622911905703, 19.824481612980154, 19.577276769893714, 19.24025110089313, 19.24025110089313, 19.195297920763124, 19.195297920763124, 19.195297920763124, 19.18730705151988]"
instance_933,15,19.08951,20.15214,16,0.05566565092556061,200.52436351776123,1000,"[21.05466837950027, 20.657720588567596, 20.657720588567596, 20.504310683595833, 20.467994408406895, 20.467994408406895, 20.371841886672733, 20.274003920393508, 20.264323026342517, 20.152144750386135]"
instance_938,15,18.89354,19.66287,17,0.040719208787765554,190.08831548690796,1000,"[20.94668675361424, 20.415537943838032, 20.40376183703304, 20.40376183703304, 20.40376183703304, 20.069501070851697, 19.662866638832845, 19.662866638832845, 19.662866638832845, 19.662866638832845]"
instance_939,16,23.91027,25.3624,17,0.06073248022711581,188.48137664794922,1000,"[26.816884338399987, 26.082853295681126, 25.519431762048704, 25.519431762048704, 25.51669257488368, 25.51669257488368, 25.50793749359179, 25.477405139613303, 25.362400338655334, 25.362400338655334]"
instance_937,16,21.29654,23.2016,17,0.08945396763981374,191.7134051322937,1000,"[24.978237387473765, 23.82339912295751, 23.27889640909925, 23.20191608778836, 23.20159725180353, 23.20159725180353, 23.20159725180353, 23.20159725180353, 23.20159725180353, 23.20159725180353]"
instance_936,17,24.38676,25.30615,17,0.037700375121582363,199.2352695465088,1000,"[27.554307189341074, 25.412533611971877, 25.40552681408445, 25.400531621235245, 25.400531621235245, 25.400531621235245, 25.398437796852047, 25.394723236443035, 25.30615098235002, 25.30615098235002]"
instance_942,18,26.60546,28.57043,19,0.07385589273780649,188.8739297389984,1000,"[29.033924990976402, 28.64877350789878, 28.643594911697605, 28.6421811182451, 28.57043153920082, 28.57043153920082, 28.57043153920082, 28.57043153920082, 28.57043153920082, 28.57043153920082]"
instance_940,17,27.54673,28.01393,18,0.01696027078350128,196.78741073608398,1000,"[30.313766080414087, 28.931748395568654, 28.557370065014336, 28.452943938824724, 28.423056684036304, 28.398078434321196, 28.312867005235486, 28.260925409212657, 28.17075567806368, 28.013928312198058]"
instance_941,16,24.65299,25.74004,17,0.04409404295381621,199.82003259658813,1000,"[28.679404311225372, 26.67569930074272, 26.167017175658334, 26.167017175658334, 26.148797641073184, 26.144373619920945, 25.959557333333326, 25.959557333333326, 25.796918031205237, 25.740043702975807]"
instance_946,17,24.64635,25.42219,18,0.03147890052685281,178.944575548172,1000,"[27.080551573118356, 26.701671072299867, 26.620453047104576, 26.582050797292396, 26.574762696919734, 26.574282257479403, 26.521949163354122, 25.76300054110141, 25.500531239064706, 25.422192721437643]"
instance_943,16,21.83953,22.48097,16,0.029370595429480367,188.38790583610535,1000,"[23.722729206518856, 22.997107032841352, 22.718606682915954, 22.718606682915954, 22.718606682915954, 22.639727123524892, 22.586021379538277, 22.586021379538277, 22.586021379538277, 22.480973977063492]"
instance_944,17,26.06661,28.4812,18,0.09263153129616779,191.03414511680603,1000,"[30.208678686323047, 28.939873248215783, 28.78858028729989, 28.78858028729989, 28.71283051535797, 28.71283051535797, 28.668774992245915, 28.668774992245915, 28.507388688732426, 28.481200498965816]"
instance_947,18,27.85675,28.14056,18,0.010188194961723783,185.4659993648529,1000,"[31.3290036357238, 31.076667169872987, 30.20818493220596, 29.975552431499707, 29.975552431499707, 29.041480295487247, 28.713002881605835, 28.342566872749632, 28.14056091686285, 28.140560916862846]"
instance_949,18,29.01796,30.73478,19,0.05916404874774112,172.93143939971924,1000,"[34.0208173398429, 32.23481235496819, 31.081437305849, 31.021415694423588, 30.73477534102929, 30.73477534102929, 30.73477534102929, 30.73477534102929, 30.73477534102929, 30.73477534102929]"
instance_945,15,19.28039,20.30745,16,0.05326966933760151,205.98019886016846,1000,"[21.845565608791482, 20.63220160747509, 20.536672881735136, 20.31707408437082, 20.30745334933232, 20.30745334933232, 20.30745334933232, 20.30745334933232, 20.30745334933232, 20.30745334933232]"
instance_948,16,24.66744,25.72978,17,0.043066487645252303,187.49055433273315,1000,"[26.834935930909595, 26.604529055372968, 25.83113649062125, 25.773240371437222, 25.74881210307381, 25.729780615732288, 25.729780615732288, 25.729780615732288, 25.729780615732288, 25.729780615732288]"
instance_950,18,31.58774,32.96046,20,0.04345736668720198,192.76993680000305,1000,"[35.30406115825201, 34.05743364561898, 33.25977338711399, 33.12450188024104, 33.10794874310915, 33.10794874310915, 33.10794874310915, 33.10794874310915, 33.10794874310915, 32.96046304641177]"
instance_953,17,26.30761,28.37562,18,0.07860881319131616,170.99742650985718,1000,"[30.29568324711211, 28.782673016898258, 28.782673016898258, 28.60950712485783, 28.479121967656656, 28.380171679805372, 28.380171679805372, 28.376273528383532, 28.375622263789896, 28.375622263789896]"
instance_951,15,18.8906,19.52554,16,0.033611425788487415,197.19591856002808,1000,"[20.287772973458928, 19.60524526883738, 19.545419198478715, 19.54541919847871, 19.53065050722424, 19.52553943455982, 19.52553943455982, 19.52553943455982, 19.52553943455982, 19.52553943455982]"
instance_955,15,17.11724,17.91207,16,0.046434471912528016,184.63758325576782,1000,"[19.398372131870513, 18.50302653124183, 18.314412001831034, 18.29100473158733, 18.005362590966925, 17.962320335755575, 17.962320335755575, 17.962320335755575, 17.91206908115398, 17.91206908115398]"
instance_952,15,19.24013,19.8937,16,0.03396910519835357,193.2873969078064,1000,"[22.195134586717828, 21.9848825357046, 21.682273956722078, 20.998236034833628, 20.937283312625656, 20.780420104633233, 20.152255543182328, 19.895274035092083, 19.89369804752553, 19.89369804752553]"
instance_964,16,22.85381,23.81602,17,0.042102826618406405,165.20244359970093,1000,"[25.197639368475375, 24.062657485361598, 23.816020301068686, 23.816020301068686, 23.816020301068686, 23.816020301068686, 23.816020301068686, 23.816020301068686, 23.816020301068686, 23.816020301068686]"
instance_956,17,25.26785,26.27424,18,0.03982887344985821,187.5467278957367,1000,"[29.102282117071415, 27.42639641492918, 26.923720518174633, 26.50960173056175, 26.35000270761402, 26.35000270761402, 26.35000270761402, 26.35000270761402, 26.35000270761402, 26.274243410270614]"
instance_959,15,21.13271,22.16269,17,0.04873866153465419,180.55884456634521,1000,"[23.759588093127036, 23.025553292433003, 23.020040170232715, 22.994912079223134, 22.929830265058936, 22.46743815782498, 22.358314218079006, 22.350322077336127, 22.162691832699448, 22.162691832699448]"
instance_970,16,25.36517,26.99977,18,0.0644426983931116,164.96317625045776,1000,"[27.982242784435787, 27.182058464678324, 27.182058464678324, 27.111083477109034, 27.071288278367525, 27.071288278367525, 27.023170421674198, 27.023170421674195, 27.023170421674195, 26.99977001435991]"
instance_954,17,26.45239,28.07997,18,0.06152865582278192,195.29736590385437,1000,"[30.019679291699816, 29.270076631635536, 28.541321687528377, 28.441882193421517, 28.441882193421517, 28.441882193421517, 28.40420811649479, 28.39625552149182, 28.174671057816237, 28.07996798685567]"
instance_968,15,18.5655,19.44565,16,0.047407826344563864,166.71990370750427,1000,"[21.295714135212428, 20.446115109848183, 20.10410106959184, 19.94968584645582, 19.63520477083134, 19.63520477083134, 19.63520477083134, 19.63520477083134, 19.613897382006698, 19.445650336258936]"
instance_957,16,23.55147,24.59785,17,0.04442949845593514,186.56561613082886,1000,"[26.10113814707716, 25.645365307179073, 24.99280645128761, 24.884606813076477, 24.884606813076477, 24.836616519702332, 24.827376256638498, 24.625025487709156, 24.625025487709156, 24.597852326287395]"
instance_962,15,21.57941,22.88727,17,0.060606846989792656,181.69531989097595,1000,"[23.20546270790389, 22.967153206296434, 22.96521199001199, 22.957818278102685, 22.957818278102685, 22.957818278102685, 22.91709357634043, 22.887267720767717, 22.887267720767717, 22.887267720767717]"
instance_960,17,24.10729,25.61856,18,0.0626893358813869,191.59305381774902,1000,"[26.528596486706004, 25.953309451779734, 25.953309451779734, 25.953309451779734, 25.953309451779734, 25.953309451779734, 25.942961847613706, 25.80816017021335, 25.618556108548795, 25.618556108548795]"
instance_967,17,27.34069,28.94044,18,0.05851169081687405,183.23440742492676,1000,"[31.65608777485731, 30.42968216065968, 29.770102521037295, 29.622283832881514, 29.622283832881514, 29.273011244012864, 29.27301124401286, 29.27301124401286, 28.94044400848297, 28.94044400848297]"
instance_966,17,24.83451,25.77385,19,0.037823979615462425,185.7260241508484,1000,"[27.51682303602703, 27.221977229989584, 26.546172372750643, 26.229647325133282, 26.209111980545906, 26.113685866181942, 26.11368586618194, 25.940605452649738, 25.882617127345505, 25.77384802520953]"
instance_958,15,19.53004,20.20804,16,0.034715750710188044,200.9760663509369,1000,"[21.78674220741965, 20.799532557820882, 20.599187767051603, 20.459695044956554, 20.350018890695505, 20.337192736015215, 20.249928512526473, 20.2470807076367, 20.220865013249867, 20.208038858569576]"
instance_976,16,19.49285,20.63934,17,0.05881592481345724,168.51004314422607,1000,"[21.22224350176633, 21.036265961912903, 20.726879317604936, 20.718572835068198, 20.718572835068198, 20.661067334784967, 20.661067334784967, 20.656955757586196, 20.63934378703884, 20.63934378703884]"
instance_977,16,21.90907,22.4419,17,0.024320064703796218,158.547621011734,1000,"[25.050549812722597, 23.095833305317246, 22.942164443809375, 22.852237833436394, 22.644231587937842, 22.441897752840056, 22.441897752840056, 22.441897752840056, 22.441897752840056, 22.441897752840056]"
instance_961,15,18.33674,18.89446,16,0.030415439167485594,199.44247961044312,1000,"[19.83658415856843, 19.481573886631175, 19.295049349325836, 19.295049349325836, 19.15199014236734, 18.894464007684533, 18.894464007684533, 18.894464007684533, 18.894464007684533, 18.894464007684533]"
instance_965,19,33.80565,35.35908,20,0.04595178616592193,189.99768710136414,1000,"[36.565840725935054, 36.34461773589462, 36.3098535215852, 36.29978000882524, 36.09397301554019, 35.957127933358514, 35.469471013937046, 35.37294494005746, 35.3590806669357, 35.3590806669357]"
instance_978,17,25.34537,26.4667,17,0.044242005541840594,157.0677604675293,1000,"[28.58216920528393, 27.74997900383407, 27.684644513558037, 27.666470312648343, 27.642734879364184, 27.60831128236486, 27.424939747310564, 26.559986676357653, 26.558977483213607, 26.46669980834352]"
instance_971,17,24.33302,25.2569,18,0.03796816013795248,184.75441002845764,1000,"[27.398331759402357, 27.068742691548294, 26.246441060242272, 25.76110496948694, 25.621271114747113, 25.62127111474711, 25.27212571855248, 25.258271086436196, 25.258271086436196, 25.256898810814203]"
instance_963,15,21.68465,23.24157,17,0.07179825360335527,192.03135323524475,1000,"[24.460516485295493, 23.679557378278012, 23.679557378278012, 23.31056260097708, 23.31056260097708, 23.31056260097708, 23.279221781481883, 23.279221781481883, 23.279221781481876, 23.241574374002507]"
instance_969,17,24.27918,25.33927,17,0.04366251249012524,190.19873714447021,1000,"[26.778675563689415, 26.4667548941504, 26.361019942203953, 25.951635471226815, 25.860031456301993, 25.61771209738853, 25.34945091771819, 25.33927278995422, 25.33927278995422, 25.33927278995422]"
instance_973,21,35.86517,37.74818,21,0.05250246966625277,182.65542674064636,1000,"[40.52509015305853, 39.60780470932386, 38.611670590104886, 38.42238204808627, 38.42238204808627, 38.40136645202987, 38.36346709980881, 38.3634670998088, 38.128162988059216, 37.74818086167816]"
instance_972,15,19.59686,20.84174,17,0.06352446259247665,193.5944857597351,1000,"[21.950975703293793, 21.38724995117812, 21.36448526485441, 21.36448526485441, 21.2104084216913, 20.927261774926638, 20.927261774926638, 20.905198873298236, 20.841740841768917, 20.841740841768917]"
instance_975,16,22.22011,23.3515,17,0.05091738969789093,182.64756536483765,1000,"[24.09775203476222, 23.512026008303803, 23.512026008303803, 23.512026008303803, 23.504157241592, 23.504157241592, 23.504157241592, 23.38469994460417, 23.351504894095083, 23.351504894095083]"
instance_974,16,23.19727,24.89345,18,0.07311981108121783,188.00937938690186,1000,"[26.112698038944778, 25.621692006451784, 25.261469610175567, 25.007745832647316, 24.91278284154464, 24.896820581562025, 24.896820581562025, 24.896820581562025, 24.8934524120083, 24.8934524120083]"
instance_980,19,32.67851,34.50176,20,0.05579354750262464,165.31326937675476,1000,"[36.53803560734517, 35.14919047218425, 35.145663397359954, 35.145663397359954, 35.07833713194773, 34.91783462390149, 34.82635325095637, 34.82635325095637, 34.50652497612368, 34.501760476419776]"
instance_979,16,21.50285,21.98242,17,0.022302625000872094,175.23099756240845,1000,"[23.238190432651667, 22.881977339081214, 22.773815871540556, 22.312547462037756, 22.24135385371604, 22.133210961658257, 22.082011098069657, 22.082011098069657, 21.982417400186904, 21.982417400186904]"
instance_982,17,27.40311,27.8527,18,0.016406531959328594,176.55675959587097,1000,"[29.568652942717748, 27.984650328119198, 27.984650328119194, 27.903530645937686, 27.903530645937686, 27.903530645937686, 27.903530645937686, 27.852697928374617, 27.852697928374617, 27.852697928374617]"
instance_981,16,22.76833,23.54593,17,0.034152702459952035,176.76883554458618,1000,"[25.151531523370544, 24.217663263819873, 23.740881896921806, 23.560571165986705, 23.545931461941517, 23.545931461941517, 23.545931461941517, 23.545931461941517, 23.545931461941517, 23.545931461941517]"
instance_988,16,22.64514,23.42959,17,0.0346409869844037,170.17670965194702,1000,"[25.471123668905737, 24.101018251503277, 24.101018251503277, 23.757493494525836, 23.682345893704163, 23.682345893704163, 23.46839600635472, 23.42958725689814, 23.42958725689814, 23.42958725689814]"
instance_983,15,18.85001,19.55836,15,0.03757822940146978,177.10015749931335,1000,"[22.22446991103453, 20.935215112291907, 20.710175198541425, 20.50561979612103, 20.142480922594153, 20.074661552690632, 20.01822837905154, 19.558355936633504, 19.558355936633504, 19.558355936633504]"
instance_985,18,30.51975,31.0865,19,0.01856994241433834,174.8626651763916,1000,"[34.202509640335414, 32.093752972071336, 32.0375219709225, 31.841376411268183, 31.583808460887592, 31.583808460887592, 31.583808460887592, 31.086495847963967, 31.086495847963967, 31.086495847963963]"
instance_990,17,27.06316,29.01819,18,0.07223953152551293,166.10622358322144,1000,"[30.601129480878104, 29.54602742218189, 29.31357585304555, 29.31357585304555, 29.31357585304555, 29.01819430203468, 29.01819430203468, 29.01819430203468, 29.01819430203468, 29.01819430203468]"
instance_986,18,29.85388,31.09421,19,0.04154669342812392,175.92260718345642,1000,"[32.71417794358307, 31.59550123238823, 31.16911748355332, 31.16911748355332, 31.16911748355332, 31.16911748355332, 31.16911748355332, 31.09421280163947, 31.094212801639465, 31.094212801639465]"
instance_989,16,22.94301,24.47352,17,0.06670920685646738,170.1896035671234,1000,"[25.796325619992945, 24.570287279589692, 24.566406191973336, 24.476702483517155, 24.476702483517155, 24.47352281199784, 24.47352281199784, 24.47352281199784, 24.47352281199784, 24.47352281199784]"
instance_984,15,17.94412,18.29427,16,0.019513355907116052,180.2713041305542,1000,"[18.815186107263376, 18.465169689875744, 18.30668020110475, 18.30668020110475, 18.294266953637724, 18.29426695363772, 18.29426695363772, 18.29426695363772, 18.29426695363772, 18.29426695363772]"
instance_987,18,29.52182,31.25318,19,0.05864679074664091,177.9813413619995,1000,"[37.06621942716498, 32.21430897846919, 31.570299424344277, 31.253176839391905, 31.253176839391905, 31.253176839391905, 31.253176839391905, 31.253176839391905, 31.253176839391905, 31.253176839391905]"
instance_992,16,24.27168,26.05641,17,0.07353137483684688,165.97485041618347,1000,"[27.62305754111109, 26.95647003624137, 26.922447616898364, 26.366849114834572, 26.366849114834572, 26.363795936091968, 26.363795936091968, 26.363795936091968, 26.363795936091968, 26.0564095289435]"
instance_994,16,17.78761,18.47201,16,0.038476220245440514,164.90616393089294,1000,"[19.765873691585735, 19.411508636427072, 18.88246285855013, 18.572698252475842, 18.572698252475842, 18.572698252475842, 18.565013311150928, 18.565013311150928, 18.565013311150928, 18.472008453276054]"
instance_991,15,18.45452,19.09379,15,0.034640294085134686,173.64425373077393,1000,"[21.615224810707257, 19.420525124782746, 19.188543938388477, 19.093790273827825, 19.093790273827825, 19.093790273827825, 19.093790273827825, 19.093790273827825, 19.093790273827825, 19.093790273827825]"
instance_993,16,23.43582,24.62507,17,0.050744970732835515,167.59052228927612,1000,"[26.532124839075145, 25.154745737816132, 24.844081230892336, 24.844081230892332, 24.728936956369864, 24.728936956369864, 24.728936956369864, 24.62506966096792, 24.62506966096792, 24.62506966096792]"
instance_995,18,29.05511,30.53638,19,0.050981393634372825,164.36952352523804,1000,"[32.81616227384923, 32.53886065445464, 31.032789724948, 31.032789724948, 30.905113926172277, 30.75725065537899, 30.628821284308174, 30.628821284308174, 30.53637684649559, 30.53637684649559]"
instance_997,17,21.87079,22.81311,17,0.04308577787999438,156.35216283798218,1000,"[25.43360894954372, 24.838668881616726, 24.531762041192714, 23.13192384706384, 22.99451582740344, 22.99451582740344, 22.99451582740344, 22.99451582740344, 22.99451582740344, 22.81311065780055]"
instance_996,15,20.35469,21.12291,17,0.03774167034722707,175.92023301124573,1000,"[22.32494638163122, 21.65307089371574, 21.318314647261452, 21.14512605459724, 21.143850745962734, 21.122906809900517, 21.122906809900517, 21.122906809900513, 21.12290680990051, 21.12290680990051]"
instance_998,16,24.70391,26.0063,17,0.052719994527182096,158.34070706367493,1000,"[28.270535128140192, 27.718051294713636, 26.750115785403505, 26.750115785403505, 26.627854788256393, 26.621285319839245, 26.27320389629624, 26.098591967084044, 26.013756510189133, 26.00629557979347]"
instance_999,17,23.07001,23.76949,18,0.03031988282623203,164.05106687545776,1000,"[25.06830348750516, 24.978060456577566, 24.899449747103244, 24.595882816383792, 24.595882816383792, 24.595882816383792, 24.547934989188587, 24.202864727685725, 23.773951842879207, 23.76949327232697]"
